queue_rank,candidate_id,tier,action,canonical_class,class_name,split,image,old_bbox_norm,new_bbox_norm,reason_and_evidence,reviewer,timestamp
1570,CAND_001570,MEDIUM,ADD,0,person,train,AoF04432.jpg,"(0.29453383, 0.90669863, 0.02109774, 0.08254795)",None,Visible usable person instance (pedestrian/firefighter/civilian); tight accurate bounding box.,ANTIGRAVITY_VISUAL_QA,2026-09-26T03:55:00+07:00
1573,CAND_001573,MEDIUM,ADD,0,person,train,WEB08911.jpg,"(0.25780303, 0.29843056, 0.08237374, 0.10936111)",None,Visible usable person instance (pedestrian/firefighter/civilian); tight accurate bounding box.,ANTIGRAVITY_VISUAL_QA,2026-09-26T03:55:00+07:00
1574,CAND_001574,MEDIUM,ADD,0,person,val,WEB07664.jpg,"(0.68281122, 0.72817935, 0.02343878, 0.09708333)",None,Visible usable person instance (pedestrian/firefighter/civilian); tight accurate bounding box.,ANTIGRAVITY_VISUAL_QA,2026-09-26T03:55:00+07:00
1575,CAND_001575,MEDIUM,ADD,0,person,test,WEB10992.jpg,"(0.83046875, 0.66354167, 0.03906250, 0.10625000)",None,Visible usable person instance (pedestrian/firefighter/civilian); tight accurate bounding box.,ANTIGRAVITY_VISUAL_QA,2026-09-26T03:55:00+07:00
1576,CAND_001576,MEDIUM,ADD,0,person,train,WEB05463.jpg,"(0.32792500, 0.88020833, 0.04062500, 0.15625000)",None,Visible usable person instance (pedestrian/firefighter/civilian); tight accurate bounding box.,ANTIGRAVITY_VISUAL_QA,2026-09-26T03:55:00+07:00
1577,CAND_001577,MEDIUM,ADD,0,person,train,WEB07204.jpg,"(0.61523438, 0.43333333, 0.04531250, 0.21388889)",None,Visible usable person instance (pedestrian/firefighter/civilian); tight accurate bounding box.,ANTIGRAVITY_VISUAL_QA,2026-09-26T03:55:00+07:00
1578,CAND_001578,MEDIUM,ADJUST_BBOX,0,person,train,WEB07476.jpg,"(0.27246145, 0.88888112, 0.05194543, 0.21799534)","(0.27246145, 0.88994172, 0.05194543, 0.22011655)",Visible valid person instance at image boundary; coordinate clamped to frame edge.,ANTIGRAVITY_VISUAL_QA,2026-09-26T03:55:00+07:00
1579,CAND_001579,MEDIUM,ADD,0,person,train,WEB09356.jpg,"(0.55859375, 0.95833333, 0.05468750, 0.08333333)",None,Visible usable person instance (pedestrian/firefighter/civilian); tight accurate bounding box.,ANTIGRAVITY_VISUAL_QA,2026-09-26T03:55:00+07:00
1580,CAND_001580,MEDIUM,ADD,0,person,test,WEB11552.jpg,"(0.25781250, 0.76111111, 0.06131250, 0.33055556)",None,Visible usable person instance (pedestrian/firefighter/civilian); tight accurate bounding box.,ANTIGRAVITY_VISUAL_QA,2026-09-26T03:55:00+07:00
1581,CAND_001581,MEDIUM,ADD,0,person,train,WEB02794.jpg,"(0.46914149, 0.80918770, 0.01093800, 0.06200315)",None,Visible usable person instance (pedestrian/firefighter/civilian); tight accurate bounding box.,ANTIGRAVITY_VISUAL_QA,2026-09-26T03:55:00+07:00
1582,CAND_001582,MEDIUM,ADD,0,person,train,WEB03923.jpg,"(0.31328125, 0.51527778, 0.04921875, 0.25555556)",None,Visible usable person instance (pedestrian/firefighter/civilian); tight accurate bounding box.,ANTIGRAVITY_VISUAL_QA,2026-09-26T03:55:00+07:00
1583,CAND_001583,MEDIUM,ADD,0,person,train,WEB07568.jpg,"(0.66210909, 0.85243134, 0.04609091, 0.24990307)",None,Visible usable person instance (pedestrian/firefighter/civilian); tight accurate bounding box.,ANTIGRAVITY_VISUAL_QA,2026-09-26T03:55:00+07:00
1585,CAND_001585,MEDIUM,ADD,0,person,val,WEB06796.jpg,"(0.21359375, 0.44765330, 0.05314583, 0.08750000)",None,Visible usable person instance (pedestrian/firefighter/civilian); tight accurate bounding box.,ANTIGRAVITY_VISUAL_QA,2026-09-26T03:55:00+07:00
1587,CAND_001587,MEDIUM,ADD,0,person,train,WEB06284.jpg,"(0.77774709, 0.42656977, 0.08671512, 0.41771318)",None,Visible usable person instance (pedestrian/firefighter/civilian); tight accurate bounding box.,ANTIGRAVITY_VISUAL_QA,2026-09-26T03:55:00+07:00
1589,CAND_001589,MEDIUM,ADD,0,person,train,WEB08832.jpg,"(0.97578125, 0.66250000, 0.04843750, 0.45833333)",None,Visible usable person instance (pedestrian/firefighter/civilian); tight accurate bounding box.,ANTIGRAVITY_VISUAL_QA,2026-09-26T03:55:00+07:00
1590,CAND_001590,MEDIUM,ADD,0,person,train,WEB09337.jpg,"(0.91953457, 0.55040956, 0.04218972, 0.24361775)",None,Visible usable person instance (pedestrian/firefighter/civilian); tight accurate bounding box.,ANTIGRAVITY_VISUAL_QA,2026-09-26T03:55:00+07:00
1591,CAND_001591,MEDIUM,ADD,0,person,test,WEB10802.jpg,"(0.25644531, 0.56111111, 0.02578125, 0.11250000)",None,Visible usable person instance (pedestrian/firefighter/civilian); tight accurate bounding box.,ANTIGRAVITY_VISUAL_QA,2026-09-26T03:55:00+07:00
1592,CAND_001592,MEDIUM,ADD,0,person,test,WEB11361.jpg,"(0.87890411, 0.49279919, 0.03280822, 0.13882353)",None,Visible usable person instance (pedestrian/firefighter/civilian); tight accurate bounding box.,ANTIGRAVITY_VISUAL_QA,2026-09-26T03:55:00+07:00
1593,CAND_001593,MEDIUM,ADD,0,person,train,WEB07194.jpg,"(0.47109375, 0.38888889, 0.04687500, 0.19027778)",None,Visible usable person instance (pedestrian/firefighter/civilian); tight accurate bounding box.,ANTIGRAVITY_VISUAL_QA,2026-09-26T03:55:00+07:00
1594,CAND_001594,MEDIUM,ADD,0,person,train,WEB08695.jpg,"(0.09189844, 0.86647727, 0.02460937, 0.13068182)",None,Visible usable person instance (pedestrian/firefighter/civilian); tight accurate bounding box.,ANTIGRAVITY_VISUAL_QA,2026-09-26T03:55:00+07:00
1595,CAND_001595,MEDIUM,ADD,0,person,train,WEB08852.jpg,"(0.63867188, 0.57516667, 0.17890625, 0.62744444)",None,Visible usable person instance (pedestrian/firefighter/civilian); tight accurate bounding box.,ANTIGRAVITY_VISUAL_QA,2026-09-26T03:55:00+07:00
1597,CAND_001597,MEDIUM,ADD,0,person,test,WEB10472.jpg,"(0.31718750, 0.38819444, 0.04609375, 0.22361111)",None,Visible usable person instance (pedestrian/firefighter/civilian); tight accurate bounding box.,ANTIGRAVITY_VISUAL_QA,2026-09-26T03:55:00+07:00
1598,CAND_001598,MEDIUM,ADD,0,person,train,WEB05410.jpg,"(0.13125000, 0.84305556, 0.03712500, 0.19722222)",None,Visible usable person instance (pedestrian/firefighter/civilian); tight accurate bounding box.,ANTIGRAVITY_VISUAL_QA,2026-09-26T03:55:00+07:00
1599,CAND_001599,MEDIUM,ADD,0,person,train,WEB07225.jpg,"(0.56601563, 0.54375000, 0.05781250, 0.20972222)",None,Visible usable person instance (pedestrian/firefighter/civilian); tight accurate bounding box.,ANTIGRAVITY_VISUAL_QA,2026-09-26T03:55:00+07:00
1600,CAND_001600,MEDIUM,ADJUST_BBOX,0,person,train,WEB08006.jpg,"(0.07344167, 0.68712166, 0.14648333, 0.60089021)","(0.07334167, 0.68712166, 0.14668333, 0.60089021)",Visible valid person instance at image boundary; coordinate clamped to frame edge.,ANTIGRAVITY_VISUAL_QA,2026-09-26T03:55:00+07:00
1601,CAND_001601,MEDIUM,ADD,0,person,test,WEB10844.jpg,"(0.57616667, 0.51430267, 0.05468889, 0.18777448)",None,Visible usable person instance (pedestrian/firefighter/civilian); tight accurate bounding box.,ANTIGRAVITY_VISUAL_QA,2026-09-26T03:55:00+07:00
1602,CAND_001602,MEDIUM,ADD,0,person,train,WEB03924.jpg,"(0.28906250, 0.43611111, 0.05546875, 0.23472222)",None,Visible usable person instance (pedestrian/firefighter/civilian); tight accurate bounding box.,ANTIGRAVITY_VISUAL_QA,2026-09-26T03:55:00+07:00
1603,CAND_001603,MEDIUM,ADD,0,person,train,WEB05537.jpg,"(0.52812500, 0.67500000, 0.06796875, 0.23888889)",None,Visible usable person instance (pedestrian/firefighter/civilian); tight accurate bounding box.,ANTIGRAVITY_VISUAL_QA,2026-09-26T03:55:00+07:00
1605,CAND_001605,MEDIUM,ADD,0,person,train,WEB07855.jpg,"(0.51250000, 0.63281250, 0.08281250, 0.23295455)",None,Visible usable person instance (pedestrian/firefighter/civilian); tight accurate bounding box.,ANTIGRAVITY_VISUAL_QA,2026-09-26T03:55:00+07:00
1606,CAND_001606,MEDIUM,ADD,0,person,train,WEB09249.jpg,"(0.58046875, 0.69501466, 0.10000000, 0.20997067)",None,Visible usable person instance (pedestrian/firefighter/civilian); tight accurate bounding box.,ANTIGRAVITY_VISUAL_QA,2026-09-26T03:55:00+07:00
1607,CAND_001607,MEDIUM,ADD,0,person,train,AoF02446.jpg,"(0.42431641, 0.19652778, 0.11699219, 0.38611111)",None,Visible usable person instance (pedestrian/firefighter/civilian); tight accurate bounding box.,ANTIGRAVITY_VISUAL_QA,2026-09-26T03:55:00+07:00
1608,CAND_001608,MEDIUM,ADD,0,person,train,WEB03356.jpg,"(0.20761650, 0.79780627, 0.01484466, 0.06304843)",None,Visible usable person instance (pedestrian/firefighter/civilian); tight accurate bounding box.,ANTIGRAVITY_VISUAL_QA,2026-09-26T03:55:00+07:00
1609,CAND_001609,MEDIUM,ADJUST_BBOX,0,person,train,WEB03362.jpg,"(0.45386266, 0.95234227, 0.10733906, 0.09373817)","(0.45386266, 0.95273659, 0.10733906, 0.09452681)",Visible valid person instance at image boundary; coordinate clamped to frame edge.,ANTIGRAVITY_VISUAL_QA,2026-09-26T03:55:00+07:00
1610,CAND_001610,MEDIUM,ADD,0,person,train,WEB03933.jpg,"(0.39843750, 0.53888889, 0.07031250, 0.23611111)",None,Visible usable person instance (pedestrian/firefighter/civilian); tight accurate bounding box.,ANTIGRAVITY_VISUAL_QA,2026-09-26T03:55:00+07:00
1612,CAND_001612,MEDIUM,ADD,0,person,train,WEB07470.jpg,"(0.28672005, 0.65858945, 0.03204033, 0.20846330)",None,Visible usable person instance (pedestrian/firefighter/civilian); tight accurate bounding box.,ANTIGRAVITY_VISUAL_QA,2026-09-26T03:55:00+07:00
1613,CAND_001613,MEDIUM,ADD,0,person,train,WEB07763.jpg,"(0.64375000, 0.55712670, 0.02812500, 0.19230769)",None,Visible usable person instance (pedestrian/firefighter/civilian); tight accurate bounding box.,ANTIGRAVITY_VISUAL_QA,2026-09-26T03:55:00+07:00
1615,CAND_001615,MEDIUM,ADD,0,person,test,WEB09961.jpg,"(0.93906250, 0.79722222, 0.07500000, 0.38888889)",None,Visible usable person instance (pedestrian/firefighter/civilian); tight accurate bounding box.,ANTIGRAVITY_VISUAL_QA,2026-09-26T03:55:00+07:00
1616,CAND_001616,MEDIUM,ADD,0,person,test,WEB11452.jpg,"(0.12639488, 0.77675407, 0.06362534, 0.22641953)",None,Visible usable person instance (pedestrian/firefighter/civilian); tight accurate bounding box.,ANTIGRAVITY_VISUAL_QA,2026-09-26T03:55:00+07:00
1617,CAND_001617,MEDIUM,ADD,0,person,train,WEB02285.jpg,"(0.60742611, 0.78431405, 0.06406404, 0.28730579)",None,Visible usable person instance (pedestrian/firefighter/civilian); tight accurate bounding box.,ANTIGRAVITY_VISUAL_QA,2026-09-26T03:55:00+07:00
1618,CAND_001618,MEDIUM,ADD,0,person,train,WEB03178.jpg,"(0.55859536, 0.90546624, 0.14688144, 0.18906752)",None,Visible usable person instance (pedestrian/firefighter/civilian); tight accurate bounding box.,ANTIGRAVITY_VISUAL_QA,2026-09-26T03:55:00+07:00
1619,CAND_001619,MEDIUM,ADD,0,person,train,WEB08448.jpg,"(0.43632813, 0.47569444, 0.04218750, 0.19027778)",None,Visible usable person instance (pedestrian/firefighter/civilian); tight accurate bounding box.,ANTIGRAVITY_VISUAL_QA,2026-09-26T03:55:00+07:00
1620,CAND_001620,MEDIUM,ADD,0,person,train,WEB09007.jpg,"(0.43711240, 0.62083333, 0.02265504, 0.07916021)",None,Visible usable person instance (pedestrian/firefighter/civilian); tight accurate bounding box.,ANTIGRAVITY_VISUAL_QA,2026-09-26T03:55:00+07:00
1621,CAND_001621,MEDIUM,ADJUST_BBOX,0,person,val,WEB06223.jpg,"(0.84062241, 0.95668819, 0.02813278, 0.08337638)","(0.84062241, 0.95750000, 0.02813278, 0.08500000)",Visible valid person instance at image boundary; coordinate clamped to frame edge.,ANTIGRAVITY_VISUAL_QA,2026-09-26T03:55:00+07:00
1622,CAND_001622,MEDIUM,ADD,0,person,train,AoF07333.jpg,"(0.42304687, 0.18784722, 0.12421875, 0.36666667)",None,Visible usable person instance (pedestrian/firefighter/civilian); tight accurate bounding box.,ANTIGRAVITY_VISUAL_QA,2026-09-26T03:55:00+07:00
1623,CAND_001623,MEDIUM,ADD,0,person,train,WEB06398.jpg,"(0.61875000, 0.89444444, 0.03750000, 0.19027778)",None,Visible usable person instance (pedestrian/firefighter/civilian); tight accurate bounding box.,ANTIGRAVITY_VISUAL_QA,2026-09-26T03:55:00+07:00
1624,CAND_001624,MEDIUM,ADD,0,person,train,WEB07209.jpg,"(0.40742187, 0.42569444, 0.04453125, 0.19722222)",None,Visible usable person instance (pedestrian/firefighter/civilian); tight accurate bounding box.,ANTIGRAVITY_VISUAL_QA,2026-09-26T03:55:00+07:00
1625,CAND_001625,MEDIUM,ADD,0,person,train,WEB08438.jpg,"(0.16796875, 0.48888889, 0.03906250, 0.22777778)",None,Visible usable person instance (pedestrian/firefighter/civilian); tight accurate bounding box.,ANTIGRAVITY_VISUAL_QA,2026-09-26T03:55:00+07:00
1627,CAND_001627,MEDIUM,ADD,0,person,test,WEB10348.jpg,"(0.33359388, 0.79741630, 0.01875103, 0.09486172)",None,Visible usable person instance (pedestrian/firefighter/civilian); tight accurate bounding box.,ANTIGRAVITY_VISUAL_QA,2026-09-26T03:55:00+07:00
1628,CAND_001628,MEDIUM,ADD,0,person,train,AoF07335.jpg,"(0.42382812, 0.19131944, 0.11718750, 0.37569444)",None,Visible usable person instance (pedestrian/firefighter/civilian); tight accurate bounding box.,ANTIGRAVITY_VISUAL_QA,2026-09-26T03:55:00+07:00
1629,CAND_001629,MEDIUM,ADD,0,person,train,PublicDataset00867.jpg,"(0.18340000, 0.79030488, 0.03006667, 0.10670732)",None,Visible usable person instance (pedestrian/firefighter/civilian); tight accurate bounding box.,ANTIGRAVITY_VISUAL_QA,2026-09-26T03:55:00+07:00
1630,CAND_001630,MEDIUM,ADD,0,person,train,WEB04131.jpg,"(0.46953125, 0.49097222, 0.09687500, 0.44861111)",None,Visible usable person instance (pedestrian/firefighter/civilian); tight accurate bounding box.,ANTIGRAVITY_VISUAL_QA,2026-09-26T03:55:00+07:00
1631,CAND_001631,MEDIUM,ADD,0,person,train,WEB07753.jpg,"(0.78750000, 0.52273455, 0.04062500, 0.18020595)",None,Visible usable person instance (pedestrian/firefighter/civilian); tight accurate bounding box.,ANTIGRAVITY_VISUAL_QA,2026-09-26T03:55:00+07:00
1632,CAND_001632,MEDIUM,ADD,0,person,train,WEB08450.jpg,"(0.41914062, 0.54652778, 0.03750000, 0.20416667)",None,Visible usable person instance (pedestrian/firefighter/civilian); tight accurate bounding box.,ANTIGRAVITY_VISUAL_QA,2026-09-26T03:55:00+07:00
1633,CAND_001633,MEDIUM,ADD,0,person,train,WEB08830.jpg,"(0.28789063, 0.49027778, 0.05271875, 0.18333333)",None,Visible usable person instance (pedestrian/firefighter/civilian); tight accurate bounding box.,ANTIGRAVITY_VISUAL_QA,2026-09-26T03:55:00+07:00
1634,CAND_001634,MEDIUM,ADJUST_BBOX,0,person,train,WEB09138.jpg,"(0.78750000, 0.88574306, 0.11405556, 0.22540278)","(0.78750000, 0.88652083, 0.11405556, 0.22695833)",Visible valid person instance at image boundary; coordinate clamped to frame edge.,ANTIGRAVITY_VISUAL_QA,2026-09-26T03:55:00+07:00
1635,CAND_001635,MEDIUM,ADD,0,person,val,WEB04305.jpg,"(0.36992258, 0.32891267, 0.04843871, 0.13114726)",None,Visible usable person instance (pedestrian/firefighter/civilian); tight accurate bounding box.,ANTIGRAVITY_VISUAL_QA,2026-09-26T03:55:00+07:00
1636,CAND_001636,MEDIUM,ADD,0,person,test,WEB10473.jpg,"(0.34062500, 0.40295139, 0.03046875, 0.17743056)",None,Visible usable person instance (pedestrian/firefighter/civilian); tight accurate bounding box.,ANTIGRAVITY_VISUAL_QA,2026-09-26T03:55:00+07:00
1637,CAND_001637,MEDIUM,ADD,0,person,test,WEB10503.jpg,"(0.68203125, 0.76666667, 0.03125000, 0.14722222)",None,Visible usable person instance (pedestrian/firefighter/civilian); tight accurate bounding box.,ANTIGRAVITY_VISUAL_QA,2026-09-26T03:55:00+07:00
1638,CAND_001638,MEDIUM,ADD,0,person,test,WEB10872.jpg,"(0.81708333, 0.25683373, 0.11870833, 0.18163915)",None,Visible usable person instance (pedestrian/firefighter/civilian); tight accurate bounding box.,ANTIGRAVITY_VISUAL_QA,2026-09-26T03:55:00+07:00
1639,CAND_001639,MEDIUM,ADD,0,person,test,WEB11034.jpg,"(0.66328252, 0.88088722, 0.02813008, 0.14796992)",None,Visible usable person instance (pedestrian/firefighter/civilian); tight accurate bounding box.,ANTIGRAVITY_VISUAL_QA,2026-09-26T03:55:00+07:00
1640,CAND_001640,MEDIUM,ADD,0,person,train,PublicDataset00889.jpg,"(0.69179687, 0.87651663, 0.05078125, 0.23600783)",None,Visible usable person instance (pedestrian/firefighter/civilian); tight accurate bounding box.,ANTIGRAVITY_VISUAL_QA,2026-09-26T03:55:00+07:00
1641,CAND_001641,MEDIUM,ADD,0,person,val,WEB07227.jpg,"(0.95156250, 0.51875000, 0.09687500, 0.92083333)",None,Visible usable person instance (pedestrian/firefighter/civilian); tight accurate bounding box.,ANTIGRAVITY_VISUAL_QA,2026-09-26T03:55:00+07:00
1642,CAND_001642,MEDIUM,ADD,0,person,val,WEB07997.jpg,"(0.71484375, 0.52916667, 0.03125000, 0.13750000)",None,Visible usable person instance (pedestrian/firefighter/civilian); tight accurate bounding box.,ANTIGRAVITY_VISUAL_QA,2026-09-26T03:55:00+07:00
1643,CAND_001643,MEDIUM,ADD,0,person,test,WEB11130.jpg,"(0.90404167, 0.65781250, 0.09937500, 0.08437500)",None,Visible usable person instance (pedestrian/firefighter/civilian); tight accurate bounding box.,ANTIGRAVITY_VISUAL_QA,2026-09-26T03:55:00+07:00
1645,CAND_001645,MEDIUM,ADD,0,person,train,WEB02831.jpg,"(0.93203125, 0.68437500, 0.04375000, 0.14166667)",None,Visible usable person instance (pedestrian/firefighter/civilian); tight accurate bounding box.,ANTIGRAVITY_VISUAL_QA,2026-09-26T03:55:00+07:00
1646,CAND_001646,MEDIUM,ADD,0,person,train,WEB03964.jpg,"(0.20898204, 0.73701241, 0.05702595, 0.14991135)",None,Visible usable person instance (pedestrian/firefighter/civilian); tight accurate bounding box.,ANTIGRAVITY_VISUAL_QA,2026-09-26T03:55:00+07:00
1647,CAND_001647,MEDIUM,ADD,0,person,train,WEB08452.jpg,"(0.37773438, 0.56805556, 0.03828125, 0.20000000)",None,Visible usable person instance (pedestrian/firefighter/civilian); tight accurate bounding box.,ANTIGRAVITY_VISUAL_QA,2026-09-26T03:55:00+07:00
1648,CAND_001648,MEDIUM,ADD,0,person,train,WEB08893.jpg,"(0.62187500, 0.88194444, 0.03593750, 0.19166667)",None,Visible usable person instance (pedestrian/firefighter/civilian); tight accurate bounding box.,ANTIGRAVITY_VISUAL_QA,2026-09-26T03:55:00+07:00
1649,CAND_001649,MEDIUM,REJECT,0,person,train,WEB08949.jpg,"(0.60156250, 0.93258427, 0.20312500, 0.13202247)",None,"Unusable extreme frame edge truncation (20.3%w x 13.2%h, aspect=0.36) showing only marginal body sliver.",ANTIGRAVITY_VISUAL_QA,2026-09-26T03:55:00+07:00
1650,CAND_001650,MEDIUM,ADJUST_BBOX,0,person,test,WEB10081.jpg,"(0.54218692, 0.94538344, 0.04844383, 0.10800613)","(0.54218692, 0.94569018, 0.04844383, 0.10861963)",Visible valid person instance at image boundary; coordinate clamped to frame edge.,ANTIGRAVITY_VISUAL_QA,2026-09-26T03:55:00+07:00
1651,CAND_001651,MEDIUM,ADJUST_BBOX,0,person,test,WEB11753.jpg,"(0.96406250, 0.95347222, 0.04062500, 0.09027778)","(0.96406250, 0.95416667, 0.04062500, 0.09166667)",Visible valid person instance at image boundary; coordinate clamped to frame edge.,ANTIGRAVITY_VISUAL_QA,2026-09-26T03:55:00+07:00
1652,CAND_001652,MEDIUM,ADD,0,person,train,PublicDataset00867.jpg,"(0.03269167, 0.79268293, 0.03325000, 0.12004065)",None,Visible usable person instance (pedestrian/firefighter/civilian); tight accurate bounding box.,ANTIGRAVITY_VISUAL_QA,2026-09-26T03:55:00+07:00
1653,CAND_001653,MEDIUM,ADD,0,person,train,PublicDataset00896.jpg,"(0.06430714, 0.87336887, 0.12861429, 0.24021322)",None,Visible usable person instance (pedestrian/firefighter/civilian); tight accurate bounding box.,ANTIGRAVITY_VISUAL_QA,2026-09-26T03:55:00+07:00
1654,CAND_001654,MEDIUM,ADD,0,person,train,PublicDataset00906.jpg,"(0.68320169, 0.64603158, 0.05390691, 0.21223158)",None,Visible usable person instance (pedestrian/firefighter/civilian); tight accurate bounding box.,ANTIGRAVITY_VISUAL_QA,2026-09-26T03:55:00+07:00
1655,CAND_001655,MEDIUM,ADD,0,person,train,WEB03499.jpg,"(0.38007634, 0.80255650, 0.05937023, 0.13067797)",None,Visible usable person instance (pedestrian/firefighter/civilian); tight accurate bounding box.,ANTIGRAVITY_VISUAL_QA,2026-09-26T03:55:00+07:00
1656,CAND_001656,MEDIUM,ADD,0,person,train,WEB07194.jpg,"(0.24296875, 0.41597222, 0.04218750, 0.28055556)",None,Visible usable person instance (pedestrian/firefighter/civilian); tight accurate bounding box.,ANTIGRAVITY_VISUAL_QA,2026-09-26T03:55:00+07:00
1657,CAND_001657,MEDIUM,ADD,0,person,train,WEB08438.jpg,"(0.25450000, 0.47777778, 0.04218750, 0.17777778)",None,Visible usable person instance (pedestrian/firefighter/civilian); tight accurate bounding box.,ANTIGRAVITY_VISUAL_QA,2026-09-26T03:55:00+07:00
1658,CAND_001658,MEDIUM,ADD,0,person,val,PublicDataset00923.jpg,"(0.63203125, 0.65959662, 0.03593750, 0.14774859)",None,Visible usable person instance (pedestrian/firefighter/civilian); tight accurate bounding box.,ANTIGRAVITY_VISUAL_QA,2026-09-26T03:55:00+07:00
1659,CAND_001659,MEDIUM,ADD,0,person,test,WEB11554.jpg,"(0.11767969, 0.82152778, 0.06445312, 0.28750000)",None,Visible usable person instance (pedestrian/firefighter/civilian); tight accurate bounding box.,ANTIGRAVITY_VISUAL_QA,2026-09-26T03:55:00+07:00
1660,CAND_001660,MEDIUM,ADD,0,person,train,WEB02897.jpg,"(0.41718721, 0.81353024, 0.04374412, 0.11797468)",None,Visible usable person instance (pedestrian/firefighter/civilian); tight accurate bounding box.,ANTIGRAVITY_VISUAL_QA,2026-09-26T03:55:00+07:00
1661,CAND_001661,MEDIUM,ADD,0,person,train,WEB06398.jpg,"(0.58554688, 0.88472222, 0.02343750, 0.17500000)",None,Visible usable person instance (pedestrian/firefighter/civilian); tight accurate bounding box.,ANTIGRAVITY_VISUAL_QA,2026-09-26T03:55:00+07:00
1662,CAND_001662,MEDIUM,ADD,0,person,train,WEB08421.jpg,"(0.13739844, 0.72986111, 0.20098437, 0.51666667)",None,Visible usable person instance (pedestrian/firefighter/civilian); tight accurate bounding box.,ANTIGRAVITY_VISUAL_QA,2026-09-26T03:55:00+07:00
1663,CAND_001663,MEDIUM,ADJUST_BBOX,0,person,train,WEB08430.jpg,"(0.07587500, 0.70138889, 0.15137500, 0.58333333)","(0.07578125, 0.70138889, 0.15156250, 0.58333333)",Visible valid person instance at image boundary; coordinate clamped to frame edge.,ANTIGRAVITY_VISUAL_QA,2026-09-26T03:55:00+07:00
1664,CAND_001664,MEDIUM,ADJUST_BBOX,0,person,train,WEB09148.jpg,"(0.02446429, 0.70555556, 0.04867857, 0.38888889)","(0.02440179, 0.70555556, 0.04880357, 0.38888889)",Visible valid person instance at image boundary; coordinate clamped to frame edge.,ANTIGRAVITY_VISUAL_QA,2026-09-26T03:55:00+07:00
1665,CAND_001665,MEDIUM,ADD,0,person,train,WEB09760.jpg,"(0.59375000, 0.70416667, 0.03125000, 0.20833333)",None,Visible usable person instance (pedestrian/firefighter/civilian); tight accurate bounding box.,ANTIGRAVITY_VISUAL_QA,2026-09-26T03:55:00+07:00
1666,CAND_001666,MEDIUM,ADD,0,person,val,WEB07664.jpg,"(0.77343878, 0.72678442, 0.03281633, 0.11096014)",None,Visible usable person instance (pedestrian/firefighter/civilian); tight accurate bounding box.,ANTIGRAVITY_VISUAL_QA,2026-09-26T03:55:00+07:00
1668,CAND_001668,MEDIUM,ADD,0,person,train,WEB05942.jpg,"(0.90000000, 0.19993056, 0.07500000, 0.21991667)",None,Visible usable person instance (pedestrian/firefighter/civilian); tight accurate bounding box.,ANTIGRAVITY_VISUAL_QA,2026-09-26T03:55:00+07:00
1669,CAND_001669,MEDIUM,ADD,0,person,train,WEB06566.jpg,"(0.27441429, 0.58851523, 0.19102857, 0.42748731)",None,Visible usable person instance (pedestrian/firefighter/civilian); tight accurate bounding box.,ANTIGRAVITY_VISUAL_QA,2026-09-26T03:55:00+07:00
1670,CAND_001670,MEDIUM,ADD,0,person,train,WEB07002.jpg,"(0.66406250, 0.92083333, 0.02812500, 0.15000000)",None,Visible usable person instance (pedestrian/firefighter/civilian); tight accurate bounding box.,ANTIGRAVITY_VISUAL_QA,2026-09-26T03:55:00+07:00
1671,CAND_001671,MEDIUM,ADD,0,person,train,WEB09441.jpg,"(0.22856111, 0.88307312, 0.14990000, 0.21954545)",None,Visible usable person instance (pedestrian/firefighter/civilian); tight accurate bounding box.,ANTIGRAVITY_VISUAL_QA,2026-09-26T03:55:00+07:00
1672,CAND_001672,MEDIUM,ADD,0,person,val,WEB03944.jpg,"(0.48632812, 0.44583333, 0.04843750, 0.23611111)",None,Visible usable person instance (pedestrian/firefighter/civilian); tight accurate bounding box.,ANTIGRAVITY_VISUAL_QA,2026-09-26T03:55:00+07:00
1673,CAND_001673,MEDIUM,ADD,0,person,train,AoF02436.jpg,"(0.42333984, 0.18993056, 0.12519531, 0.37013889)",None,Visible usable person instance (pedestrian/firefighter/civilian); tight accurate bounding box.,ANTIGRAVITY_VISUAL_QA,2026-09-26T03:55:00+07:00
1674,CAND_001674,MEDIUM,ADD,0,person,train,WEB05073.jpg,"(0.36132812, 0.48263889, 0.09687500, 0.43055556)",None,Visible usable person instance (pedestrian/firefighter/civilian); tight accurate bounding box.,ANTIGRAVITY_VISUAL_QA,2026-09-26T03:55:00+07:00
1675,CAND_001675,MEDIUM,ADD,0,person,train,WEB05369.jpg,"(0.31523438, 0.57777778, 0.02656250, 0.13611111)",None,Visible usable person instance (pedestrian/firefighter/civilian); tight accurate bounding box.,ANTIGRAVITY_VISUAL_QA,2026-09-26T03:55:00+07:00
1676,CAND_001676,MEDIUM,ADD,0,person,train,WEB07344.jpg,"(0.77716121, 0.91718750, 0.04731308, 0.09062500)",None,Visible usable person instance (pedestrian/firefighter/civilian); tight accurate bounding box.,ANTIGRAVITY_VISUAL_QA,2026-09-26T03:55:00+07:00
1677,CAND_001677,MEDIUM,ADD,0,person,train,WEB07568.jpg,"(0.50000000, 0.76983037, 0.03281818, 0.19852989)",None,Visible usable person instance (pedestrian/firefighter/civilian); tight accurate bounding box.,ANTIGRAVITY_VISUAL_QA,2026-09-26T03:55:00+07:00
1678,CAND_001678,MEDIUM,ADJUST_BBOX,0,person,train,WEB09099.jpg,"(0.93752672, 0.77929671, 0.12082443, 0.21015400)","(0.93855725, 0.77929671, 0.12288550, 0.21015400)",Visible valid person instance at image boundary; coordinate clamped to frame edge.,ANTIGRAVITY_VISUAL_QA,2026-09-26T03:55:00+07:00
1679,CAND_001679,MEDIUM,ADD,0,person,train,WEB09355.jpg,"(0.50546875, 0.71458333, 0.02343750, 0.06250000)",None,Visible usable person instance (pedestrian/firefighter/civilian); tight accurate bounding box.,ANTIGRAVITY_VISUAL_QA,2026-09-26T03:55:00+07:00
1680,CAND_001680,MEDIUM,ADD,0,person,train,AoF07334.jpg,"(0.42343750, 0.18906250, 0.12421875, 0.36840278)",None,Visible usable person instance (pedestrian/firefighter/civilian); tight accurate bounding box.,ANTIGRAVITY_VISUAL_QA,2026-09-26T03:55:00+07:00
1683,CAND_001683,MEDIUM,ADD,0,person,train,WEB06336.jpg,"(0.75000000, 0.79686028, 0.05312500, 0.19843014)",None,Visible usable person instance (pedestrian/firefighter/civilian); tight accurate bounding box.,ANTIGRAVITY_VISUAL_QA,2026-09-26T03:55:00+07:00
1684,CAND_001684,MEDIUM,ADD,0,person,train,WEB07137.jpg,"(0.78984375, 0.72291667, 0.15937500, 0.52361111)",None,Visible usable person instance (pedestrian/firefighter/civilian); tight accurate bounding box.,ANTIGRAVITY_VISUAL_QA,2026-09-26T03:55:00+07:00
1685,CAND_001685,MEDIUM,ADD,0,person,train,WEB07213.jpg,"(0.81093750, 0.47361111, 0.03906250, 0.18888889)",None,Visible usable person instance (pedestrian/firefighter/civilian); tight accurate bounding box.,ANTIGRAVITY_VISUAL_QA,2026-09-26T03:55:00+07:00
1686,CAND_001686,MEDIUM,ADD,0,person,val,WEB07725.jpg,"(0.91406436, 0.61717831, 0.03749505, 0.19001838)",None,Visible usable person instance (pedestrian/firefighter/civilian); tight accurate bounding box.,ANTIGRAVITY_VISUAL_QA,2026-09-26T03:55:00+07:00
1687,CAND_001687,MEDIUM,ADD,0,person,train,WEB03179.jpg,"(0.81171914, 0.88378763, 0.18593199, 0.22406355)",None,Visible usable person instance (pedestrian/firefighter/civilian); tight accurate bounding box.,ANTIGRAVITY_VISUAL_QA,2026-09-26T03:55:00+07:00
1688,CAND_001688,MEDIUM,ADD,0,person,train,WEB03356.jpg,"(0.09658252, 0.79666667, 0.01621359, 0.07336182)",None,Visible usable person instance (pedestrian/firefighter/civilian); tight accurate bounding box.,ANTIGRAVITY_VISUAL_QA,2026-09-26T03:55:00+07:00
1689,CAND_001689,MEDIUM,REJECT,0,person,train,WEB06205.jpg,"(0.98437408, 0.29563151, 0.03125183, 0.35087240)",None,"Unusable extreme frame edge truncation (3.1%w x 35.1%h, aspect=6.31) showing only marginal body sliver.",ANTIGRAVITY_VISUAL_QA,2026-09-26T03:55:00+07:00
1690,CAND_001690,MEDIUM,ADD,0,person,train,WEB07573.jpg,"(0.53632727, 0.94753635, 0.05234545, 0.09995153)",None,Visible usable person instance (pedestrian/firefighter/civilian); tight accurate bounding box.,ANTIGRAVITY_VISUAL_QA,2026-09-26T03:55:00+07:00
1691,CAND_001691,MEDIUM,ADD,0,person,val,WEB07664.jpg,"(0.91406122, 0.71639493, 0.03124490, 0.13315217)",None,Visible usable person instance (pedestrian/firefighter/civilian); tight accurate bounding box.,ANTIGRAVITY_VISUAL_QA,2026-09-26T03:55:00+07:00
1692,CAND_001692,MEDIUM,ADD,0,person,test,WEB11361.jpg,"(0.37070205, 0.56360041, 0.05624429, 0.14716024)",None,Visible usable person instance (pedestrian/firefighter/civilian); tight accurate bounding box.,ANTIGRAVITY_VISUAL_QA,2026-09-26T03:55:00+07:00
1693,CAND_001693,MEDIUM,ADD,0,person,train,WEB03964.jpg,"(0.51640719, 0.70092199, 0.04530938, 0.12492908)",None,Visible usable person instance (pedestrian/firefighter/civilian); tight accurate bounding box.,ANTIGRAVITY_VISUAL_QA,2026-09-26T03:55:00+07:00
1694,CAND_001694,MEDIUM,ADD,0,person,train,WEB08863.jpg,"(0.28281250, 0.48958333, 0.04765625, 0.18750000)",None,Visible usable person instance (pedestrian/firefighter/civilian); tight accurate bounding box.,ANTIGRAVITY_VISUAL_QA,2026-09-26T03:55:00+07:00
1695,CAND_001695,MEDIUM,ADD,0,person,val,WEB07715.jpg,"(0.72391008, 0.59375510, 0.04798365, 0.10000000)",None,Visible usable person instance (pedestrian/firefighter/civilian); tight accurate bounding box.,ANTIGRAVITY_VISUAL_QA,2026-09-26T03:55:00+07:00
1696,CAND_001696,MEDIUM,ADD,0,person,val,WEB07725.jpg,"(0.94140594, 0.64111213, 0.03437624, 0.18277574)",None,Visible usable person instance (pedestrian/firefighter/civilian); tight accurate bounding box.,ANTIGRAVITY_VISUAL_QA,2026-09-26T03:55:00+07:00
1697,CAND_001697,MEDIUM,ADD,0,person,test,WEB10285.jpg,"(0.16738335, 0.92803636, 0.05194199, 0.14392727)",None,Visible usable person instance (pedestrian/firefighter/civilian); tight accurate bounding box.,ANTIGRAVITY_VISUAL_QA,2026-09-26T03:55:00+07:00
1698,CAND_001698,MEDIUM,ADD,0,person,test,WEB11552.jpg,"(0.56835938, 0.66805556, 0.06328125, 0.36666667)",None,Visible usable person instance (pedestrian/firefighter/civilian); tight accurate bounding box.,ANTIGRAVITY_VISUAL_QA,2026-09-26T03:55:00+07:00
1699,CAND_001699,MEDIUM,ADD,0,person,train,AoF02376.jpg,"(0.42265625, 0.17504167, 0.12734375, 0.34019444)",None,Visible usable person instance (pedestrian/firefighter/civilian); tight accurate bounding box.,ANTIGRAVITY_VISUAL_QA,2026-09-26T03:55:00+07:00
1700,CAND_001700,MEDIUM,ADD,0,person,train,WEB05547.jpg,"(0.33046875, 0.61111111, 0.03437500, 0.18611111)",None,Visible usable person instance (pedestrian/firefighter/civilian); tight accurate bounding box.,ANTIGRAVITY_VISUAL_QA,2026-09-26T03:55:00+07:00
1701,CAND_001701,MEDIUM,ADD,0,person,train,WEB07169.jpg,"(0.17099604, 0.82085396, 0.06737467, 0.16710396)",None,Visible usable person instance (pedestrian/firefighter/civilian); tight accurate bounding box.,ANTIGRAVITY_VISUAL_QA,2026-09-26T03:55:00+07:00
1703,CAND_001703,MEDIUM,ADJUST_BBOX,0,person,train,WEB08196.jpg,"(0.30429688, 0.93035714, 0.08750000, 0.13750000)","(0.30429688, 0.93080357, 0.08750000, 0.13839286)",Visible valid person instance at image boundary; coordinate clamped to frame edge.,ANTIGRAVITY_VISUAL_QA,2026-09-26T03:55:00+07:00
1704,CAND_001704,MEDIUM,ADD,0,person,train,WEB08949.jpg,"(0.15937500, 0.85112360, 0.05743750, 0.28651685)",None,Visible usable person instance (pedestrian/firefighter/civilian); tight accurate bounding box.,ANTIGRAVITY_VISUAL_QA,2026-09-26T03:55:00+07:00
1705,CAND_001705,MEDIUM,ADD,0,person,val,WEB06796.jpg,"(0.25671875, 0.44843750, 0.04760417, 0.08359670)",None,Visible usable person instance (pedestrian/firefighter/civilian); tight accurate bounding box.,ANTIGRAVITY_VISUAL_QA,2026-09-26T03:55:00+07:00
1707,CAND_001707,MEDIUM,ADD,0,person,test,WEB11431.jpg,"(0.16289375, 0.65695297, 0.10898750, 0.32977505)",None,Visible usable person instance (pedestrian/firefighter/civilian); tight accurate bounding box.,ANTIGRAVITY_VISUAL_QA,2026-09-26T03:55:00+07:00
1708,CAND_001708,MEDIUM,ADD,0,person,train,WEB07204.jpg,"(0.83046875, 0.46875000, 0.06250000, 0.17916667)",None,Visible usable person instance (pedestrian/firefighter/civilian); tight accurate bounding box.,ANTIGRAVITY_VISUAL_QA,2026-09-26T03:55:00+07:00
1709,CAND_001709,MEDIUM,ADJUST_BBOX,0,person,train,WEB08438.jpg,"(0.03761719, 0.52500000, 0.07514062, 0.25000000)","(0.03759375, 0.52500000, 0.07518750, 0.25000000)",Visible valid person instance at image boundary; coordinate clamped to frame edge.,ANTIGRAVITY_VISUAL_QA,2026-09-26T03:55:00+07:00
1710,CAND_001710,MEDIUM,ADD,0,person,train,WEB09311.jpg,"(0.36250000, 0.87291667, 0.06953125, 0.11388889)",None,Visible usable person instance (pedestrian/firefighter/civilian); tight accurate bounding box.,ANTIGRAVITY_VISUAL_QA,2026-09-26T03:55:00+07:00
1711,CAND_001711,MEDIUM,ADD,0,person,val,WEB04216.jpg,"(0.58593605, 0.52789867, 0.04687209, 0.15177741)",None,Visible usable person instance (pedestrian/firefighter/civilian); tight accurate bounding box.,ANTIGRAVITY_VISUAL_QA,2026-09-26T03:55:00+07:00
1712,CAND_001712,MEDIUM,ADD,0,person,train,AoF03211.jpg,"(0.03178516, 0.53333333, 0.02749219, 0.15694444)",None,Visible usable person instance (pedestrian/firefighter/civilian); tight accurate bounding box.,ANTIGRAVITY_VISUAL_QA,2026-09-26T03:55:00+07:00
1713,CAND_001713,MEDIUM,ADD,0,person,train,WEB04836.jpg,"(0.19228906, 0.39722222, 0.04004687, 0.10277778)",None,Visible usable person instance (pedestrian/firefighter/civilian); tight accurate bounding box.,ANTIGRAVITY_VISUAL_QA,2026-09-26T03:55:00+07:00
1714,CAND_001714,MEDIUM,ADD,0,person,train,WEB06286.jpg,"(0.30000000, 0.92291667, 0.14296875, 0.15416667)",None,Visible usable person instance (pedestrian/firefighter/civilian); tight accurate bounding box.,ANTIGRAVITY_VISUAL_QA,2026-09-26T03:55:00+07:00
1715,CAND_001715,MEDIUM,ADD,0,person,train,WEB07305.jpg,"(0.78125000, 0.77128705, 0.13436695, 0.36575663)",None,Visible usable person instance (pedestrian/firefighter/civilian); tight accurate bounding box.,ANTIGRAVITY_VISUAL_QA,2026-09-26T03:55:00+07:00
1716,CAND_001716,MEDIUM,ADD,0,person,val,WEB07519.jpg,"(0.87656122, 0.90432971, 0.01875510, 0.08322464)",None,Visible usable person instance (pedestrian/firefighter/civilian); tight accurate bounding box.,ANTIGRAVITY_VISUAL_QA,2026-09-26T03:55:00+07:00
1717,CAND_001717,MEDIUM,ADD,0,person,test,WEB11440.jpg,"(0.78125000, 0.46953750, 0.05580357, 0.09687500)",None,Visible usable person instance (pedestrian/firefighter/civilian); tight accurate bounding box.,ANTIGRAVITY_VISUAL_QA,2026-09-26T03:55:00+07:00
1718,CAND_001718,MEDIUM,ADD,0,person,train,WEB03474.jpg,"(0.46640915, 0.42381032, 0.02812114, 0.16825291)",None,Visible usable person instance (pedestrian/firefighter/civilian); tight accurate bounding box.,ANTIGRAVITY_VISUAL_QA,2026-09-26T03:55:00+07:00
1719,CAND_001719,MEDIUM,ADD,0,person,train,WEB05537.jpg,"(0.58359375, 0.69027778, 0.05000000, 0.32083333)",None,Visible usable person instance (pedestrian/firefighter/civilian); tight accurate bounding box.,ANTIGRAVITY_VISUAL_QA,2026-09-26T03:55:00+07:00
1720,CAND_001720,MEDIUM,ADD,0,person,train,WEB07180.jpg,"(0.38808140, 0.18930310, 0.07148579, 0.15785398)",None,Visible usable person instance (pedestrian/firefighter/civilian); tight accurate bounding box.,ANTIGRAVITY_VISUAL_QA,2026-09-26T03:55:00+07:00
1721,CAND_001721,MEDIUM,ADJUST_BBOX,0,person,train,WEB08749.jpg,"(0.92647059, 0.62304167, 0.14480392, 0.28047222)","(0.92703431, 0.62304167, 0.14593137, 0.28047222)",Visible valid person instance at image boundary; coordinate clamped to frame edge.,ANTIGRAVITY_VISUAL_QA,2026-09-26T03:55:00+07:00
1722,CAND_001722,MEDIUM,ADD,0,person,train,WEB09219.jpg,"(0.76209322, 0.87812401, 0.10411864, 0.22499205)",None,Visible usable person instance (pedestrian/firefighter/civilian); tight accurate bounding box.,ANTIGRAVITY_VISUAL_QA,2026-09-26T03:55:00+07:00
1723,CAND_001723,MEDIUM,ADD,0,person,val,WEB05123.jpg,"(0.85859375, 0.66619318, 0.07343750, 0.37784091)",None,Visible usable person instance (pedestrian/firefighter/civilian); tight accurate bounding box.,ANTIGRAVITY_VISUAL_QA,2026-09-26T03:55:00+07:00
1725,CAND_001725,MEDIUM,ADD,0,person,train,WEB04342.jpg,"(0.52968992, 0.64583333, 0.03515504, 0.10417313)",None,Visible usable person instance (pedestrian/firefighter/civilian); tight accurate bounding box.,ANTIGRAVITY_VISUAL_QA,2026-09-26T03:55:00+07:00
1726,CAND_001726,MEDIUM,ADJUST_BBOX,0,person,train,WEB06799.jpg,"(0.61902083, 0.81172170, 0.24429167, 0.37500000)","(0.61902083, 0.81211085, 0.24429167, 0.37577830)",Visible valid person instance at image boundary; coordinate clamped to frame edge.,ANTIGRAVITY_VISUAL_QA,2026-09-26T03:55:00+07:00
1727,CAND_001727,MEDIUM,ADD,0,person,train,WEB07169.jpg,"(0.44844327, 0.87655941, 0.05390501, 0.21108911)",None,Visible usable person instance (pedestrian/firefighter/civilian); tight accurate bounding box.,ANTIGRAVITY_VISUAL_QA,2026-09-26T03:55:00+07:00
1728,CAND_001728,MEDIUM,ADD,0,person,train,WEB09159.jpg,"(0.34277461, 0.39941734, 0.11132628, 0.20685637)",None,Visible usable person instance (pedestrian/firefighter/civilian); tight accurate bounding box.,ANTIGRAVITY_VISUAL_QA,2026-09-26T03:55:00+07:00
1729,CAND_001729,MEDIUM,ADD,0,person,train,WEB02893.jpg,"(0.77734279, 0.63359215, 0.05781751, 0.17517065)",None,Visible usable person instance (pedestrian/firefighter/civilian); tight accurate bounding box.,ANTIGRAVITY_VISUAL_QA,2026-09-26T03:55:00+07:00
1732,CAND_001732,MEDIUM,ADD,0,person,train,WEB07206.jpg,"(0.74765625, 0.45902778, 0.04687500, 0.21250000)",None,Visible usable person instance (pedestrian/firefighter/civilian); tight accurate bounding box.,ANTIGRAVITY_VISUAL_QA,2026-09-26T03:55:00+07:00
1734,CAND_001734,MEDIUM,ADD,0,person,train,WEB08851.jpg,"(0.75625000, 0.51805556, 0.07187500, 0.27500000)",None,Visible usable person instance (pedestrian/firefighter/civilian); tight accurate bounding box.,ANTIGRAVITY_VISUAL_QA,2026-09-26T03:55:00+07:00
1735,CAND_001735,MEDIUM,ADD,0,person,train,WEB09016.jpg,"(0.58320625, 0.74844167, 0.07343750, 0.39895000)",None,Visible usable person instance (pedestrian/firefighter/civilian); tight accurate bounding box.,ANTIGRAVITY_VISUAL_QA,2026-09-26T03:55:00+07:00
1736,CAND_001736,MEDIUM,ADD,0,person,test,WEB11239.jpg,"(0.82109375, 0.46666667, 0.05937500, 0.19722222)",None,Visible usable person instance (pedestrian/firefighter/civilian); tight accurate bounding box.,ANTIGRAVITY_VISUAL_QA,2026-09-26T03:55:00+07:00
1737,CAND_001737,MEDIUM,ADD,0,person,train,WEB05073.jpg,"(0.24940625, 0.54722222, 0.15000000, 0.45972222)",None,Visible usable person instance (pedestrian/firefighter/civilian); tight accurate bounding box.,ANTIGRAVITY_VISUAL_QA,2026-09-26T03:55:00+07:00
1738,CAND_001738,MEDIUM,ADD,0,person,train,WEB07709.jpg,"(0.66250000, 0.80792089, 0.15468037, 0.36371197)",None,Visible usable person instance (pedestrian/firefighter/civilian); tight accurate bounding box.,ANTIGRAVITY_VISUAL_QA,2026-09-26T03:55:00+07:00
1739,CAND_001739,MEDIUM,ADD,0,person,train,WEB07962.jpg,"(0.58750000, 0.55833333, 0.04687500, 0.23055556)",None,Visible usable person instance (pedestrian/firefighter/civilian); tight accurate bounding box.,ANTIGRAVITY_VISUAL_QA,2026-09-26T03:55:00+07:00
1740,CAND_001740,MEDIUM,ADD,0,person,train,WEB08632.jpg,"(0.97968750, 0.87222222, 0.01875000, 0.08611111)",None,Visible usable person instance (pedestrian/firefighter/civilian); tight accurate bounding box.,ANTIGRAVITY_VISUAL_QA,2026-09-26T03:55:00+07:00
1741,CAND_001741,MEDIUM,ADD,0,person,val,WEB07227.jpg,"(0.36933594, 0.38750000, 0.02695313, 0.12500000)",None,Visible usable person instance (pedestrian/firefighter/civilian); tight accurate bounding box.,ANTIGRAVITY_VISUAL_QA,2026-09-26T03:55:00+07:00
1742,CAND_001742,MEDIUM,ADD,0,person,test,WEB11556.jpg,"(0.47890625, 0.44722222, 0.04765625, 0.10555556)",None,Visible usable person instance (pedestrian/firefighter/civilian); tight accurate bounding box.,ANTIGRAVITY_VISUAL_QA,2026-09-26T03:55:00+07:00
1743,CAND_001743,MEDIUM,ADD,0,person,train,PublicDataset00867.jpg,"(0.81386667, 0.79220528, 0.03476667, 0.11432927)",None,Visible usable person instance (pedestrian/firefighter/civilian); tight accurate bounding box.,ANTIGRAVITY_VISUAL_QA,2026-09-26T03:55:00+07:00
1744,CAND_001744,MEDIUM,ADD,0,person,train,WEB08901.jpg,"(0.40400000, 0.77847222, 0.03731250, 0.17777778)",None,Visible usable person instance (pedestrian/firefighter/civilian); tight accurate bounding box.,ANTIGRAVITY_VISUAL_QA,2026-09-26T03:55:00+07:00
1745,CAND_001745,MEDIUM,ADD,0,person,val,WEB03943.jpg,"(0.48398438, 0.35000000, 0.03828125, 0.18750000)",None,Visible usable person instance (pedestrian/firefighter/civilian); tight accurate bounding box.,ANTIGRAVITY_VISUAL_QA,2026-09-26T03:55:00+07:00
1746,CAND_001746,MEDIUM,ADD,0,person,val,WEB05123.jpg,"(0.78984375, 0.70312500, 0.06718750, 0.40625000)",None,Visible usable person instance (pedestrian/firefighter/civilian); tight accurate bounding box.,ANTIGRAVITY_VISUAL_QA,2026-09-26T03:55:00+07:00
1747,CAND_001747,MEDIUM,ADD,0,person,test,PublicDataset01300.jpg,"(0.61484167, 0.82968750, 0.04218333, 0.13357500)",None,Visible usable person instance (pedestrian/firefighter/civilian); tight accurate bounding box.,ANTIGRAVITY_VISUAL_QA,2026-09-26T03:55:00+07:00
1750,CAND_001750,MEDIUM,ADD,0,person,train,WEB03839.jpg,"(0.28593750, 0.68611111, 0.03828125, 0.10833333)",None,Visible usable person instance (pedestrian/firefighter/civilian); tight accurate bounding box.,ANTIGRAVITY_VISUAL_QA,2026-09-26T03:55:00+07:00
1751,CAND_001751,MEDIUM,ADD,0,person,train,WEB05369.jpg,"(0.12636719, 0.56111111, 0.03632813, 0.21944444)",None,Visible usable person instance (pedestrian/firefighter/civilian); tight accurate bounding box.,ANTIGRAVITY_VISUAL_QA,2026-09-26T03:55:00+07:00
1753,CAND_001753,MEDIUM,ADD,0,person,train,WEB07200.jpg,"(0.07426563, 0.40815972, 0.03828125, 0.19201389)",None,Visible usable person instance (pedestrian/firefighter/civilian); tight accurate bounding box.,ANTIGRAVITY_VISUAL_QA,2026-09-26T03:55:00+07:00
1754,CAND_001754,MEDIUM,ADD,0,person,train,WEB07568.jpg,"(0.59765909, 0.77746365, 0.03593636, 0.23046850)",None,Visible usable person instance (pedestrian/firefighter/civilian); tight accurate bounding box.,ANTIGRAVITY_VISUAL_QA,2026-09-26T03:55:00+07:00
1755,CAND_001755,MEDIUM,ADD,0,person,train,WEB08448.jpg,"(0.60859375, 0.45972222, 0.05468750, 0.23611111)",None,Visible usable person instance (pedestrian/firefighter/civilian); tight accurate bounding box.,ANTIGRAVITY_VISUAL_QA,2026-09-26T03:55:00+07:00
1756,CAND_001756,MEDIUM,ADD,0,person,train,WEB09238.jpg,"(0.34921996, 0.73958010, 0.03906008, 0.16458656)",None,Visible usable person instance (pedestrian/firefighter/civilian); tight accurate bounding box.,ANTIGRAVITY_VISUAL_QA,2026-09-26T03:55:00+07:00
1757,CAND_001757,MEDIUM,ADD,0,person,train,WEB06798.jpg,"(0.65283333, 0.70195165, 0.15733333, 0.36170991)",None,Visible usable person instance (pedestrian/firefighter/civilian); tight accurate bounding box.,ANTIGRAVITY_VISUAL_QA,2026-09-26T03:55:00+07:00
1758,CAND_001758,MEDIUM,ADJUST_BBOX,0,person,train,WEB07165.jpg,"(0.94453333, 0.85639053, 0.11093333, 0.28568047)","(0.94453333, 0.85677515, 0.11093333, 0.28644970)",Visible valid person instance at image boundary; coordinate clamped to frame edge.,ANTIGRAVITY_VISUAL_QA,2026-09-26T03:55:00+07:00
1759,CAND_001759,MEDIUM,ADD,0,person,train,WEB08422.jpg,"(0.41328125, 0.59722222, 0.03515625, 0.18055556)",None,Visible usable person instance (pedestrian/firefighter/civilian); tight accurate bounding box.,ANTIGRAVITY_VISUAL_QA,2026-09-26T03:55:00+07:00
1760,CAND_001760,MEDIUM,ADD,0,person,train,WEB08749.jpg,"(0.71414216, 0.57343056, 0.09926471, 0.15469444)",None,Visible usable person instance (pedestrian/firefighter/civilian); tight accurate bounding box.,ANTIGRAVITY_VISUAL_QA,2026-09-26T03:55:00+07:00
1761,CAND_001761,MEDIUM,ADD,0,person,train,WEB09007.jpg,"(0.46406008, 0.61562661, 0.02187984, 0.09582687)",None,Visible usable person instance (pedestrian/firefighter/civilian); tight accurate bounding box.,ANTIGRAVITY_VISUAL_QA,2026-09-26T03:55:00+07:00
1763,CAND_001763,MEDIUM,ADD,0,person,train,WEB09317.jpg,"(0.15322266, 0.74861111, 0.02519531, 0.09444444)",None,Visible usable person instance (pedestrian/firefighter/civilian); tight accurate bounding box.,ANTIGRAVITY_VISUAL_QA,2026-09-26T03:55:00+07:00
1764,CAND_001764,MEDIUM,ADD,0,person,test,WEB11241.jpg,"(0.76953125, 0.60138889, 0.03671875, 0.19166667)",None,Visible usable person instance (pedestrian/firefighter/civilian); tight accurate bounding box.,ANTIGRAVITY_VISUAL_QA,2026-09-26T03:55:00+07:00
1765,CAND_001765,MEDIUM,ADD,0,person,test,WEB11478.jpg,"(0.33867347, 0.84288991, 0.07265306, 0.27392661)",None,Visible usable person instance (pedestrian/firefighter/civilian); tight accurate bounding box.,ANTIGRAVITY_VISUAL_QA,2026-09-26T03:55:00+07:00
1766,CAND_001766,MEDIUM,ADD,0,person,test,WEB11796.jpg,"(0.06864062, 0.24861111, 0.04904688, 0.08750000)",None,Visible usable person instance (pedestrian/firefighter/civilian); tight accurate bounding box.,ANTIGRAVITY_VISUAL_QA,2026-09-26T03:55:00+07:00
1767,CAND_001767,MEDIUM,ADD,0,person,train,PublicDataset00885.jpg,"(0.08925714, 0.67362661, 0.05214286, 0.18072961)",None,Visible usable person instance (pedestrian/firefighter/civilian); tight accurate bounding box.,ANTIGRAVITY_VISUAL_QA,2026-09-26T03:55:00+07:00
1768,CAND_001768,MEDIUM,ADD,0,person,train,WEB07197.jpg,"(0.43671875, 0.43454861, 0.04375000, 0.22534722)",None,Visible usable person instance (pedestrian/firefighter/civilian); tight accurate bounding box.,ANTIGRAVITY_VISUAL_QA,2026-09-26T03:55:00+07:00
1770,CAND_001770,MEDIUM,ADJUST_BBOX,0,person,val,WEB08962.jpg,"(0.77343750, 0.88342697, 0.10781250, 0.22471910)","(0.77343750, 0.88553371, 0.10781250, 0.22893258)",Visible valid person instance at image boundary; coordinate clamped to frame edge.,ANTIGRAVITY_VISUAL_QA,2026-09-26T03:55:00+07:00
1771,CAND_001771,MEDIUM,ADD,0,person,test,WEB11130.jpg,"(0.77567708, 0.64531840, 0.20702083, 0.10625000)",None,Visible usable person instance (pedestrian/firefighter/civilian); tight accurate bounding box.,ANTIGRAVITY_VISUAL_QA,2026-09-26T03:55:00+07:00
1773,CAND_001773,MEDIUM,ADD,0,person,val,WEB09160.jpg,"(0.78750000, 0.49317748, 0.41875394, 0.97597328)",None,Visible usable person instance (pedestrian/firefighter/civilian); tight accurate bounding box.,ANTIGRAVITY_VISUAL_QA,2026-09-26T03:55:00+07:00
1774,CAND_001774,MEDIUM,ADD,0,person,test,WEB10979.jpg,"(0.78828571, 0.76644540, 0.01562857, 0.06089936)",None,Visible usable person instance (pedestrian/firefighter/civilian); tight accurate bounding box.,ANTIGRAVITY_VISUAL_QA,2026-09-26T03:55:00+07:00
1775,CAND_001775,MEDIUM,ADD,0,person,test,WEB11753.jpg,"(0.92656250, 0.95347222, 0.05000000, 0.09305556)",None,Visible usable person instance (pedestrian/firefighter/civilian); tight accurate bounding box.,ANTIGRAVITY_VISUAL_QA,2026-09-26T03:55:00+07:00
1776,CAND_001776,MEDIUM,ADD,0,person,train,WEB03459.jpg,"(0.70546875, 0.73377809, 0.04531250, 0.23553371)",None,Visible usable person instance (pedestrian/firefighter/civilian); tight accurate bounding box.,ANTIGRAVITY_VISUAL_QA,2026-09-26T03:55:00+07:00
1777,CAND_001777,MEDIUM,ADD,0,person,train,WEB07169.jpg,"(0.54453166, 0.87509901, 0.06563325, 0.21400990)",None,Visible usable person instance (pedestrian/firefighter/civilian); tight accurate bounding box.,ANTIGRAVITY_VISUAL_QA,2026-09-26T03:55:00+07:00
1779,CAND_001779,MEDIUM,ADD,0,person,test,WEB10377.jpg,"(0.33320188, 0.56082026, 0.04531455, 0.15074180)",None,Visible usable person instance (pedestrian/firefighter/civilian); tight accurate bounding box.,ANTIGRAVITY_VISUAL_QA,2026-09-26T03:55:00+07:00
1780,CAND_001780,MEDIUM,ADD,0,person,train,WEB07222.jpg,"(0.50898438, 0.54236111, 0.05156250, 0.23888889)",None,Visible usable person instance (pedestrian/firefighter/civilian); tight accurate bounding box.,ANTIGRAVITY_VISUAL_QA,2026-09-26T03:55:00+07:00
1781,CAND_001781,MEDIUM,ADD,0,person,train,WEB07291.jpg,"(0.19355469, 0.49652778, 0.16171875, 0.54722222)",None,Visible usable person instance (pedestrian/firefighter/civilian); tight accurate bounding box.,ANTIGRAVITY_VISUAL_QA,2026-09-26T03:55:00+07:00
1782,CAND_001782,MEDIUM,ADD,0,person,val,WEB07780.jpg,"(0.56523199, 0.73252941, 0.06406593, 0.20982353)",None,Visible usable person instance (pedestrian/firefighter/civilian); tight accurate bounding box.,ANTIGRAVITY_VISUAL_QA,2026-09-26T03:55:00+07:00
1784,CAND_001784,MEDIUM,ADD,0,person,train,WEB07785.jpg,"(0.72773750, 0.40398889, 0.03125000, 0.17255556)",None,Visible usable person instance (pedestrian/firefighter/civilian); tight accurate bounding box.,ANTIGRAVITY_VISUAL_QA,2026-09-26T03:55:00+07:00
1785,CAND_001785,MEDIUM,ADD,0,person,train,WEB09110.jpg,"(0.30898750, 0.94791667, 0.04922500, 0.10416667)",None,Visible usable person instance (pedestrian/firefighter/civilian); tight accurate bounding box.,ANTIGRAVITY_VISUAL_QA,2026-09-26T03:55:00+07:00
1786,CAND_001786,MEDIUM,ADD,0,person,train,WEB07150.jpg,"(0.44765625, 0.86805556, 0.05625000, 0.25277778)",None,Visible usable person instance (pedestrian/firefighter/civilian); tight accurate bounding box.,ANTIGRAVITY_VISUAL_QA,2026-09-26T03:55:00+07:00
1787,CAND_001787,MEDIUM,ADD,0,person,train,WEB08424.jpg,"(0.93281250, 0.45694444, 0.07812500, 0.35277778)",None,Visible usable person instance (pedestrian/firefighter/civilian); tight accurate bounding box.,ANTIGRAVITY_VISUAL_QA,2026-09-26T03:55:00+07:00
1788,CAND_001788,MEDIUM,ADD,0,person,train,WEB09403.jpg,"(0.75976562, 0.57777778, 0.04140625, 0.21388889)",None,Visible usable person instance (pedestrian/firefighter/civilian); tight accurate bounding box.,ANTIGRAVITY_VISUAL_QA,2026-09-26T03:55:00+07:00
1789,CAND_001789,MEDIUM,ADD,0,person,train,WEB09413.jpg,"(0.02542797, 0.53441472, 0.02668058, 0.10515050)",None,Visible usable person instance (pedestrian/firefighter/civilian); tight accurate bounding box.,ANTIGRAVITY_VISUAL_QA,2026-09-26T03:55:00+07:00
1790,CAND_001790,MEDIUM,ADD,0,person,test,WEB10185.jpg,"(0.04166667, 0.82363281, 0.05625000, 0.13398438)",None,Visible usable person instance (pedestrian/firefighter/civilian); tight accurate bounding box.,ANTIGRAVITY_VISUAL_QA,2026-09-26T03:55:00+07:00
1791,CAND_001791,MEDIUM,ADD,0,person,test,WEB11552.jpg,"(0.22729688, 0.64027778, 0.06728125, 0.35000000)",None,Visible usable person instance (pedestrian/firefighter/civilian); tight accurate bounding box.,ANTIGRAVITY_VISUAL_QA,2026-09-26T03:55:00+07:00
1792,CAND_001792,MEDIUM,REJECT,0,person,train,PublicDataset00932.jpg,"(0.36698333, 0.76926667, 0.03243333, 0.09480000)",None,Tiny ambiguous silhouette (9x21 px); insufficient pixel resolution to verify human instance.,ANTIGRAVITY_VISUAL_QA,2026-09-26T03:55:00+07:00
1793,CAND_001793,MEDIUM,ADD,0,person,train,WEB04024.jpg,"(0.36927083, 0.75703125, 0.02916667, 0.05781250)",None,Visible usable person instance (pedestrian/firefighter/civilian); tight accurate bounding box.,ANTIGRAVITY_VISUAL_QA,2026-09-26T03:55:00+07:00
1796,CAND_001796,MEDIUM,ADD,0,person,train,AoF02447.jpg,"(0.42304687, 0.19427083, 0.11796875, 0.38159722)",None,Visible usable person instance (pedestrian/firefighter/civilian); tight accurate bounding box.,ANTIGRAVITY_VISUAL_QA,2026-09-26T03:55:00+07:00
1797,CAND_001797,MEDIUM,ADD,0,person,train,WEB05942.jpg,"(0.57929167, 0.64272222, 0.07108333, 0.21666667)",None,Visible usable person instance (pedestrian/firefighter/civilian); tight accurate bounding box.,ANTIGRAVITY_VISUAL_QA,2026-09-26T03:55:00+07:00
1798,CAND_001798,MEDIUM,ADD,0,person,train,WEB06798.jpg,"(0.43459375, 0.58750000, 0.28468750, 0.17344340)",None,Visible usable person instance (pedestrian/firefighter/civilian); tight accurate bounding box.,ANTIGRAVITY_VISUAL_QA,2026-09-26T03:55:00+07:00
1799,CAND_001799,MEDIUM,ADD,0,person,train,WEB08901.jpg,"(0.36562500, 0.79583333, 0.04843750, 0.25833333)",None,Visible usable person instance (pedestrian/firefighter/civilian); tight accurate bounding box.,ANTIGRAVITY_VISUAL_QA,2026-09-26T03:55:00+07:00
1800,CAND_001800,MEDIUM,ADD,0,person,val,WEB05796.jpg,"(0.37343871, 0.68787500, 0.11874839, 0.61219444)",None,Visible usable person instance (pedestrian/firefighter/civilian); tight accurate bounding box.,ANTIGRAVITY_VISUAL_QA,2026-09-26T03:55:00+07:00
1801,CAND_001801,MEDIUM,ADD,0,person,val,WEB07056.jpg,"(0.78515625, 0.34166667, 0.02265625, 0.10277778)",None,Visible usable person instance (pedestrian/firefighter/civilian); tight accurate bounding box.,ANTIGRAVITY_VISUAL_QA,2026-09-26T03:55:00+07:00
1803,CAND_001803,MEDIUM,ADD,0,person,test,WEB10099.jpg,"(0.61485000, 0.62500000, 0.02500000, 0.11524272)",None,Visible usable person instance (pedestrian/firefighter/civilian); tight accurate bounding box.,ANTIGRAVITY_VISUAL_QA,2026-09-26T03:55:00+07:00
1804,CAND_001804,MEDIUM,ADD,0,person,test,WEB10621.jpg,"(0.48124699, 0.41813704, 0.07187650, 0.25267666)",None,Visible usable person instance (pedestrian/firefighter/civilian); tight accurate bounding box.,ANTIGRAVITY_VISUAL_QA,2026-09-26T03:55:00+07:00
1805,CAND_001805,MEDIUM,ADD,0,person,train,PublicDataset00981.jpg,"(0.41210625, 0.71209981, 0.09766250, 0.36487759)",None,Visible usable person instance (pedestrian/firefighter/civilian); tight accurate bounding box.,ANTIGRAVITY_VISUAL_QA,2026-09-26T03:55:00+07:00
1806,CAND_001806,MEDIUM,ADD,0,person,train,WEB04049.jpg,"(0.34687385, 0.84648773, 0.05078269, 0.22773006)",None,Visible usable person instance (pedestrian/firefighter/civilian); tight accurate bounding box.,ANTIGRAVITY_VISUAL_QA,2026-09-26T03:55:00+07:00
1807,CAND_001807,MEDIUM,ADD,0,person,train,WEB04920.jpg,"(0.56388614, 0.60118056, 0.16985149, 0.14452778)",None,Visible usable person instance (pedestrian/firefighter/civilian); tight accurate bounding box.,ANTIGRAVITY_VISUAL_QA,2026-09-26T03:55:00+07:00
1808,CAND_001808,MEDIUM,ADD,0,person,train,WEB07225.jpg,"(0.72148437, 0.52500000, 0.04296875, 0.18611111)",None,Visible usable person instance (pedestrian/firefighter/civilian); tight accurate bounding box.,ANTIGRAVITY_VISUAL_QA,2026-09-26T03:55:00+07:00
1809,CAND_001809,MEDIUM,ADD,0,person,train,WEB08901.jpg,"(0.57265625, 0.77638889, 0.02890625, 0.16527778)",None,Visible usable person instance (pedestrian/firefighter/civilian); tight accurate bounding box.,ANTIGRAVITY_VISUAL_QA,2026-09-26T03:55:00+07:00
1811,CAND_001811,MEDIUM,ADD,0,person,train,PublicDataset00865.jpg,"(0.57500000, 0.60798122, 0.02343750, 0.10798122)",None,Visible usable person instance (pedestrian/firefighter/civilian); tight accurate bounding box.,ANTIGRAVITY_VISUAL_QA,2026-09-26T03:55:00+07:00
1812,CAND_001812,MEDIUM,ADD,0,person,val,WEB07056.jpg,"(0.50546875, 0.31840278, 0.03437500, 0.18541667)",None,Visible usable person instance (pedestrian/firefighter/civilian); tight accurate bounding box.,ANTIGRAVITY_VISUAL_QA,2026-09-26T03:55:00+07:00
1813,CAND_001813,MEDIUM,ADD,0,person,train,AoF07329.jpg,"(0.42148438, 0.18055556, 0.11875000, 0.35555556)",None,Visible usable person instance (pedestrian/firefighter/civilian); tight accurate bounding box.,ANTIGRAVITY_VISUAL_QA,2026-09-26T03:55:00+07:00
1814,CAND_001814,MEDIUM,ADD,0,person,train,WEB05539.jpg,"(0.61171875, 0.72986111, 0.05312500, 0.16527778)",None,Visible usable person instance (pedestrian/firefighter/civilian); tight accurate bounding box.,ANTIGRAVITY_VISUAL_QA,2026-09-26T03:55:00+07:00
1815,CAND_001815,MEDIUM,ADD,0,person,train,WEB07141.jpg,"(0.51640625, 0.83819444, 0.12265625, 0.31388889)",None,Visible usable person instance (pedestrian/firefighter/civilian); tight accurate bounding box.,ANTIGRAVITY_VISUAL_QA,2026-09-26T03:55:00+07:00
1816,CAND_001816,MEDIUM,ADD,0,person,train,WEB07282.jpg,"(0.68194074, 0.53505833, 0.34444444, 0.27988333)",None,Visible usable person instance (pedestrian/firefighter/civilian); tight accurate bounding box.,ANTIGRAVITY_VISUAL_QA,2026-09-26T03:55:00+07:00
1817,CAND_001817,MEDIUM,ADD,0,person,train,WEB07928.jpg,"(0.76718750, 0.53385417, 0.02343750, 0.07604167)",None,Visible usable person instance (pedestrian/firefighter/civilian); tight accurate bounding box.,ANTIGRAVITY_VISUAL_QA,2026-09-26T03:55:00+07:00
1818,CAND_001818,MEDIUM,ADJUST_BBOX,0,person,val,WEB07715.jpg,"(0.97318801, 0.60546939, 0.05215259, 0.12812245)","(0.97355586, 0.60546939, 0.05288828, 0.12812245)",Visible valid person instance at image boundary; coordinate clamped to frame edge.,ANTIGRAVITY_VISUAL_QA,2026-09-26T03:55:00+07:00
1819,CAND_001819,MEDIUM,ADD,0,person,test,WEB11130.jpg,"(0.61006250, 0.62500000, 0.05520833, 0.12577830)",None,Visible usable person instance (pedestrian/firefighter/civilian); tight accurate bounding box.,ANTIGRAVITY_VISUAL_QA,2026-09-26T03:55:00+07:00
1820,CAND_001820,MEDIUM,ADD,0,person,test,WEB11642.jpg,"(0.25156250, 0.42986111, 0.02968750, 0.14305556)",None,Visible usable person instance (pedestrian/firefighter/civilian); tight accurate bounding box.,ANTIGRAVITY_VISUAL_QA,2026-09-26T03:55:00+07:00
1821,CAND_001821,MEDIUM,ADJUST_BBOX,0,person,train,WEB00574.jpg,"(0.19286719, 0.60694444, 0.38223438, 0.75694444)","(0.19199219, 0.60694444, 0.38398437, 0.75694444)",Visible valid person instance at image boundary; coordinate clamped to frame edge.,ANTIGRAVITY_VISUAL_QA,2026-09-26T03:55:00+07:00
1823,CAND_001823,MEDIUM,ADD,0,person,train,WEB04022.jpg,"(0.95000000, 0.73447066, 0.07968912, 0.18843498)",None,Visible usable person instance (pedestrian/firefighter/civilian); tight accurate bounding box.,ANTIGRAVITY_VISUAL_QA,2026-09-26T03:55:00+07:00
1824,CAND_001824,MEDIUM,ADD,0,person,train,WEB07225.jpg,"(0.68867188, 0.53750000, 0.04218750, 0.16666667)",None,Visible usable person instance (pedestrian/firefighter/civilian); tight accurate bounding box.,ANTIGRAVITY_VISUAL_QA,2026-09-26T03:55:00+07:00
1825,CAND_001825,MEDIUM,ADD,0,person,train,WEB07291.jpg,"(0.38828125, 0.50694444, 0.12187500, 0.51944444)",None,Visible usable person instance (pedestrian/firefighter/civilian); tight accurate bounding box.,ANTIGRAVITY_VISUAL_QA,2026-09-26T03:55:00+07:00
1826,CAND_001826,MEDIUM,ADD,0,person,train,PublicDataset00906.jpg,"(0.37382228, 0.66469474, 0.04375176, 0.17258947)",None,Visible usable person instance (pedestrian/firefighter/civilian); tight accurate bounding box.,ANTIGRAVITY_VISUAL_QA,2026-09-26T03:55:00+07:00
1827,CAND_001827,MEDIUM,ADD,0,person,train,WEB04058.jpg,"(0.54453214, 0.71622399, 0.11796429, 0.43107711)",None,Visible usable person instance (pedestrian/firefighter/civilian); tight accurate bounding box.,ANTIGRAVITY_VISUAL_QA,2026-09-26T03:55:00+07:00
1828,CAND_001828,MEDIUM,ADD,0,person,train,WEB04564.jpg,"(0.59218750, 0.44791852, 0.15937500, 0.44582222)",None,Visible usable person instance (pedestrian/firefighter/civilian); tight accurate bounding box.,ANTIGRAVITY_VISUAL_QA,2026-09-26T03:55:00+07:00
1831,CAND_001831,MEDIUM,ADD,0,person,train,WEB08749.jpg,"(0.29365196, 0.56954167, 0.08544118, 0.16797222)",None,Visible usable person instance (pedestrian/firefighter/civilian); tight accurate bounding box.,ANTIGRAVITY_VISUAL_QA,2026-09-26T03:55:00+07:00
1833,CAND_001833,MEDIUM,ADD,0,person,train,WEB06206.jpg,"(0.71367496, 0.37257812, 0.04140556, 0.23588542)",None,Visible usable person instance (pedestrian/firefighter/civilian); tight accurate bounding box.,ANTIGRAVITY_VISUAL_QA,2026-09-26T03:55:00+07:00
1834,CAND_001834,MEDIUM,ADD,0,person,train,WEB07572.jpg,"(0.47265455, 0.67957997, 0.05078182, 0.18048465)",None,Visible usable person instance (pedestrian/firefighter/civilian); tight accurate bounding box.,ANTIGRAVITY_VISUAL_QA,2026-09-26T03:55:00+07:00
1836,CAND_001836,MEDIUM,ADD,0,person,val,WEB03943.jpg,"(0.37304688, 0.34704861, 0.03281250, 0.18368056)",None,Visible usable person instance (pedestrian/firefighter/civilian); tight accurate bounding box.,ANTIGRAVITY_VISUAL_QA,2026-09-26T03:55:00+07:00
1837,CAND_001837,MEDIUM,ADD,0,person,val,WEB07218.jpg,"(0.79296875, 0.53750000, 0.03125000, 0.18888889)",None,Visible usable person instance (pedestrian/firefighter/civilian); tight accurate bounding box.,ANTIGRAVITY_VISUAL_QA,2026-09-26T03:55:00+07:00
1839,CAND_001839,MEDIUM,ADD,0,person,test,WEB11642.jpg,"(0.21757813, 0.43472222, 0.02578125, 0.13333333)",None,Visible usable person instance (pedestrian/firefighter/civilian); tight accurate bounding box.,ANTIGRAVITY_VISUAL_QA,2026-09-26T03:55:00+07:00
1840,CAND_001840,MEDIUM,ADD,0,person,train,AoF07328.jpg,"(0.42148438, 0.18051389, 0.11953125, 0.35286111)",None,Visible usable person instance (pedestrian/firefighter/civilian); tight accurate bounding box.,ANTIGRAVITY_VISUAL_QA,2026-09-26T03:55:00+07:00
1842,CAND_001842,MEDIUM,ADD,0,person,train,WEB08861.jpg,"(0.08603125, 0.52361111, 0.03046875, 0.11666667)",None,Visible usable person instance (pedestrian/firefighter/civilian); tight accurate bounding box.,ANTIGRAVITY_VISUAL_QA,2026-09-26T03:55:00+07:00
1843,CAND_001843,MEDIUM,ADJUST_BBOX,0,person,test,WEB11452.jpg,"(0.02382749, 0.67560579, 0.04741240, 0.11739602)","(0.02376685, 0.67560579, 0.04753369, 0.11739602)",Visible valid person instance at image boundary; coordinate clamped to frame edge.,ANTIGRAVITY_VISUAL_QA,2026-09-26T03:55:00+07:00
1844,CAND_001844,MEDIUM,ADD,0,person,train,WEB03873.jpg,"(0.43895973, 0.50720238, 0.07986577, 0.39630952)",None,Visible usable person instance (pedestrian/firefighter/civilian); tight accurate bounding box.,ANTIGRAVITY_VISUAL_QA,2026-09-26T03:55:00+07:00
1845,CAND_001845,MEDIUM,ADJUST_BBOX,0,person,train,WEB04572.jpg,"(0.97500000, 0.94780059, 0.04218750, 0.09853372)","(0.97500000, 0.94926686, 0.04218750, 0.10146628)",Visible valid person instance at image boundary; coordinate clamped to frame edge.,ANTIGRAVITY_VISUAL_QA,2026-09-26T03:55:00+07:00
1846,CAND_001846,MEDIUM,ADJUST_BBOX,0,person,train,WEB04572.jpg,"(0.86875000, 0.93724340, 0.07500000, 0.12434018)","(0.86875000, 0.93753666, 0.07500000, 0.12492669)",Visible valid person instance at image boundary; coordinate clamped to frame edge.,ANTIGRAVITY_VISUAL_QA,2026-09-26T03:55:00+07:00
1847,CAND_001847,MEDIUM,ADD,0,person,train,WEB07506.jpg,"(0.44883060, 0.72014831, 0.02421858, 0.12872881)",None,Visible usable person instance (pedestrian/firefighter/civilian); tight accurate bounding box.,ANTIGRAVITY_VISUAL_QA,2026-09-26T03:55:00+07:00
1848,CAND_001848,MEDIUM,ADD,0,person,train,WEB09073.jpg,"(0.36953186, 0.80396594, 0.02733420, 0.14034063)",None,Visible usable person instance (pedestrian/firefighter/civilian); tight accurate bounding box.,ANTIGRAVITY_VISUAL_QA,2026-09-26T03:55:00+07:00
1849,CAND_001849,MEDIUM,ADD,0,person,val,WEB02815.jpg,"(0.66288797, 0.79318440, 0.02343568, 0.12418440)",None,Visible usable person instance (pedestrian/firefighter/civilian); tight accurate bounding box.,ANTIGRAVITY_VISUAL_QA,2026-09-26T03:55:00+07:00
1850,CAND_001850,MEDIUM,ADD,0,person,val,WEB07725.jpg,"(0.62616832, 0.54973346, 0.03984158, 0.17696691)",None,Visible usable person instance (pedestrian/firefighter/civilian); tight accurate bounding box.,ANTIGRAVITY_VISUAL_QA,2026-09-26T03:55:00+07:00
1851,CAND_001851,MEDIUM,ADD,0,person,test,WEB10495.jpg,"(0.94531250, 0.70749441, 0.02187500, 0.09787472)",None,Visible usable person instance (pedestrian/firefighter/civilian); tight accurate bounding box.,ANTIGRAVITY_VISUAL_QA,2026-09-26T03:55:00+07:00
1852,CAND_001852,MEDIUM,ADD,0,person,test,WEB10571.jpg,"(0.68828488, 0.61614987, 0.03281008, 0.10312661)",None,Visible usable person instance (pedestrian/firefighter/civilian); tight accurate bounding box.,ANTIGRAVITY_VISUAL_QA,2026-09-26T03:55:00+07:00
1853,CAND_001853,MEDIUM,ADD,0,person,train,AoF02435.jpg,"(0.42304687, 0.18906250, 0.12421875, 0.36909722)",None,Visible usable person instance (pedestrian/firefighter/civilian); tight accurate bounding box.,ANTIGRAVITY_VISUAL_QA,2026-09-26T03:55:00+07:00
1854,CAND_001854,MEDIUM,ADD,0,person,train,WEB02285.jpg,"(0.97109606, 0.83464463, 0.05780788, 0.26423140)",None,Visible usable person instance (pedestrian/firefighter/civilian); tight accurate bounding box.,ANTIGRAVITY_VISUAL_QA,2026-09-26T03:55:00+07:00
1855,CAND_001855,MEDIUM,ADD,0,person,train,WEB05963.jpg,"(0.65781250, 0.54027778, 0.07031250, 0.28888889)",None,Visible usable person instance (pedestrian/firefighter/civilian); tight accurate bounding box.,ANTIGRAVITY_VISUAL_QA,2026-09-26T03:55:00+07:00
1857,CAND_001857,MEDIUM,ADD,0,person,train,WEB07837.jpg,"(0.63007813, 0.54114583, 0.04843750, 0.16875000)",None,Visible usable person instance (pedestrian/firefighter/civilian); tight accurate bounding box.,ANTIGRAVITY_VISUAL_QA,2026-09-26T03:55:00+07:00
1858,CAND_001858,MEDIUM,ADD,0,person,test,WEB11304.jpg,"(0.52265833, 0.38488889, 0.14375000, 0.18853333)",None,Visible usable person instance (pedestrian/firefighter/civilian); tight accurate bounding box.,ANTIGRAVITY_VISUAL_QA,2026-09-26T03:55:00+07:00
1859,CAND_001859,MEDIUM,ADD,0,person,train,AoF02378.jpg,"(0.42265625, 0.17395833, 0.12734375, 0.33819444)",None,Visible usable person instance (pedestrian/firefighter/civilian); tight accurate bounding box.,ANTIGRAVITY_VISUAL_QA,2026-09-26T03:55:00+07:00
1860,CAND_001860,MEDIUM,ADD,0,person,train,AoF02411.jpg,"(0.41953125, 0.17673611, 0.11875000, 0.34652778)",None,Visible usable person instance (pedestrian/firefighter/civilian); tight accurate bounding box.,ANTIGRAVITY_VISUAL_QA,2026-09-26T03:55:00+07:00
1861,CAND_001861,MEDIUM,ADD,0,person,train,WEB09079.jpg,"(0.15200000, 0.76093750, 0.29704348, 0.47500000)",None,Visible usable person instance (pedestrian/firefighter/civilian); tight accurate bounding box.,ANTIGRAVITY_VISUAL_QA,2026-09-26T03:55:00+07:00
1862,CAND_001862,MEDIUM,ADD,0,person,train,WEB09182.jpg,"(0.49609576, 0.67536810, 0.08749540, 0.38257669)",None,Visible usable person instance (pedestrian/firefighter/civilian); tight accurate bounding box.,ANTIGRAVITY_VISUAL_QA,2026-09-26T03:55:00+07:00
1863,CAND_001863,MEDIUM,ADD,0,person,train,AoF04432.jpg,"(0.45000000, 0.89387671, 0.01795489, 0.08824658)",None,Visible usable person instance (pedestrian/firefighter/civilian); tight accurate bounding box.,ANTIGRAVITY_VISUAL_QA,2026-09-26T03:55:00+07:00
1864,CAND_001864,MEDIUM,ADD,0,person,train,WEB03714.jpg,"(0.10644799, 0.65630841, 0.03769504, 0.16985981)",None,Visible usable person instance (pedestrian/firefighter/civilian); tight accurate bounding box.,ANTIGRAVITY_VISUAL_QA,2026-09-26T03:55:00+07:00
1866,CAND_001866,MEDIUM,ADD,0,person,train,WEB03947.jpg,"(0.18593750, 0.49583333, 0.04375000, 0.23611111)",None,Visible usable person instance (pedestrian/firefighter/civilian); tight accurate bounding box.,ANTIGRAVITY_VISUAL_QA,2026-09-26T03:55:00+07:00
1867,CAND_001867,MEDIUM,ADD,0,person,train,WEB05369.jpg,"(0.22089844, 0.54722222, 0.02070312, 0.07916667)",None,Visible usable person instance (pedestrian/firefighter/civilian); tight accurate bounding box.,ANTIGRAVITY_VISUAL_QA,2026-09-26T03:55:00+07:00
1869,CAND_001869,MEDIUM,ADD,0,person,train,WEB03908.jpg,"(0.80000590, 0.49550000, 0.39062500, 0.98270833)",None,Visible usable person instance (pedestrian/firefighter/civilian); tight accurate bounding box.,ANTIGRAVITY_VISUAL_QA,2026-09-26T03:55:00+07:00
1870,CAND_001870,MEDIUM,ADD,0,person,train,WEB02841.jpg,"(0.33007884, 0.63721202, 0.06954008, 0.21836394)",None,Visible usable person instance (pedestrian/firefighter/civilian); tight accurate bounding box.,ANTIGRAVITY_VISUAL_QA,2026-09-26T03:55:00+07:00
1871,CAND_001871,MEDIUM,ADD,0,person,train,WEB05387.jpg,"(0.54997525, 0.55390278, 0.05985149, 0.10469444)",None,Visible usable person instance (pedestrian/firefighter/civilian); tight accurate bounding box.,ANTIGRAVITY_VISUAL_QA,2026-09-26T03:55:00+07:00
1874,CAND_001874,MEDIUM,ADD,0,person,val,WEB06198.jpg,"(0.09013583, 0.52134467, 0.02714391, 0.14472952)",None,Visible usable person instance (pedestrian/firefighter/civilian); tight accurate bounding box.,ANTIGRAVITY_VISUAL_QA,2026-09-26T03:55:00+07:00
1875,CAND_001875,MEDIUM,ADD,0,person,val,WEB07339.jpg,"(0.26523605, 0.77167750, 0.09843777, 0.42845254)",None,Visible usable person instance (pedestrian/firefighter/civilian); tight accurate bounding box.,ANTIGRAVITY_VISUAL_QA,2026-09-26T03:55:00+07:00
1876,CAND_001876,MEDIUM,ADD,0,person,train,AoF02407.jpg,"(0.42031250, 0.18263889, 0.12109375, 0.35972222)",None,Visible usable person instance (pedestrian/firefighter/civilian); tight accurate bounding box.,ANTIGRAVITY_VISUAL_QA,2026-09-26T03:55:00+07:00
1877,CAND_001877,MEDIUM,ADD,0,person,train,WEB01158.jpg,"(0.21210937, 0.68125000, 0.03437500, 0.20138889)",None,Visible usable person instance (pedestrian/firefighter/civilian); tight accurate bounding box.,ANTIGRAVITY_VISUAL_QA,2026-09-26T03:55:00+07:00
1878,CAND_001878,MEDIUM,ADD,0,person,train,WEB03816.jpg,"(0.12246094, 0.33055556, 0.22695313, 0.65277778)",None,Visible usable person instance (pedestrian/firefighter/civilian); tight accurate bounding box.,ANTIGRAVITY_VISUAL_QA,2026-09-26T03:55:00+07:00
1879,CAND_001879,MEDIUM,ADD,0,person,train,WEB03948.jpg,"(0.33125000, 0.55138889, 0.06640625, 0.19722222)",None,Visible usable person instance (pedestrian/firefighter/civilian); tight accurate bounding box.,ANTIGRAVITY_VISUAL_QA,2026-09-26T03:55:00+07:00
1880,CAND_001880,MEDIUM,ADD,0,person,train,WEB04978.jpg,"(0.42656452, 0.59144737, 0.04532258, 0.25747368)",None,Visible usable person instance (pedestrian/firefighter/civilian); tight accurate bounding box.,ANTIGRAVITY_VISUAL_QA,2026-09-26T03:55:00+07:00
1881,CAND_001881,MEDIUM,ADD,0,person,train,WEB07259.jpg,"(0.42344167, 0.70625556, 0.01875000, 0.06980000)",None,Visible usable person instance (pedestrian/firefighter/civilian); tight accurate bounding box.,ANTIGRAVITY_VISUAL_QA,2026-09-26T03:55:00+07:00
1883,CAND_001883,MEDIUM,ADD,0,person,train,WEB09301.jpg,"(0.43359546, 0.76685417, 0.18750391, 0.45762500)",None,Visible usable person instance (pedestrian/firefighter/civilian); tight accurate bounding box.,ANTIGRAVITY_VISUAL_QA,2026-09-26T03:55:00+07:00
1884,CAND_001884,MEDIUM,ADD,0,person,train,WEB09318.jpg,"(0.42578125, 0.87926136, 0.02265625, 0.11647727)",None,Visible usable person instance (pedestrian/firefighter/civilian); tight accurate bounding box.,ANTIGRAVITY_VISUAL_QA,2026-09-26T03:55:00+07:00
1885,CAND_001885,MEDIUM,ADD,0,person,val,WEB04392.jpg,"(0.65664244, 0.63489664, 0.03671512, 0.11250646)",None,Visible usable person instance (pedestrian/firefighter/civilian); tight accurate bounding box.,ANTIGRAVITY_VISUAL_QA,2026-09-26T03:55:00+07:00
1886,CAND_001886,MEDIUM,ADD,0,person,test,WEB10473.jpg,"(0.90937500, 0.39982639, 0.06093750, 0.23645833)",None,Visible usable person instance (pedestrian/firefighter/civilian); tight accurate bounding box.,ANTIGRAVITY_VISUAL_QA,2026-09-26T03:55:00+07:00
1887,CAND_001887,MEDIUM,ADD,0,person,train,PublicDataset00896.jpg,"(0.24570714, 0.68913646, 0.05781429, 0.25187633)",None,Visible usable person instance (pedestrian/firefighter/civilian); tight accurate bounding box.,ANTIGRAVITY_VISUAL_QA,2026-09-26T03:55:00+07:00
1888,CAND_001888,MEDIUM,ADD,0,person,train,WEB01156.jpg,"(0.35565625, 0.71111111, 0.04218750, 0.14305556)",None,Visible usable person instance (pedestrian/firefighter/civilian); tight accurate bounding box.,ANTIGRAVITY_VISUAL_QA,2026-09-26T03:55:00+07:00
1890,CAND_001890,MEDIUM,ADD,0,person,val,WEB07611.jpg,"(0.59803968, 0.66875706, 0.02109524, 0.09175141)",None,Visible usable person instance (pedestrian/firefighter/civilian); tight accurate bounding box.,ANTIGRAVITY_VISUAL_QA,2026-09-26T03:55:00+07:00
1891,CAND_001891,MEDIUM,ADD,0,person,val,WEB07637.jpg,"(0.31132492, 0.66040960, 0.04608833, 0.22946328)",None,Visible usable person instance (pedestrian/firefighter/civilian); tight accurate bounding box.,ANTIGRAVITY_VISUAL_QA,2026-09-26T03:55:00+07:00
1892,CAND_001892,MEDIUM,ADD,0,person,test,WEB11557.jpg,"(0.90312500, 0.37708333, 0.05937500, 0.18611111)",None,Visible usable person instance (pedestrian/firefighter/civilian); tight accurate bounding box.,ANTIGRAVITY_VISUAL_QA,2026-09-26T03:55:00+07:00
1893,CAND_001893,MEDIUM,ADD,0,person,train,AoF02427.jpg,"(0.42226562, 0.17656250, 0.12109375, 0.34826389)",None,Visible usable person instance (pedestrian/firefighter/civilian); tight accurate bounding box.,ANTIGRAVITY_VISUAL_QA,2026-09-26T03:55:00+07:00
1894,CAND_001894,MEDIUM,ADD,0,person,train,WEB01153.jpg,"(0.44257812, 0.67569444, 0.01953125, 0.10555556)",None,Visible usable person instance (pedestrian/firefighter/civilian); tight accurate bounding box.,ANTIGRAVITY_VISUAL_QA,2026-09-26T03:55:00+07:00
1895,CAND_001895,MEDIUM,ADD,0,person,train,WEB02384.jpg,"(0.70976562, 0.63611111, 0.06406250, 0.43055556)",None,Visible usable person instance (pedestrian/firefighter/civilian); tight accurate bounding box.,ANTIGRAVITY_VISUAL_QA,2026-09-26T03:55:00+07:00
1896,CAND_001896,MEDIUM,ADD,0,person,train,WEB03947.jpg,"(0.97031250, 0.47013889, 0.05937500, 0.28194444)",None,Visible usable person instance (pedestrian/firefighter/civilian); tight accurate bounding box.,ANTIGRAVITY_VISUAL_QA,2026-09-26T03:55:00+07:00
1897,CAND_001897,MEDIUM,ADD,0,person,train,WEB08448.jpg,"(0.31542969, 0.50833333, 0.04726562, 0.23611111)",None,Visible usable person instance (pedestrian/firefighter/civilian); tight accurate bounding box.,ANTIGRAVITY_VISUAL_QA,2026-09-26T03:55:00+07:00
1898,CAND_001898,MEDIUM,ADD,0,person,val,WEB04392.jpg,"(0.70625000, 0.63593669, 0.04687984, 0.12290698)",None,Visible usable person instance (pedestrian/firefighter/civilian); tight accurate bounding box.,ANTIGRAVITY_VISUAL_QA,2026-09-26T03:55:00+07:00
1900,CAND_001900,MEDIUM,ADD,0,person,val,WEB08436.jpg,"(0.09121094, 0.77569444, 0.03007813, 0.15555556)",None,Visible usable person instance (pedestrian/firefighter/civilian); tight accurate bounding box.,ANTIGRAVITY_VISUAL_QA,2026-09-26T03:55:00+07:00
1901,CAND_001901,MEDIUM,ADD,0,person,val,WEB08447.jpg,"(0.94687500, 0.77777778, 0.02500000, 0.10555556)",None,Visible usable person instance (pedestrian/firefighter/civilian); tight accurate bounding box.,ANTIGRAVITY_VISUAL_QA,2026-09-26T03:55:00+07:00
1902,CAND_001902,MEDIUM,ADD,0,person,train,WEB03930.jpg,"(0.19375000, 0.44861111, 0.05390625, 0.24166667)",None,Visible usable person instance (pedestrian/firefighter/civilian); tight accurate bounding box.,ANTIGRAVITY_VISUAL_QA,2026-09-26T03:55:00+07:00
1903,CAND_001903,MEDIUM,ADD,0,person,train,WEB07215.jpg,"(0.81171875, 0.46527778, 0.05781250, 0.21388889)",None,Visible usable person instance (pedestrian/firefighter/civilian); tight accurate bounding box.,ANTIGRAVITY_VISUAL_QA,2026-09-26T03:55:00+07:00
1904,CAND_001904,MEDIUM,ADD,0,person,train,WEB07960.jpg,"(0.61953125, 0.53750000, 0.03281250, 0.15833333)",None,Visible usable person instance (pedestrian/firefighter/civilian); tight accurate bounding box.,ANTIGRAVITY_VISUAL_QA,2026-09-26T03:55:00+07:00
1905,CAND_001905,MEDIUM,ADD,0,person,train,WEB09007.jpg,"(0.40791182, 0.61822997, 0.01698643, 0.07917313)",None,Visible usable person instance (pedestrian/firefighter/civilian); tight accurate bounding box.,ANTIGRAVITY_VISUAL_QA,2026-09-26T03:55:00+07:00
1906,CAND_001906,MEDIUM,ADD,0,person,val,WEB08377.jpg,"(0.30214844, 0.52508143, 0.04687500, 0.17459283)",None,Visible usable person instance (pedestrian/firefighter/civilian); tight accurate bounding box.,ANTIGRAVITY_VISUAL_QA,2026-09-26T03:55:00+07:00
1907,CAND_001907,MEDIUM,ADD,0,person,val,WEB03963.jpg,"(0.81855208, 0.65520833, 0.08789583, 0.14375000)",None,Visible usable person instance (pedestrian/firefighter/civilian); tight accurate bounding box.,ANTIGRAVITY_VISUAL_QA,2026-09-26T03:55:00+07:00
1908,CAND_001908,MEDIUM,ADD,0,person,val,WEB08962.jpg,"(0.69570312, 0.76825843, 0.02500000, 0.12359551)",None,Visible usable person instance (pedestrian/firefighter/civilian); tight accurate bounding box.,ANTIGRAVITY_VISUAL_QA,2026-09-26T03:55:00+07:00
1909,CAND_001909,MEDIUM,ADD,0,person,test,WEB11552.jpg,"(0.09696875, 0.63611111, 0.06953125, 0.29166667)",None,Visible usable person instance (pedestrian/firefighter/civilian); tight accurate bounding box.,ANTIGRAVITY_VISUAL_QA,2026-09-26T03:55:00+07:00
1910,CAND_001910,MEDIUM,ADD,0,person,train,AoF02420.jpg,"(0.42148438, 0.17968750, 0.11796875, 0.35243056)",None,Visible usable person instance (pedestrian/firefighter/civilian); tight accurate bounding box.,ANTIGRAVITY_VISUAL_QA,2026-09-26T03:55:00+07:00
1911,CAND_001911,MEDIUM,ADD,0,person,train,AoF07330.jpg,"(0.42148438, 0.17781944, 0.11953125, 0.35061111)",None,Visible usable person instance (pedestrian/firefighter/civilian); tight accurate bounding box.,ANTIGRAVITY_VISUAL_QA,2026-09-26T03:55:00+07:00
1912,CAND_001912,MEDIUM,ADD,0,person,train,WEB02918.jpg,"(0.19101614, 0.85195157, 0.03164292, 0.13829060)",None,Visible usable person instance (pedestrian/firefighter/civilian); tight accurate bounding box.,ANTIGRAVITY_VISUAL_QA,2026-09-26T03:55:00+07:00
1914,CAND_001914,MEDIUM,ADD,0,person,train,WEB07204.jpg,"(0.33339844, 0.45138889, 0.04804688, 0.19722222)",None,Visible usable person instance (pedestrian/firefighter/civilian); tight accurate bounding box.,ANTIGRAVITY_VISUAL_QA,2026-09-26T03:55:00+07:00
1915,CAND_001915,MEDIUM,ADD,0,person,test,WEB10047.jpg,"(0.96050756, 0.86718905, 0.04477322, 0.10936982)",None,Visible usable person instance (pedestrian/firefighter/civilian); tight accurate bounding box.,ANTIGRAVITY_VISUAL_QA,2026-09-26T03:55:00+07:00
1916,CAND_001916,MEDIUM,ADD,0,person,test,WEB10620.jpg,"(0.16308624, 0.60521318, 0.07774225, 0.27812661)",None,Visible usable person instance (pedestrian/firefighter/civilian); tight accurate bounding box.,ANTIGRAVITY_VISUAL_QA,2026-09-26T03:55:00+07:00
1917,CAND_001917,MEDIUM,ADD,0,person,test,WEB10991.jpg,"(0.90156367, 0.63444362, 0.01719101, 0.08170623)",None,Visible usable person instance (pedestrian/firefighter/civilian); tight accurate bounding box.,ANTIGRAVITY_VISUAL_QA,2026-09-26T03:55:00+07:00
1918,CAND_001918,MEDIUM,ADD,0,person,test,WEB11242.jpg,"(0.45781250, 0.38593750, 0.04765625, 0.24201389)",None,Visible usable person instance (pedestrian/firefighter/civilian); tight accurate bounding box.,ANTIGRAVITY_VISUAL_QA,2026-09-26T03:55:00+07:00
1919,CAND_001919,MEDIUM,ADD,0,person,train,AoF02437.jpg,"(0.42304687, 0.19131944, 0.12265625, 0.37500000)",None,Visible usable person instance (pedestrian/firefighter/civilian); tight accurate bounding box.,ANTIGRAVITY_VISUAL_QA,2026-09-26T03:55:00+07:00
1920,CAND_001920,MEDIUM,ADD,0,person,train,WEB07210.jpg,"(0.74140625, 0.51944444, 0.04687500, 0.18194444)",None,Visible usable person instance (pedestrian/firefighter/civilian); tight accurate bounding box.,ANTIGRAVITY_VISUAL_QA,2026-09-26T03:55:00+07:00
1921,CAND_001921,MEDIUM,ADD,0,person,test,WEB11135.jpg,"(0.54656250, 0.68593750, 0.14079167, 0.25468160)",None,Visible usable person instance (pedestrian/firefighter/civilian); tight accurate bounding box.,ANTIGRAVITY_VISUAL_QA,2026-09-26T03:55:00+07:00
1922,CAND_001922,MEDIUM,ADD,0,person,train,WEB03935.jpg,"(0.17050781, 0.43194444, 0.03789062, 0.18333333)",None,Visible usable person instance (pedestrian/firefighter/civilian); tight accurate bounding box.,ANTIGRAVITY_VISUAL_QA,2026-09-26T03:55:00+07:00
1923,CAND_001923,MEDIUM,ADD,0,person,train,WEB03935.jpg,"(0.45429687, 0.43593750, 0.05859375, 0.22812500)",None,Visible usable person instance (pedestrian/firefighter/civilian); tight accurate bounding box.,ANTIGRAVITY_VISUAL_QA,2026-09-26T03:55:00+07:00
1924,CAND_001924,MEDIUM,ADD,0,person,train,WEB04095.jpg,"(0.93593750, 0.35347222, 0.07343750, 0.33888889)",None,Visible usable person instance (pedestrian/firefighter/civilian); tight accurate bounding box.,ANTIGRAVITY_VISUAL_QA,2026-09-26T03:55:00+07:00
1925,CAND_001925,MEDIUM,ADD,0,person,train,WEB05534.jpg,"(0.64453125, 0.68263889, 0.06875000, 0.27916667)",None,Visible usable person instance (pedestrian/firefighter/civilian); tight accurate bounding box.,ANTIGRAVITY_VISUAL_QA,2026-09-26T03:55:00+07:00
1926,CAND_001926,MEDIUM,ADD,0,person,train,WEB08897.jpg,"(0.36132812, 0.86111111, 0.03906250, 0.22777778)",None,Visible usable person instance (pedestrian/firefighter/civilian); tight accurate bounding box.,ANTIGRAVITY_VISUAL_QA,2026-09-26T03:55:00+07:00
1928,CAND_001928,MEDIUM,ADD,0,person,train,WEB03931.jpg,"(0.76445312, 0.40555556, 0.08828125, 0.36666667)",None,Visible usable person instance (pedestrian/firefighter/civilian); tight accurate bounding box.,ANTIGRAVITY_VISUAL_QA,2026-09-26T03:55:00+07:00
1929,CAND_001929,MEDIUM,ADD,0,person,train,WEB07174.jpg,"(0.03835417, 0.74687500, 0.03783333, 0.08125000)",None,Visible usable person instance (pedestrian/firefighter/civilian); tight accurate bounding box.,ANTIGRAVITY_VISUAL_QA,2026-09-26T03:55:00+07:00
1930,CAND_001930,MEDIUM,ADD,0,person,train,WEB07232.jpg,"(0.28769531, 0.22361111, 0.02851562, 0.15277778)",None,Visible usable person instance (pedestrian/firefighter/civilian); tight accurate bounding box.,ANTIGRAVITY_VISUAL_QA,2026-09-26T03:55:00+07:00
1931,CAND_001931,MEDIUM,ADD,0,person,train,WEB07506.jpg,"(0.49453005, 0.71257415, 0.02265574, 0.14235169)",None,Visible usable person instance (pedestrian/firefighter/civilian); tight accurate bounding box.,ANTIGRAVITY_VISUAL_QA,2026-09-26T03:55:00+07:00
1932,CAND_001932,MEDIUM,ADD,0,person,train,WEB09110.jpg,"(0.54140625, 0.93229167, 0.10468750, 0.13541667)",None,Visible usable person instance (pedestrian/firefighter/civilian); tight accurate bounding box.,ANTIGRAVITY_VISUAL_QA,2026-09-26T03:55:00+07:00
1933,CAND_001933,MEDIUM,ADD,0,person,train,WEB09413.jpg,"(0.10087683, 0.53943144, 0.02459290, 0.11391304)",None,Visible usable person instance (pedestrian/firefighter/civilian); tight accurate bounding box.,ANTIGRAVITY_VISUAL_QA,2026-09-26T03:55:00+07:00
1934,CAND_001934,MEDIUM,ADD,0,person,val,WEB02815.jpg,"(0.62812448, 0.79719149, 0.02655602, 0.12953191)",None,Visible usable person instance (pedestrian/firefighter/civilian); tight accurate bounding box.,ANTIGRAVITY_VISUAL_QA,2026-09-26T03:55:00+07:00
1935,CAND_001935,MEDIUM,ADD,0,person,val,WEB08451.jpg,"(0.46914062, 0.43333333, 0.03593750, 0.14444444)",None,Visible usable person instance (pedestrian/firefighter/civilian); tight accurate bounding box.,ANTIGRAVITY_VISUAL_QA,2026-09-26T03:55:00+07:00
1938,CAND_001938,MEDIUM,ADD,0,person,train,WEB07241.jpg,"(0.56640625, 0.75347222, 0.02812500, 0.12777778)",None,Visible usable person instance (pedestrian/firefighter/civilian); tight accurate bounding box.,ANTIGRAVITY_VISUAL_QA,2026-09-26T03:55:00+07:00
1939,CAND_001939,MEDIUM,ADD,0,person,train,WEB07541.jpg,"(0.33241953, 0.79847826, 0.07734979, 0.27904992)",None,Visible usable person instance (pedestrian/firefighter/civilian); tight accurate bounding box.,ANTIGRAVITY_VISUAL_QA,2026-09-26T03:55:00+07:00
1940,CAND_001940,MEDIUM,ADJUST_BBOX,0,person,val,WEB02896.jpg,"(0.75039151, 0.95078757, 0.03672642, 0.09455202)","(0.75039151, 0.95175578, 0.03672642, 0.09648844)",Visible valid person instance at image boundary; coordinate clamped to frame edge.,ANTIGRAVITY_VISUAL_QA,2026-09-26T03:55:00+07:00
1941,CAND_001941,MEDIUM,ADD,0,person,test,WEB10099.jpg,"(0.66250000, 0.61286408, 0.02500000, 0.11834951)",None,Visible usable person instance (pedestrian/firefighter/civilian); tight accurate bounding box.,ANTIGRAVITY_VISUAL_QA,2026-09-26T03:55:00+07:00
1943,CAND_001943,MEDIUM,ADD,0,person,train,WEB03362.jpg,"(0.39752146, 0.96562303, 0.04675966, 0.06875394)",None,Visible usable person instance (pedestrian/firefighter/civilian); tight accurate bounding box.,ANTIGRAVITY_VISUAL_QA,2026-09-26T03:55:00+07:00
1944,CAND_001944,MEDIUM,ADD,0,person,train,WEB06707.jpg,"(0.29023171, 0.86145528, 0.03202439, 0.12082927)",None,Visible usable person instance (pedestrian/firefighter/civilian); tight accurate bounding box.,ANTIGRAVITY_VISUAL_QA,2026-09-26T03:55:00+07:00
1945,CAND_001945,MEDIUM,ADD,0,person,train,WEB07799.jpg,"(0.98125126, 0.52459927, 0.03749748, 0.19743169)",None,Visible usable person instance (pedestrian/firefighter/civilian); tight accurate bounding box.,ANTIGRAVITY_VISUAL_QA,2026-09-26T03:55:00+07:00
1946,CAND_001946,MEDIUM,ADD,0,person,train,WEB07939.jpg,"(0.03174219, 0.40201087, 0.04395313, 0.20956522)",None,Visible usable person instance (pedestrian/firefighter/civilian); tight accurate bounding box.,ANTIGRAVITY_VISUAL_QA,2026-09-26T03:55:00+07:00
1947,CAND_001947,MEDIUM,ADD,0,person,train,WEB09284.jpg,"(0.87969444, 0.86269444, 0.09687037, 0.27461111)",None,Visible usable person instance (pedestrian/firefighter/civilian); tight accurate bounding box.,ANTIGRAVITY_VISUAL_QA,2026-09-26T03:55:00+07:00
1948,CAND_001948,MEDIUM,ADD,0,person,val,WEB07611.jpg,"(0.87500000, 0.69170904, 0.02498413, 0.11121469)",None,Visible usable person instance (pedestrian/firefighter/civilian); tight accurate bounding box.,ANTIGRAVITY_VISUAL_QA,2026-09-26T03:55:00+07:00
1949,CAND_001949,MEDIUM,ADD,0,person,val,WEB07715.jpg,"(0.80108992, 0.59726531, 0.05215259, 0.11795918)",None,Visible usable person instance (pedestrian/firefighter/civilian); tight accurate bounding box.,ANTIGRAVITY_VISUAL_QA,2026-09-26T03:55:00+07:00
1950,CAND_001950,MEDIUM,ADD,0,person,train,AoF02422.jpg,"(0.42109375, 0.17986111, 0.11796875, 0.35277778)",None,Visible usable person instance (pedestrian/firefighter/civilian); tight accurate bounding box.,ANTIGRAVITY_VISUAL_QA,2026-09-26T03:55:00+07:00
1951,CAND_001951,MEDIUM,ADD,0,person,train,PublicDataset00906.jpg,"(0.29609309, 0.65769474, 0.05235543, 0.21690526)",None,Visible usable person instance (pedestrian/firefighter/civilian); tight accurate bounding box.,ANTIGRAVITY_VISUAL_QA,2026-09-26T03:55:00+07:00
1952,CAND_001952,MEDIUM,ADD,0,person,train,WEB01158.jpg,"(0.46171875, 0.66875000, 0.02187500, 0.09444444)",None,Visible usable person instance (pedestrian/firefighter/civilian); tight accurate bounding box.,ANTIGRAVITY_VISUAL_QA,2026-09-26T03:55:00+07:00
1953,CAND_001953,MEDIUM,ADD,0,person,train,WEB04049.jpg,"(0.48671731, 0.88096626, 0.06249540, 0.18868098)",None,Visible usable person instance (pedestrian/firefighter/civilian); tight accurate bounding box.,ANTIGRAVITY_VISUAL_QA,2026-09-26T03:55:00+07:00
1954,CAND_001954,MEDIUM,ADJUST_BBOX,0,person,train,WEB04434.jpg,"(0.10849398, 0.52473874, 0.21660241, 0.60025225)","(0.10839759, 0.52473874, 0.21679518, 0.60025225)",Visible valid person instance at image boundary; coordinate clamped to frame edge.,ANTIGRAVITY_VISUAL_QA,2026-09-26T03:55:00+07:00
1955,CAND_001955,MEDIUM,ADD,0,person,train,WEB05369.jpg,"(0.48671875, 0.62430556, 0.03906250, 0.13194444)",None,Visible usable person instance (pedestrian/firefighter/civilian); tight accurate bounding box.,ANTIGRAVITY_VISUAL_QA,2026-09-26T03:55:00+07:00
1956,CAND_001956,MEDIUM,ADD,0,person,train,AoF02428.jpg,"(0.42119141, 0.17843056, 0.11855469, 0.34869444)",None,Visible usable person instance (pedestrian/firefighter/civilian); tight accurate bounding box.,ANTIGRAVITY_VISUAL_QA,2026-09-26T03:55:00+07:00
1957,CAND_001957,MEDIUM,ADD,0,person,train,WEB04024.jpg,"(0.06809896, 0.89140625, 0.04088542, 0.09218750)",None,Visible usable person instance (pedestrian/firefighter/civilian); tight accurate bounding box.,ANTIGRAVITY_VISUAL_QA,2026-09-26T03:55:00+07:00
1958,CAND_001958,MEDIUM,ADD,0,person,train,WEB04539.jpg,"(0.23515625, 0.67048571, 0.35232639, 0.62611429)",None,Visible usable person instance (pedestrian/firefighter/civilian); tight accurate bounding box.,ANTIGRAVITY_VISUAL_QA,2026-09-26T03:55:00+07:00
1959,CAND_001959,MEDIUM,ADD,0,person,train,WEB07231.jpg,"(0.46835938, 0.43680556, 0.07500000, 0.25000000)",None,Visible usable person instance (pedestrian/firefighter/civilian); tight accurate bounding box.,ANTIGRAVITY_VISUAL_QA,2026-09-26T03:55:00+07:00
1960,CAND_001960,MEDIUM,ADD,0,person,train,WEB07568.jpg,"(0.36992273, 0.76219709, 0.03437273, 0.18326333)",None,Visible usable person instance (pedestrian/firefighter/civilian); tight accurate bounding box.,ANTIGRAVITY_VISUAL_QA,2026-09-26T03:55:00+07:00
1961,CAND_001961,MEDIUM,ADD,0,person,train,WEB08477.jpg,"(0.22724427, 0.77343658, 0.11967939, 0.44687316)",None,Visible usable person instance (pedestrian/firefighter/civilian); tight accurate bounding box.,ANTIGRAVITY_VISUAL_QA,2026-09-26T03:55:00+07:00
1962,CAND_001962,MEDIUM,ADD,0,person,train,WEB08901.jpg,"(0.46875000, 0.78541667, 0.04218750, 0.22222222)",None,Visible usable person instance (pedestrian/firefighter/civilian); tight accurate bounding box.,ANTIGRAVITY_VISUAL_QA,2026-09-26T03:55:00+07:00
1963,CAND_001963,MEDIUM,ADD,0,person,train,WEB09019.jpg,"(0.57656250, 0.72777778, 0.03593750, 0.11388889)",None,Visible usable person instance (pedestrian/firefighter/civilian); tight accurate bounding box.,ANTIGRAVITY_VISUAL_QA,2026-09-26T03:55:00+07:00
1964,CAND_001964,MEDIUM,ADD,0,person,test,WEB10035.jpg,"(0.95156489, 0.76623907, 0.02500000, 0.11457726)",None,Visible usable person instance (pedestrian/firefighter/civilian); tight accurate bounding box.,ANTIGRAVITY_VISUAL_QA,2026-09-26T03:55:00+07:00
1965,CAND_001965,MEDIUM,ADD,0,person,train,PublicDataset00896.jpg,"(0.54453571, 0.65298507, 0.03281429, 0.15390192)",None,Visible usable person instance (pedestrian/firefighter/civilian); tight accurate bounding box.,ANTIGRAVITY_VISUAL_QA,2026-09-26T03:55:00+07:00
1966,CAND_001966,MEDIUM,ADD,0,person,train,WEB03043.jpg,"(0.63281250, 0.44444444, 0.13750000, 0.65138889)",None,Visible usable person instance (pedestrian/firefighter/civilian); tight accurate bounding box.,ANTIGRAVITY_VISUAL_QA,2026-09-26T03:55:00+07:00
1967,CAND_001967,MEDIUM,ADD,0,person,train,WEB07212.jpg,"(0.22539063, 0.44861111, 0.05664062, 0.17777778)",None,Visible usable person instance (pedestrian/firefighter/civilian); tight accurate bounding box.,ANTIGRAVITY_VISUAL_QA,2026-09-26T03:55:00+07:00
1970,CAND_001970,MEDIUM,ADD,0,person,test,WEB11343.jpg,"(0.73241587, 0.93472222, 0.01718750, 0.08611111)",None,Visible usable person instance (pedestrian/firefighter/civilian); tight accurate bounding box.,ANTIGRAVITY_VISUAL_QA,2026-09-26T03:55:00+07:00
1971,CAND_001971,MEDIUM,ADD,0,person,train,AoF02375.jpg,"(0.42304687, 0.17430556, 0.12578125, 0.33888889)",None,Visible usable person instance (pedestrian/firefighter/civilian); tight accurate bounding box.,ANTIGRAVITY_VISUAL_QA,2026-09-26T03:55:00+07:00
1972,CAND_001972,MEDIUM,ADD,0,person,train,AoF02425.jpg,"(0.42119141, 0.18125000, 0.11699219, 0.35416667)",None,Visible usable person instance (pedestrian/firefighter/civilian); tight accurate bounding box.,ANTIGRAVITY_VISUAL_QA,2026-09-26T03:55:00+07:00
1973,CAND_001973,MEDIUM,ADD,0,person,train,PublicDataset00896.jpg,"(0.76484286, 0.72060768, 0.07342857, 0.12360341)",None,Visible usable person instance (pedestrian/firefighter/civilian); tight accurate bounding box.,ANTIGRAVITY_VISUAL_QA,2026-09-26T03:55:00+07:00
1974,CAND_001974,MEDIUM,ADD,0,person,train,WEB05458.jpg,"(0.83203750, 0.69479167, 0.06562500, 0.25105000)",None,Visible usable person instance (pedestrian/firefighter/civilian); tight accurate bounding box.,ANTIGRAVITY_VISUAL_QA,2026-09-26T03:55:00+07:00
1975,CAND_001975,MEDIUM,ADD,0,person,train,WEB08448.jpg,"(0.46835938, 0.46944444, 0.03515625, 0.18333333)",None,Visible usable person instance (pedestrian/firefighter/civilian); tight accurate bounding box.,ANTIGRAVITY_VISUAL_QA,2026-09-26T03:55:00+07:00
1976,CAND_001976,MEDIUM,ADD,0,person,train,WEB07196.jpg,"(0.43828125, 0.47708333, 0.05781250, 0.23333333)",None,Visible usable person instance (pedestrian/firefighter/civilian); tight accurate bounding box.,ANTIGRAVITY_VISUAL_QA,2026-09-26T03:55:00+07:00
1977,CAND_001977,MEDIUM,ADD,0,person,train,WEB07955.jpg,"(0.34043103, 0.87222222, 0.02890086, 0.16111111)",None,Visible usable person instance (pedestrian/firefighter/civilian); tight accurate bounding box.,ANTIGRAVITY_VISUAL_QA,2026-09-26T03:55:00+07:00
1978,CAND_001978,MEDIUM,ADD,0,person,train,WEB08426.jpg,"(0.53437500, 0.87361111, 0.07500000, 0.25277778)",None,Visible usable person instance (pedestrian/firefighter/civilian); tight accurate bounding box.,ANTIGRAVITY_VISUAL_QA,2026-09-26T03:55:00+07:00
1979,CAND_001979,MEDIUM,ADD,0,person,train,WEB08549.jpg,"(0.98437903, 0.61291155, 0.02343548, 0.08331695)",None,Visible usable person instance (pedestrian/firefighter/civilian); tight accurate bounding box.,ANTIGRAVITY_VISUAL_QA,2026-09-26T03:55:00+07:00
1980,CAND_001980,MEDIUM,ADD,0,person,train,WEB09413.jpg,"(0.20424843, 0.54817726, 0.02899791, 0.08511706)",None,Visible usable person instance (pedestrian/firefighter/civilian); tight accurate bounding box.,ANTIGRAVITY_VISUAL_QA,2026-09-26T03:55:00+07:00
1981,CAND_001981,MEDIUM,ADD,0,person,test,WEB10185.jpg,"(0.34036458, 0.78046875, 0.05989583, 0.17187500)",None,Visible usable person instance (pedestrian/firefighter/civilian); tight accurate bounding box.,ANTIGRAVITY_VISUAL_QA,2026-09-26T03:55:00+07:00
1982,CAND_001982,MEDIUM,ADD,0,person,test,WEB11557.jpg,"(0.95156250, 0.37622222, 0.04687500, 0.16700000)",None,Visible usable person instance (pedestrian/firefighter/civilian); tight accurate bounding box.,ANTIGRAVITY_VISUAL_QA,2026-09-26T03:55:00+07:00
1983,CAND_001983,MEDIUM,ADD,0,person,train,AoF02409.jpg,"(0.41992188, 0.18107639, 0.11796875, 0.35520833)",None,Visible usable person instance (pedestrian/firefighter/civilian); tight accurate bounding box.,ANTIGRAVITY_VISUAL_QA,2026-09-26T03:55:00+07:00
1984,CAND_001984,MEDIUM,ADD,0,person,train,WEB06197.jpg,"(0.84609398, 0.47624413, 0.01875184, 0.10657277)",None,Visible usable person instance (pedestrian/firefighter/civilian); tight accurate bounding box.,ANTIGRAVITY_VISUAL_QA,2026-09-26T03:55:00+07:00
1985,CAND_001985,MEDIUM,ADD,0,person,train,WEB08061.jpg,"(0.84140278, 0.86492472, 0.03125000, 0.08681305)",None,Visible usable person instance (pedestrian/firefighter/civilian); tight accurate bounding box.,ANTIGRAVITY_VISUAL_QA,2026-09-26T03:55:00+07:00
1986,CAND_001986,MEDIUM,ADD,0,person,train,WEB08427.jpg,"(0.11877344, 0.85972222, 0.15189063, 0.26944444)",None,Visible usable person instance (pedestrian/firefighter/civilian); tight accurate bounding box.,ANTIGRAVITY_VISUAL_QA,2026-09-26T03:55:00+07:00
1988,CAND_001988,MEDIUM,ADD,0,person,test,WEB10623.jpg,"(0.15800781, 0.74048443, 0.07070313, 0.29204152)",None,Visible usable person instance (pedestrian/firefighter/civilian); tight accurate bounding box.,ANTIGRAVITY_VISUAL_QA,2026-09-26T03:55:00+07:00
1989,CAND_001989,MEDIUM,ADD,0,person,test,WEB11242.jpg,"(0.41181641, 0.38611111, 0.05917969, 0.23194444)",None,Visible usable person instance (pedestrian/firefighter/civilian); tight accurate bounding box.,ANTIGRAVITY_VISUAL_QA,2026-09-26T03:55:00+07:00
1990,CAND_001990,MEDIUM,ADD,0,person,train,WEB01155.jpg,"(0.74570313, 0.80000000, 0.07343750, 0.16944444)",None,Visible usable person instance (pedestrian/firefighter/civilian); tight accurate bounding box.,ANTIGRAVITY_VISUAL_QA,2026-09-26T03:55:00+07:00
1991,CAND_001991,MEDIUM,ADD,0,person,train,WEB03356.jpg,"(0.13359223, 0.79322650, 0.01328155, 0.06189459)",None,Visible usable person instance (pedestrian/firefighter/civilian); tight accurate bounding box.,ANTIGRAVITY_VISUAL_QA,2026-09-26T03:55:00+07:00
1992,CAND_001992,MEDIUM,ADD,0,person,train,WEB05408.jpg,"(0.60780833, 0.40364444, 0.05625000, 0.24062222)",None,Visible usable person instance (pedestrian/firefighter/civilian); tight accurate bounding box.,ANTIGRAVITY_VISUAL_QA,2026-09-26T03:55:00+07:00
1993,CAND_001993,MEDIUM,ADJUST_BBOX,0,person,train,WEB08381.jpg,"(0.02668571, 0.80937500, 0.05297143, 0.36645000)","(0.02658571, 0.81307500, 0.05317143, 0.37385000)",Visible valid person instance at image boundary; coordinate clamped to frame edge.,ANTIGRAVITY_VISUAL_QA,2026-09-26T03:55:00+07:00
1994,CAND_001994,MEDIUM,ADD,0,person,train,WEB08710.jpg,"(0.63593553, 0.87505556, 0.03592767, 0.19461111)",None,Visible usable person instance (pedestrian/firefighter/civilian); tight accurate bounding box.,ANTIGRAVITY_VISUAL_QA,2026-09-26T03:55:00+07:00
1995,CAND_001995,MEDIUM,ADD,0,person,train,AoF02423.jpg,"(0.42197266, 0.18025000, 0.11699219, 0.35269444)",None,Visible usable person instance (pedestrian/firefighter/civilian); tight accurate bounding box.,ANTIGRAVITY_VISUAL_QA,2026-09-26T03:55:00+07:00
1996,CAND_001996,MEDIUM,ADD,0,person,train,WEB07201.jpg,"(0.33320312, 0.39149306, 0.03437500, 0.15312500)",None,Visible usable person instance (pedestrian/firefighter/civilian); tight accurate bounding box.,ANTIGRAVITY_VISUAL_QA,2026-09-26T03:55:00+07:00
1997,CAND_001997,MEDIUM,ADD,0,person,train,WEB07256.jpg,"(0.75780882, 0.62093506, 0.02344118, 0.11038961)",None,Visible usable person instance (pedestrian/firefighter/civilian); tight accurate bounding box.,ANTIGRAVITY_VISUAL_QA,2026-09-26T03:55:00+07:00
1998,CAND_001998,MEDIUM,ADD,0,person,train,WEB07898.jpg,"(0.05370229, 0.85659004, 0.06171756, 0.15647510)",None,Visible usable person instance (pedestrian/firefighter/civilian); tight accurate bounding box.,ANTIGRAVITY_VISUAL_QA,2026-09-26T03:55:00+07:00
1999,CAND_001999,MEDIUM,ADD,0,person,test,WEB11245.jpg,"(0.36309013, 0.84068438, 0.03866953, 0.15946860)",None,Visible usable person instance (pedestrian/firefighter/civilian); tight accurate bounding box.,ANTIGRAVITY_VISUAL_QA,2026-09-26T03:55:00+07:00
2000,CAND_002000,MEDIUM,ADD,0,person,train,AoF02441.jpg,"(0.42265625, 0.18541667, 0.11171875, 0.36111111)",None,Visible usable person instance (pedestrian/firefighter/civilian); tight accurate bounding box.,ANTIGRAVITY_VISUAL_QA,2026-09-26T03:55:00+07:00
2001,CAND_002001,MEDIUM,ADD,0,person,train,WEB04968.jpg,"(0.25214736, 0.80206000, 0.03358942, 0.16748000)",None,Visible usable person instance (pedestrian/firefighter/civilian); tight accurate bounding box.,ANTIGRAVITY_VISUAL_QA,2026-09-26T03:55:00+07:00
2002,CAND_002002,MEDIUM,ADD,0,person,train,WEB07205.jpg,"(0.98281250, 0.50555556, 0.03437500, 0.12500000)",None,Visible usable person instance (pedestrian/firefighter/civilian); tight accurate bounding box.,ANTIGRAVITY_VISUAL_QA,2026-09-26T03:55:00+07:00
2003,CAND_002003,MEDIUM,ADD,0,person,train,WEB07216.jpg,"(0.76562500, 0.48750000, 0.04375000, 0.24444444)",None,Visible usable person instance (pedestrian/firefighter/civilian); tight accurate bounding box.,ANTIGRAVITY_VISUAL_QA,2026-09-26T03:55:00+07:00
2004,CAND_002004,MEDIUM,ADD,0,person,test,WEB10264.jpg,"(0.44296875, 0.56388889, 0.05312500, 0.20277778)",None,Visible usable person instance (pedestrian/firefighter/civilian); tight accurate bounding box.,ANTIGRAVITY_VISUAL_QA,2026-09-26T03:55:00+07:00
2005,CAND_002005,MEDIUM,ADD,0,person,test,WEB11641.jpg,"(0.35468750, 0.42777778, 0.02343750, 0.13055556)",None,Visible usable person instance (pedestrian/firefighter/civilian); tight accurate bounding box.,ANTIGRAVITY_VISUAL_QA,2026-09-26T03:55:00+07:00
2006,CAND_002006,MEDIUM,ADD,0,person,train,AoF02418.jpg,"(0.42041016, 0.18402778, 0.12167969, 0.36180556)",None,Visible usable person instance (pedestrian/firefighter/civilian); tight accurate bounding box.,ANTIGRAVITY_VISUAL_QA,2026-09-26T03:55:00+07:00
2007,CAND_002007,MEDIUM,ADD,0,person,train,WEB08985.jpg,"(0.88984000, 0.77183735, 0.03750000, 0.14120482)",None,Visible usable person instance (pedestrian/firefighter/civilian); tight accurate bounding box.,ANTIGRAVITY_VISUAL_QA,2026-09-26T03:55:00+07:00
2008,CAND_002008,MEDIUM,ADD,0,person,train,WEB09020.jpg,"(0.58359375, 0.83888889, 0.03750000, 0.10972222)",None,Visible usable person instance (pedestrian/firefighter/civilian); tight accurate bounding box.,ANTIGRAVITY_VISUAL_QA,2026-09-26T03:55:00+07:00
2009,CAND_002009,MEDIUM,ADD,0,person,train,AoF02459.jpg,"(0.42724609, 0.20017361, 0.11113281, 0.39340278)",None,Visible usable person instance (pedestrian/firefighter/civilian); tight accurate bounding box.,ANTIGRAVITY_VISUAL_QA,2026-09-26T03:55:00+07:00
2010,CAND_002010,MEDIUM,ADJUST_BBOX,0,person,train,WEB07440.jpg,"(0.15236842, 0.84166667, 0.11050343, 0.31295139)","(0.15236842, 0.84259549, 0.11050343, 0.31480903)",Visible valid person instance at image boundary; coordinate clamped to frame edge.,ANTIGRAVITY_VISUAL_QA,2026-09-26T03:55:00+07:00
2011,CAND_002011,MEDIUM,ADD,0,person,train,WEB07526.jpg,"(0.56562755, 0.64218297, 0.15468367, 0.67961957)",None,Visible usable person instance (pedestrian/firefighter/civilian); tight accurate bounding box.,ANTIGRAVITY_VISUAL_QA,2026-09-26T03:55:00+07:00
2012,CAND_002012,MEDIUM,ADD,0,person,train,WEB07641.jpg,"(0.03540288, 0.82685279, 0.01854676, 0.09096447)",None,Visible usable person instance (pedestrian/firefighter/civilian); tight accurate bounding box.,ANTIGRAVITY_VISUAL_QA,2026-09-26T03:55:00+07:00
2013,CAND_002013,MEDIUM,ADD,0,person,train,WEB08133.jpg,"(0.53280996, 0.82617378, 0.02811992, 0.09140244)",None,Visible usable person instance (pedestrian/firefighter/civilian); tight accurate bounding box.,ANTIGRAVITY_VISUAL_QA,2026-09-26T03:55:00+07:00
2014,CAND_002014,MEDIUM,ADD,0,person,val,WEB07725.jpg,"(0.56835644, 0.69623162, 0.07578218, 0.39452206)",None,Visible usable person instance (pedestrian/firefighter/civilian); tight accurate bounding box.,ANTIGRAVITY_VISUAL_QA,2026-09-26T03:55:00+07:00
2016,CAND_002016,MEDIUM,ADD,0,person,test,WEB10339.jpg,"(0.39570370, 0.90386326, 0.02577778, 0.10841845)",None,Visible usable person instance (pedestrian/firefighter/civilian); tight accurate bounding box.,ANTIGRAVITY_VISUAL_QA,2026-09-26T03:55:00+07:00
2017,CAND_002017,MEDIUM,ADD,0,person,train,WEB01634.jpg,"(0.63554687, 0.73958333, 0.07031250, 0.27777778)",None,Visible usable person instance (pedestrian/firefighter/civilian); tight accurate bounding box.,ANTIGRAVITY_VISUAL_QA,2026-09-26T03:55:00+07:00
2018,CAND_002018,MEDIUM,ADD,0,person,train,WEB05546.jpg,"(0.40009766, 0.60416667, 0.04824219, 0.15833333)",None,Visible usable person instance (pedestrian/firefighter/civilian); tight accurate bounding box.,ANTIGRAVITY_VISUAL_QA,2026-09-26T03:55:00+07:00
2019,CAND_002019,MEDIUM,ADD,0,person,train,WEB07241.jpg,"(0.11669922, 0.70555556, 0.02597656, 0.12222222)",None,Visible usable person instance (pedestrian/firefighter/civilian); tight accurate bounding box.,ANTIGRAVITY_VISUAL_QA,2026-09-26T03:55:00+07:00
2020,CAND_002020,MEDIUM,ADD,0,person,train,WEB07492.jpg,"(0.53389831, 0.87500000, 0.14271186, 0.17031180)",None,Visible usable person instance (pedestrian/firefighter/civilian); tight accurate bounding box.,ANTIGRAVITY_VISUAL_QA,2026-09-26T03:55:00+07:00
2021,CAND_002021,MEDIUM,ADJUST_BBOX,0,person,train,WEB07858.jpg,"(0.01907031, 0.71661932, 0.03798438, 0.19460227)","(0.01903125, 0.71661932, 0.03806250, 0.19460227)",Visible valid person instance at image boundary; coordinate clamped to frame edge.,ANTIGRAVITY_VISUAL_QA,2026-09-26T03:55:00+07:00
2022,CAND_002022,MEDIUM,REJECT,0,person,train,WEB08708.jpg,"(0.43681604, 0.89990278, 0.19199686, 0.19047222)",None,"Unusable extreme frame edge truncation (19.2%w x 19.0%h, aspect=0.56) showing only marginal body sliver.",ANTIGRAVITY_VISUAL_QA,2026-09-26T03:55:00+07:00
2023,CAND_002023,MEDIUM,ADD,0,person,train,WEB09217.jpg,"(0.98125000, 0.78574885, 0.03750000, 0.08640553)",None,Visible usable person instance (pedestrian/firefighter/civilian); tight accurate bounding box.,ANTIGRAVITY_VISUAL_QA,2026-09-26T03:55:00+07:00
2024,CAND_002024,MEDIUM,ADD,0,person,test,WEB10472.jpg,"(0.24101563, 0.40954861, 0.04609375, 0.22812500)",None,Visible usable person instance (pedestrian/firefighter/civilian); tight accurate bounding box.,ANTIGRAVITY_VISUAL_QA,2026-09-26T03:55:00+07:00
2025,CAND_002025,MEDIUM,ADD,0,person,train,WEB02794.jpg,"(0.51015501, 0.81539432, 0.01250397, 0.06820189)",None,Visible usable person instance (pedestrian/firefighter/civilian); tight accurate bounding box.,ANTIGRAVITY_VISUAL_QA,2026-09-26T03:55:00+07:00
2026,CAND_002026,MEDIUM,ADD,0,person,train,WEB03482.jpg,"(0.62031429, 0.77269231, 0.04219048, 0.19168360)",None,Visible usable person instance (pedestrian/firefighter/civilian); tight accurate bounding box.,ANTIGRAVITY_VISUAL_QA,2026-09-26T03:55:00+07:00
2027,CAND_002027,MEDIUM,ADD,0,person,train,WEB06056.jpg,"(0.26679687, 0.84619687, 0.04609375, 0.19127517)",None,Visible usable person instance (pedestrian/firefighter/civilian); tight accurate bounding box.,ANTIGRAVITY_VISUAL_QA,2026-09-26T03:55:00+07:00
2028,CAND_002028,MEDIUM,ADD,0,person,train,WEB08477.jpg,"(0.04934351, 0.73554572, 0.09337405, 0.46327434)",None,Visible usable person instance (pedestrian/firefighter/civilian); tight accurate bounding box.,ANTIGRAVITY_VISUAL_QA,2026-09-26T03:55:00+07:00
2029,CAND_002029,MEDIUM,ADD,0,person,train,WEB09130.jpg,"(0.25097738, 0.65774554, 0.12812601, 0.31087798)",None,Visible usable person instance (pedestrian/firefighter/civilian); tight accurate bounding box.,ANTIGRAVITY_VISUAL_QA,2026-09-26T03:55:00+07:00
2030,CAND_002030,MEDIUM,ADD,0,person,val,WEB07339.jpg,"(0.79804721, 0.60124837, 0.10078112, 0.41425228)",None,Visible usable person instance (pedestrian/firefighter/civilian); tight accurate bounding box.,ANTIGRAVITY_VISUAL_QA,2026-09-26T03:55:00+07:00
2031,CAND_002031,MEDIUM,ADD,0,person,test,WEB11751.jpg,"(0.28593750, 0.62777778, 0.04140625, 0.22777778)",None,Visible usable person instance (pedestrian/firefighter/civilian); tight accurate bounding box.,ANTIGRAVITY_VISUAL_QA,2026-09-26T03:55:00+07:00
2032,CAND_002032,MEDIUM,ADD,0,person,train,WEB02901.jpg,"(0.49297365, 0.68907500, 0.02968632, 0.08718333)",None,Visible usable person instance (pedestrian/firefighter/civilian); tight accurate bounding box.,ANTIGRAVITY_VISUAL_QA,2026-09-26T03:55:00+07:00
2033,CAND_002033,MEDIUM,ADD,0,person,train,WEB08901.jpg,"(0.52265625, 0.78263889, 0.03906250, 0.21250000)",None,Visible usable person instance (pedestrian/firefighter/civilian); tight accurate bounding box.,ANTIGRAVITY_VISUAL_QA,2026-09-26T03:55:00+07:00
2034,CAND_002034,MEDIUM,ADD,0,person,train,WEB09123.jpg,"(0.97265504, 0.70208656, 0.02812016, 0.09791990)",None,Visible usable person instance (pedestrian/firefighter/civilian); tight accurate bounding box.,ANTIGRAVITY_VISUAL_QA,2026-09-26T03:55:00+07:00
2035,CAND_002035,MEDIUM,ADJUST_BBOX,0,person,val,WEB08937.jpg,"(0.96905941, 0.66131944, 0.05574257, 0.08047222)","(0.97059406, 0.66131944, 0.05881188, 0.08047222)",Visible valid person instance at image boundary; coordinate clamped to frame edge.,ANTIGRAVITY_VISUAL_QA,2026-09-26T03:55:00+07:00
2037,CAND_002037,MEDIUM,ADD,0,person,train,WEB01079.jpg,"(0.66562500, 0.60416667, 0.02812500, 0.12638889)",None,Visible usable person instance (pedestrian/firefighter/civilian); tight accurate bounding box.,ANTIGRAVITY_VISUAL_QA,2026-09-26T03:55:00+07:00
2038,CAND_002038,MEDIUM,ADJUST_BBOX,0,person,train,WEB03178.jpg,"(0.43789304, 0.90815916, 0.06171392, 0.17982315)","(0.43789304, 0.90912379, 0.06171392, 0.18175241)",Visible valid person instance at image boundary; coordinate clamped to frame edge.,ANTIGRAVITY_VISUAL_QA,2026-09-26T03:55:00+07:00
2039,CAND_002039,MEDIUM,ADD,0,person,train,WEB06056.jpg,"(0.35156250, 0.82102908, 0.03593750, 0.19910515)",None,Visible usable person instance (pedestrian/firefighter/civilian); tight accurate bounding box.,ANTIGRAVITY_VISUAL_QA,2026-09-26T03:55:00+07:00
2040,CAND_002040,MEDIUM,ADD,0,person,train,WEB06083.jpg,"(0.13647009, 0.80703445, 0.09676923, 0.36875135)",None,Visible usable person instance (pedestrian/firefighter/civilian); tight accurate bounding box.,ANTIGRAVITY_VISUAL_QA,2026-09-26T03:55:00+07:00
2041,CAND_002041,MEDIUM,ADD,0,person,train,WEB07150.jpg,"(0.49062500, 0.87152778, 0.04921875, 0.19166667)",None,Visible usable person instance (pedestrian/firefighter/civilian); tight accurate bounding box.,ANTIGRAVITY_VISUAL_QA,2026-09-26T03:55:00+07:00
2043,CAND_002043,MEDIUM,ADD,0,person,train,WEB07212.jpg,"(0.92500000, 0.49652778, 0.03593750, 0.19583333)",None,Visible usable person instance (pedestrian/firefighter/civilian); tight accurate bounding box.,ANTIGRAVITY_VISUAL_QA,2026-09-26T03:55:00+07:00
2045,CAND_002045,MEDIUM,ADD,0,person,train,WEB04563.jpg,"(0.28847647, 0.86619247, 0.25351765, 0.25422594)",None,Visible usable person instance (pedestrian/firefighter/civilian); tight accurate bounding box.,ANTIGRAVITY_VISUAL_QA,2026-09-26T03:55:00+07:00
2046,CAND_002046,MEDIUM,ADD,0,person,train,WEB04921.jpg,"(0.62237624, 0.58125000, 0.28405941, 0.20000000)",None,Visible usable person instance (pedestrian/firefighter/civilian); tight accurate bounding box.,ANTIGRAVITY_VISUAL_QA,2026-09-26T03:55:00+07:00
2047,CAND_002047,MEDIUM,ADD,0,person,train,WEB05317.jpg,"(0.58671875, 0.84930556, 0.03437500, 0.16944444)",None,Visible usable person instance (pedestrian/firefighter/civilian); tight accurate bounding box.,ANTIGRAVITY_VISUAL_QA,2026-09-26T03:55:00+07:00
2048,CAND_002048,MEDIUM,ADD,0,person,test,WEB10086.jpg,"(0.50273656, 0.46615696, 0.04452688, 0.15519417)",None,Visible usable person instance (pedestrian/firefighter/civilian); tight accurate bounding box.,ANTIGRAVITY_VISUAL_QA,2026-09-26T03:55:00+07:00
2049,CAND_002049,MEDIUM,ADD,0,person,test,WEB10348.jpg,"(0.31308933, 0.80566958, 0.01562448, 0.07561863)",None,Visible usable person instance (pedestrian/firefighter/civilian); tight accurate bounding box.,ANTIGRAVITY_VISUAL_QA,2026-09-26T03:55:00+07:00
2051,CAND_002051,MEDIUM,ADD,0,person,test,WEB11244.jpg,"(0.41171674, 0.85475845, 0.03905579, 0.17705314)",None,Visible usable person instance (pedestrian/firefighter/civilian); tight accurate bounding box.,ANTIGRAVITY_VISUAL_QA,2026-09-26T03:55:00+07:00
2055,CAND_002055,MEDIUM,ADD,0,person,train,WEB05539.jpg,"(0.41601562, 0.63541667, 0.04140625, 0.23472222)",None,Visible usable person instance (pedestrian/firefighter/civilian); tight accurate bounding box.,ANTIGRAVITY_VISUAL_QA,2026-09-26T03:55:00+07:00
2056,CAND_002056,MEDIUM,ADJUST_BBOX,0,person,train,WEB08426.jpg,"(0.47578125, 0.87777778, 0.05312500, 0.24166667)","(0.47578125, 0.87847222, 0.05312500, 0.24305556)",Visible valid person instance at image boundary; coordinate clamped to frame edge.,ANTIGRAVITY_VISUAL_QA,2026-09-26T03:55:00+07:00
2057,CAND_002057,MEDIUM,ADD,0,person,train,WEB09349.jpg,"(0.44296875, 0.63849432, 0.02265625, 0.08806818)",None,Visible usable person instance (pedestrian/firefighter/civilian); tight accurate bounding box.,ANTIGRAVITY_VISUAL_QA,2026-09-26T03:55:00+07:00
2059,CAND_002059,MEDIUM,ADD,0,person,train,AoF02417.jpg,"(0.42031250, 0.18263889, 0.12187500, 0.35833333)",None,Visible usable person instance (pedestrian/firefighter/civilian); tight accurate bounding box.,ANTIGRAVITY_VISUAL_QA,2026-09-26T03:55:00+07:00
2060,CAND_002060,MEDIUM,ADD,0,person,train,WEB07222.jpg,"(0.76484375, 0.54027778, 0.06406250, 0.21944444)",None,Visible usable person instance (pedestrian/firefighter/civilian); tight accurate bounding box.,ANTIGRAVITY_VISUAL_QA,2026-09-26T03:55:00+07:00
2061,CAND_002061,MEDIUM,ADD,0,person,train,WEB07960.jpg,"(0.55937500, 0.54513889, 0.04062500, 0.18750000)",None,Visible usable person instance (pedestrian/firefighter/civilian); tight accurate bounding box.,ANTIGRAVITY_VISUAL_QA,2026-09-26T03:55:00+07:00
2062,CAND_002062,MEDIUM,ADD,0,person,val,WEB09282.jpg,"(0.21114062, 0.84583333, 0.05078125, 0.29166667)",None,Visible usable person instance (pedestrian/firefighter/civilian); tight accurate bounding box.,ANTIGRAVITY_VISUAL_QA,2026-09-26T03:55:00+07:00
2063,CAND_002063,MEDIUM,ADJUST_BBOX,0,person,train,WEB03067.jpg,"(0.17118750, 0.58194444, 0.34081250, 0.81250000)","(0.17079688, 0.58194444, 0.34159375, 0.81250000)",Visible valid person instance at image boundary; coordinate clamped to frame edge.,ANTIGRAVITY_VISUAL_QA,2026-09-26T03:55:00+07:00
2064,CAND_002064,MEDIUM,ADD,0,person,train,WEB04045.jpg,"(0.93125000, 0.63593333, 0.13750000, 0.69688000)",None,Visible usable person instance (pedestrian/firefighter/civilian); tight accurate bounding box.,ANTIGRAVITY_VISUAL_QA,2026-09-26T03:55:00+07:00
2065,CAND_002065,MEDIUM,ADD,0,person,train,WEB06786.jpg,"(0.15734375, 0.56132665, 0.04968750, 0.07734670)",None,Visible usable person instance (pedestrian/firefighter/civilian); tight accurate bounding box.,ANTIGRAVITY_VISUAL_QA,2026-09-26T03:55:00+07:00
2068,CAND_002068,MEDIUM,ADD,0,person,train,WEB08900.jpg,"(0.58281250, 0.70763889, 0.02656250, 0.15555556)",None,Visible usable person instance (pedestrian/firefighter/civilian); tight accurate bounding box.,ANTIGRAVITY_VISUAL_QA,2026-09-26T03:55:00+07:00
2069,CAND_002069,MEDIUM,ADD,0,person,train,WEB08901.jpg,"(0.43515625, 0.78333333, 0.03906250, 0.21111111)",None,Visible usable person instance (pedestrian/firefighter/civilian); tight accurate bounding box.,ANTIGRAVITY_VISUAL_QA,2026-09-26T03:55:00+07:00
2070,CAND_002070,MEDIUM,ADD,0,person,test,WEB10549.jpg,"(0.79921748, 0.57551630, 0.13593496, 0.22144022)",None,Visible usable person instance (pedestrian/firefighter/civilian); tight accurate bounding box.,ANTIGRAVITY_VISUAL_QA,2026-09-26T03:55:00+07:00
2071,CAND_002071,MEDIUM,ADJUST_BBOX,0,person,train,WEB01637.jpg,"(0.62617188, 0.88055556, 0.10468750, 0.23611111)","(0.62617188, 0.88125000, 0.10468750, 0.23750000)",Visible valid person instance at image boundary; coordinate clamped to frame edge.,ANTIGRAVITY_VISUAL_QA,2026-09-26T03:55:00+07:00
2072,CAND_002072,MEDIUM,ADD,0,person,train,WEB03928.jpg,"(0.44296875, 0.37760417, 0.05156250, 0.25590278)",None,Visible usable person instance (pedestrian/firefighter/civilian); tight accurate bounding box.,ANTIGRAVITY_VISUAL_QA,2026-09-26T03:55:00+07:00
2073,CAND_002073,MEDIUM,ADJUST_BBOX,0,person,train,WEB04609.jpg,"(0.01860156, 0.76180556, 0.03695313, 0.28472222)","(0.01853906, 0.76180556, 0.03707813, 0.28472222)",Visible valid person instance at image boundary; coordinate clamped to frame edge.,ANTIGRAVITY_VISUAL_QA,2026-09-26T03:55:00+07:00
2074,CAND_002074,MEDIUM,ADD,0,person,train,WEB05548.jpg,"(0.34199219, 0.60972222, 0.03164062, 0.16666667)",None,Visible usable person instance (pedestrian/firefighter/civilian); tight accurate bounding box.,ANTIGRAVITY_VISUAL_QA,2026-09-26T03:55:00+07:00
2075,CAND_002075,MEDIUM,ADD,0,person,train,WEB07152.jpg,"(0.17929808, 0.66770513, 0.03398077, 0.11666667)",None,Visible usable person instance (pedestrian/firefighter/civilian); tight accurate bounding box.,ANTIGRAVITY_VISUAL_QA,2026-09-26T03:55:00+07:00
2076,CAND_002076,MEDIUM,ADD,0,person,train,WEB07509.jpg,"(0.43397959, 0.71271468, 0.03593407, 0.12958449)",None,Visible usable person instance (pedestrian/firefighter/civilian); tight accurate bounding box.,ANTIGRAVITY_VISUAL_QA,2026-09-26T03:55:00+07:00
2077,CAND_002077,MEDIUM,ADD,0,person,train,AoF02434.jpg,"(0.42500000, 0.18368056, 0.12968750, 0.36180556)",None,Visible usable person instance (pedestrian/firefighter/civilian); tight accurate bounding box.,ANTIGRAVITY_VISUAL_QA,2026-09-26T03:55:00+07:00
2079,CAND_002079,MEDIUM,ADD,0,person,train,WEB07205.jpg,"(0.82968750, 0.46597222, 0.05625000, 0.19583333)",None,Visible usable person instance (pedestrian/firefighter/civilian); tight accurate bounding box.,ANTIGRAVITY_VISUAL_QA,2026-09-26T03:55:00+07:00
2080,CAND_002080,MEDIUM,ADD,0,person,train,WEB07863.jpg,"(0.34668000, 0.60175000, 0.03477333, 0.19102000)",None,Visible usable person instance (pedestrian/firefighter/civilian); tight accurate bounding box.,ANTIGRAVITY_VISUAL_QA,2026-09-26T03:55:00+07:00
2081,CAND_002081,MEDIUM,ADD,0,person,train,WEB08797.jpg,"(0.27929627, 0.52468873, 0.02422235, 0.09369582)",None,Visible usable person instance (pedestrian/firefighter/civilian); tight accurate bounding box.,ANTIGRAVITY_VISUAL_QA,2026-09-26T03:55:00+07:00
2082,CAND_002082,MEDIUM,ADD,0,person,val,WEB03943.jpg,"(0.45234375, 0.32638889, 0.02500000, 0.12222222)",None,Visible usable person instance (pedestrian/firefighter/civilian); tight accurate bounding box.,ANTIGRAVITY_VISUAL_QA,2026-09-26T03:55:00+07:00
2084,CAND_002084,MEDIUM,ADD,0,person,train,PublicDataset00946.jpg,"(0.04363333, 0.82031667, 0.05503333, 0.18906667)",None,Visible usable person instance (pedestrian/firefighter/civilian); tight accurate bounding box.,ANTIGRAVITY_VISUAL_QA,2026-09-26T03:55:00+07:00
2085,CAND_002085,MEDIUM,ADD,0,person,train,WEB03929.jpg,"(0.29921875, 0.42361111, 0.07187500, 0.24583333)",None,Visible usable person instance (pedestrian/firefighter/civilian); tight accurate bounding box.,ANTIGRAVITY_VISUAL_QA,2026-09-26T03:55:00+07:00
2086,CAND_002086,MEDIUM,ADD,0,person,train,WEB08730.jpg,"(0.76898047, 0.39882594, 0.05007031, 0.14453242)",None,Visible usable person instance (pedestrian/firefighter/civilian); tight accurate bounding box.,ANTIGRAVITY_VISUAL_QA,2026-09-26T03:55:00+07:00
2087,CAND_002087,MEDIUM,ADD,0,person,val,WEB03939.jpg,"(0.46367188, 0.43194444, 0.04375000, 0.21666667)",None,Visible usable person instance (pedestrian/firefighter/civilian); tight accurate bounding box.,ANTIGRAVITY_VISUAL_QA,2026-09-26T03:55:00+07:00
2088,CAND_002088,MEDIUM,ADD,0,person,train,WEB03481.jpg,"(0.90702957, 0.93672176, 0.01875000, 0.10567493)",None,Visible usable person instance (pedestrian/firefighter/civilian); tight accurate bounding box.,ANTIGRAVITY_VISUAL_QA,2026-09-26T03:55:00+07:00
2089,CAND_002089,MEDIUM,ADD,0,person,train,WEB04075.jpg,"(0.63671835, 0.61554890, 0.19532300, 0.66986028)",None,Visible usable person instance (pedestrian/firefighter/civilian); tight accurate bounding box.,ANTIGRAVITY_VISUAL_QA,2026-09-26T03:55:00+07:00
2090,CAND_002090,MEDIUM,ADD,0,person,train,WEB05962.jpg,"(0.57656250, 0.64861111, 0.08750000, 0.39305556)",None,Visible usable person instance (pedestrian/firefighter/civilian); tight accurate bounding box.,ANTIGRAVITY_VISUAL_QA,2026-09-26T03:55:00+07:00
2092,CAND_002092,MEDIUM,ADD,0,person,train,WEB04942.jpg,"(0.27417188, 0.72430556, 0.15165625, 0.52916667)",None,Visible usable person instance (pedestrian/firefighter/civilian); tight accurate bounding box.,ANTIGRAVITY_VISUAL_QA,2026-09-26T03:55:00+07:00
2093,CAND_002093,MEDIUM,ADD,0,person,train,WEB06815.jpg,"(0.84921875, 0.92707729, 0.04218750, 0.14584541)",None,Visible usable person instance (pedestrian/firefighter/civilian); tight accurate bounding box.,ANTIGRAVITY_VISUAL_QA,2026-09-26T03:55:00+07:00
2094,CAND_002094,MEDIUM,ADD,0,person,val,WEB07938.jpg,"(0.26093818, 0.60419884, 0.07187636, 0.41994208)",None,Visible usable person instance (pedestrian/firefighter/civilian); tight accurate bounding box.,ANTIGRAVITY_VISUAL_QA,2026-09-26T03:55:00+07:00
2095,CAND_002095,MEDIUM,ADD,0,person,test,WEB10994.jpg,"(0.41483750, 0.42337029, 0.03437500, 0.12195122)",None,Visible usable person instance (pedestrian/firefighter/civilian); tight accurate bounding box.,ANTIGRAVITY_VISUAL_QA,2026-09-26T03:55:00+07:00
2096,CAND_002096,MEDIUM,ADD,0,person,train,WEB03499.jpg,"(0.28183683, 0.79562147, 0.04258588, 0.13646893)",None,Visible usable person instance (pedestrian/firefighter/civilian); tight accurate bounding box.,ANTIGRAVITY_VISUAL_QA,2026-09-26T03:55:00+07:00
2098,CAND_002098,MEDIUM,ADD,0,person,train,WEB05049.jpg,"(0.41337500, 0.85069444, 0.03418750, 0.16944444)",None,Visible usable person instance (pedestrian/firefighter/civilian); tight accurate bounding box.,ANTIGRAVITY_VISUAL_QA,2026-09-26T03:55:00+07:00
2100,CAND_002100,MEDIUM,ADD,0,person,train,WEB08164.jpg,"(0.71640625, 0.85653409, 0.02031250, 0.11931818)",None,Visible usable person instance (pedestrian/firefighter/civilian); tight accurate bounding box.,ANTIGRAVITY_VISUAL_QA,2026-09-26T03:55:00+07:00
2101,CAND_002101,MEDIUM,ADD,0,person,train,WEB09157.jpg,"(0.80937729, 0.55170762, 0.19218559, 0.38221130)",None,Visible usable person instance (pedestrian/firefighter/civilian); tight accurate bounding box.,ANTIGRAVITY_VISUAL_QA,2026-09-26T03:55:00+07:00
2102,CAND_002102,MEDIUM,ADD,0,person,val,WEB07227.jpg,"(0.39277344, 0.38888889, 0.02382812, 0.11944444)",None,Visible usable person instance (pedestrian/firefighter/civilian); tight accurate bounding box.,ANTIGRAVITY_VISUAL_QA,2026-09-26T03:55:00+07:00
2103,CAND_002103,MEDIUM,ADD,0,person,train,AoF02415.jpg,"(0.42119141, 0.18281250, 0.12167969, 0.35868056)",None,Visible usable person instance (pedestrian/firefighter/civilian); tight accurate bounding box.,ANTIGRAVITY_VISUAL_QA,2026-09-26T03:55:00+07:00
2104,CAND_002104,MEDIUM,ADD,0,person,train,WEB01464.jpg,"(0.50898438, 0.96666667, 0.02187500, 0.06666667)",None,Visible usable person instance (pedestrian/firefighter/civilian); tight accurate bounding box.,ANTIGRAVITY_VISUAL_QA,2026-09-26T03:55:00+07:00
2105,CAND_002105,MEDIUM,ADD,0,person,train,WEB03998.jpg,"(0.88144458, 0.70943750, 0.23711085, 0.55208333)",None,Visible usable person instance (pedestrian/firefighter/civilian); tight accurate bounding box.,ANTIGRAVITY_VISUAL_QA,2026-09-26T03:55:00+07:00
2106,CAND_002106,MEDIUM,ADD,0,person,train,WEB07200.jpg,"(0.76875000, 0.38333333, 0.01875000, 0.07500000)",None,Visible usable person instance (pedestrian/firefighter/civilian); tight accurate bounding box.,ANTIGRAVITY_VISUAL_QA,2026-09-26T03:55:00+07:00
2107,CAND_002107,MEDIUM,ADJUST_BBOX,0,person,train,WEB07568.jpg,"(0.01596364, 0.80106624, 0.03154545, 0.21379645)","(0.01586818, 0.80106624, 0.03173636, 0.21379645)",Visible valid person instance at image boundary; coordinate clamped to frame edge.,ANTIGRAVITY_VISUAL_QA,2026-09-26T03:55:00+07:00
2108,CAND_002108,MEDIUM,ADD,0,person,train,WEB07680.jpg,"(0.67773402, 0.61219067, 0.08202055, 0.42616633)",None,Visible usable person instance (pedestrian/firefighter/civilian); tight accurate bounding box.,ANTIGRAVITY_VISUAL_QA,2026-09-26T03:55:00+07:00
2109,CAND_002109,MEDIUM,ADD,0,person,train,WEB07935.jpg,"(0.70976562, 0.54211957, 0.38671875, 0.89266304)",None,Visible usable person instance (pedestrian/firefighter/civilian); tight accurate bounding box.,ANTIGRAVITY_VISUAL_QA,2026-09-26T03:55:00+07:00
2110,CAND_002110,MEDIUM,ADD,0,person,train,WEB08895.jpg,"(0.36328125, 0.49722222, 0.03359375, 0.13611111)",None,Visible usable person instance (pedestrian/firefighter/civilian); tight accurate bounding box.,ANTIGRAVITY_VISUAL_QA,2026-09-26T03:55:00+07:00
2111,CAND_002111,MEDIUM,ADD,0,person,test,WEB11134.jpg,"(0.18977083, 0.70820755, 0.17666667, 0.36327830)",None,Visible usable person instance (pedestrian/firefighter/civilian); tight accurate bounding box.,ANTIGRAVITY_VISUAL_QA,2026-09-26T03:55:00+07:00
2112,CAND_002112,MEDIUM,ADD,0,person,train,AoF02444.jpg,"(0.42460938, 0.18923611, 0.11640625, 0.37083333)",None,Visible usable person instance (pedestrian/firefighter/civilian); tight accurate bounding box.,ANTIGRAVITY_VISUAL_QA,2026-09-26T03:55:00+07:00
2113,CAND_002113,MEDIUM,ADD,0,person,train,WEB02422.jpg,"(0.16982031, 0.63611111, 0.02773437, 0.15138889)",None,Visible usable person instance (pedestrian/firefighter/civilian); tight accurate bounding box.,ANTIGRAVITY_VISUAL_QA,2026-09-26T03:55:00+07:00
2114,CAND_002114,MEDIUM,ADD,0,person,train,WEB07470.jpg,"(0.47812574, 0.74997706, 0.04688019, 0.21752294)",None,Visible usable person instance (pedestrian/firefighter/civilian); tight accurate bounding box.,ANTIGRAVITY_VISUAL_QA,2026-09-26T03:55:00+07:00
2115,CAND_002115,MEDIUM,ADD,0,person,train,WEB08861.jpg,"(0.49375000, 0.67361111, 0.12500000, 0.31666667)",None,Visible usable person instance (pedestrian/firefighter/civilian); tight accurate bounding box.,ANTIGRAVITY_VISUAL_QA,2026-09-26T03:55:00+07:00
2117,CAND_002117,MEDIUM,ADD,0,person,train,WEB09413.jpg,"(0.06874739, 0.54317726, 0.02400835, 0.09264214)",None,Visible usable person instance (pedestrian/firefighter/civilian); tight accurate bounding box.,ANTIGRAVITY_VISUAL_QA,2026-09-26T03:55:00+07:00
2118,CAND_002118,MEDIUM,ADD,0,person,val,WEB07539.jpg,"(0.14560086, 0.59890267, 0.03652361, 0.21398855)",None,Visible usable person instance (pedestrian/firefighter/civilian); tight accurate bounding box.,ANTIGRAVITY_VISUAL_QA,2026-09-26T03:55:00+07:00
2119,CAND_002119,MEDIUM,ADD,0,person,train,AoF07331.jpg,"(0.42021484, 0.18225000, 0.11738281, 0.35494444)",None,Visible usable person instance (pedestrian/firefighter/civilian); tight accurate bounding box.,ANTIGRAVITY_VISUAL_QA,2026-09-26T03:55:00+07:00
2120,CAND_002120,MEDIUM,ADD,0,person,train,WEB03947.jpg,"(0.25820312, 0.48055556, 0.05000000, 0.20833333)",None,Visible usable person instance (pedestrian/firefighter/civilian); tight accurate bounding box.,ANTIGRAVITY_VISUAL_QA,2026-09-26T03:55:00+07:00
2121,CAND_002121,MEDIUM,ADD,0,person,train,WEB03967.jpg,"(0.63007752, 0.58283133, 0.02577519, 0.14153184)",None,Visible usable person instance (pedestrian/firefighter/civilian); tight accurate bounding box.,ANTIGRAVITY_VISUAL_QA,2026-09-26T03:55:00+07:00
2122,CAND_002122,MEDIUM,ADD,0,person,train,WEB06237.jpg,"(0.90468750, 0.13184152, 0.10467500, 0.18136161)",None,Visible usable person instance (pedestrian/firefighter/civilian); tight accurate bounding box.,ANTIGRAVITY_VISUAL_QA,2026-09-26T03:55:00+07:00
2123,CAND_002123,MEDIUM,ADD,0,person,train,WEB07223.jpg,"(0.81875000, 0.48194444, 0.03437500, 0.19305556)",None,Visible usable person instance (pedestrian/firefighter/civilian); tight accurate bounding box.,ANTIGRAVITY_VISUAL_QA,2026-09-26T03:55:00+07:00
2124,CAND_002124,MEDIUM,ADD,0,person,train,WEB08196.jpg,"(0.14003906, 0.91785714, 0.06367188, 0.16428571)",None,Visible usable person instance (pedestrian/firefighter/civilian); tight accurate bounding box.,ANTIGRAVITY_VISUAL_QA,2026-09-26T03:55:00+07:00
2125,CAND_002125,MEDIUM,ADD,0,person,train,AoF02406.jpg,"(0.42099609, 0.17934028, 0.11894531, 0.35104167)",None,Visible usable person instance (pedestrian/firefighter/civilian); tight accurate bounding box.,ANTIGRAVITY_VISUAL_QA,2026-09-26T03:55:00+07:00
2126,CAND_002126,MEDIUM,ADD,0,person,train,AoF02416.jpg,"(0.41943359, 0.18246528, 0.12050781, 0.35868056)",None,Visible usable person instance (pedestrian/firefighter/civilian); tight accurate bounding box.,ANTIGRAVITY_VISUAL_QA,2026-09-26T03:55:00+07:00
2127,CAND_002127,MEDIUM,ADD,0,person,train,PublicDataset00864.jpg,"(0.72187500, 0.64791667, 0.02812500, 0.12083333)",None,Visible usable person instance (pedestrian/firefighter/civilian); tight accurate bounding box.,ANTIGRAVITY_VISUAL_QA,2026-09-26T03:55:00+07:00
2128,CAND_002128,MEDIUM,ADD,0,person,train,WEB05411.jpg,"(0.26406250, 0.68750000, 0.02343750, 0.10833333)",None,Visible usable person instance (pedestrian/firefighter/civilian); tight accurate bounding box.,ANTIGRAVITY_VISUAL_QA,2026-09-26T03:55:00+07:00
2129,CAND_002129,MEDIUM,ADD,0,person,train,WEB09020.jpg,"(0.43515625, 0.85625000, 0.04062500, 0.12361111)",None,Visible usable person instance (pedestrian/firefighter/civilian); tight accurate bounding box.,ANTIGRAVITY_VISUAL_QA,2026-09-26T03:55:00+07:00
2130,CAND_002130,MEDIUM,ADD,0,person,test,WEB10459.jpg,"(0.63124810, 0.89847826, 0.03515982, 0.13389414)",None,Visible usable person instance (pedestrian/firefighter/civilian); tight accurate bounding box.,ANTIGRAVITY_VISUAL_QA,2026-09-26T03:55:00+07:00
2132,CAND_002132,MEDIUM,ADD,0,person,train,WEB01154.jpg,"(0.42578125, 0.79444444, 0.11562500, 0.24444444)",None,Visible usable person instance (pedestrian/firefighter/civilian); tight accurate bounding box.,ANTIGRAVITY_VISUAL_QA,2026-09-26T03:55:00+07:00
2133,CAND_002133,MEDIUM,ADD,0,person,train,WEB08897.jpg,"(0.53437500, 0.85555556, 0.02187500, 0.11944444)",None,Visible usable person instance (pedestrian/firefighter/civilian); tight accurate bounding box.,ANTIGRAVITY_VISUAL_QA,2026-09-26T03:55:00+07:00
2134,CAND_002134,MEDIUM,ADD,0,person,val,WEB08445.jpg,"(0.51953125, 0.55104167, 0.02968750, 0.15000000)",None,Visible usable person instance (pedestrian/firefighter/civilian); tight accurate bounding box.,ANTIGRAVITY_VISUAL_QA,2026-09-26T03:55:00+07:00
2135,CAND_002135,MEDIUM,ADD,0,person,train,AoF02419.jpg,"(0.42070313, 0.18229167, 0.11718750, 0.35625000)",None,Visible usable person instance (pedestrian/firefighter/civilian); tight accurate bounding box.,ANTIGRAVITY_VISUAL_QA,2026-09-26T03:55:00+07:00
2136,CAND_002136,MEDIUM,ADD,0,person,train,PublicDataset01034.jpg,"(0.10819970, 0.86276768, 0.04042360, 0.17317172)",None,Visible usable person instance (pedestrian/firefighter/civilian); tight accurate bounding box.,ANTIGRAVITY_VISUAL_QA,2026-09-26T03:55:00+07:00
2137,CAND_002137,MEDIUM,ADD,0,person,train,WEB02893.jpg,"(0.72500000, 0.63305461, 0.05468557, 0.18597270)",None,Visible usable person instance (pedestrian/firefighter/civilian); tight accurate bounding box.,ANTIGRAVITY_VISUAL_QA,2026-09-26T03:55:00+07:00
2138,CAND_002138,MEDIUM,ADD,0,person,train,WEB07180.jpg,"(0.57578165, 0.17591814, 0.03437984, 0.10568584)",None,Visible usable person instance (pedestrian/firefighter/civilian); tight accurate bounding box.,ANTIGRAVITY_VISUAL_QA,2026-09-26T03:55:00+07:00
2139,CAND_002139,MEDIUM,ADD,0,person,train,WEB07192.jpg,"(0.91953125, 0.44166667, 0.03281250, 0.16250000)",None,Visible usable person instance (pedestrian/firefighter/civilian); tight accurate bounding box.,ANTIGRAVITY_VISUAL_QA,2026-09-26T03:55:00+07:00
2140,CAND_002140,MEDIUM,ADD,0,person,train,WEB07211.jpg,"(0.17246094, 0.45694444, 0.05390625, 0.21944444)",None,Visible usable person instance (pedestrian/firefighter/civilian); tight accurate bounding box.,ANTIGRAVITY_VISUAL_QA,2026-09-26T03:55:00+07:00
2141,CAND_002141,MEDIUM,ADJUST_BBOX,0,person,train,WEB07289.jpg,"(0.80729167, 0.69882813, 0.36666667, 0.60078125)","(0.80729167, 0.69921875, 0.36666667, 0.60156250)",Visible valid person instance at image boundary; coordinate clamped to frame edge.,ANTIGRAVITY_VISUAL_QA,2026-09-26T03:55:00+07:00
2142,CAND_002142,MEDIUM,ADD,0,person,train,WEB07572.jpg,"(0.51719091, 0.63584814, 0.05156364, 0.13605816)",None,Visible usable person instance (pedestrian/firefighter/civilian); tight accurate bounding box.,ANTIGRAVITY_VISUAL_QA,2026-09-26T03:55:00+07:00
2144,CAND_002144,MEDIUM,ADD,0,person,train,WEB07213.jpg,"(0.76367188, 0.48333333, 0.04843750, 0.16111111)",None,Visible usable person instance (pedestrian/firefighter/civilian); tight accurate bounding box.,ANTIGRAVITY_VISUAL_QA,2026-09-26T03:55:00+07:00
2145,CAND_002145,MEDIUM,ADD,0,person,train,WEB08422.jpg,"(0.51171875, 0.54583333, 0.03750000, 0.19166667)",None,Visible usable person instance (pedestrian/firefighter/civilian); tight accurate bounding box.,ANTIGRAVITY_VISUAL_QA,2026-09-26T03:55:00+07:00
2146,CAND_002146,MEDIUM,ADD,0,person,train,WEB08830.jpg,"(0.24317187, 0.46388889, 0.02734375, 0.13888889)",None,Visible usable person instance (pedestrian/firefighter/civilian); tight accurate bounding box.,ANTIGRAVITY_VISUAL_QA,2026-09-26T03:55:00+07:00
2147,CAND_002147,MEDIUM,ADD,0,person,val,PublicDataset01037.jpg,"(0.77343333, 0.91504673, 0.04060000, 0.14345794)",None,Visible usable person instance (pedestrian/firefighter/civilian); tight accurate bounding box.,ANTIGRAVITY_VISUAL_QA,2026-09-26T03:55:00+07:00
2149,CAND_002149,MEDIUM,ADD,0,person,val,WEB06223.jpg,"(0.90547026, 0.95645756, 0.03282158, 0.08708487)",None,Visible usable person instance (pedestrian/firefighter/civilian); tight accurate bounding box.,ANTIGRAVITY_VISUAL_QA,2026-09-26T03:55:00+07:00
2150,CAND_002150,MEDIUM,ADD,0,person,test,PublicDataset01330.jpg,"(0.45859259, 0.57400442, 0.05155556, 0.31358407)",None,Visible usable person instance (pedestrian/firefighter/civilian); tight accurate bounding box.,ANTIGRAVITY_VISUAL_QA,2026-09-26T03:55:00+07:00
2151,CAND_002151,MEDIUM,ADD,0,person,train,AoF03210.jpg,"(0.16885156, 0.58333333, 0.02851562, 0.09305556)",None,Visible usable person instance (pedestrian/firefighter/civilian); tight accurate bounding box.,ANTIGRAVITY_VISUAL_QA,2026-09-26T03:55:00+07:00
2152,CAND_002152,MEDIUM,ADD,0,person,train,WEB03850.jpg,"(0.18447266, 0.76527778, 0.03417969, 0.18333333)",None,Visible usable person instance (pedestrian/firefighter/civilian); tight accurate bounding box.,ANTIGRAVITY_VISUAL_QA,2026-09-26T03:55:00+07:00
2153,CAND_002153,MEDIUM,ADD,0,person,train,WEB06330.jpg,"(0.72304375, 0.39168161, 0.02578750, 0.13313901)",None,Visible usable person instance (pedestrian/firefighter/civilian); tight accurate bounding box.,ANTIGRAVITY_VISUAL_QA,2026-09-26T03:55:00+07:00
2154,CAND_002154,MEDIUM,ADD,0,person,train,WEB07506.jpg,"(0.41796721, 0.72090042, 0.02030601, 0.10752119)",None,Visible usable person instance (pedestrian/firefighter/civilian); tight accurate bounding box.,ANTIGRAVITY_VISUAL_QA,2026-09-26T03:55:00+07:00
2155,CAND_002155,MEDIUM,ADD,0,person,train,WEB09151.jpg,"(0.91014937, 0.90690544, 0.06718553, 0.09965616)",None,Visible usable person instance (pedestrian/firefighter/civilian); tight accurate bounding box.,ANTIGRAVITY_VISUAL_QA,2026-09-26T03:55:00+07:00
2156,CAND_002156,MEDIUM,ADD,0,person,train,PublicDataset00867.jpg,"(0.74140833, 0.78506098, 0.03281667, 0.09528455)",None,Visible usable person instance (pedestrian/firefighter/civilian); tight accurate bounding box.,ANTIGRAVITY_VISUAL_QA,2026-09-26T03:55:00+07:00
2157,CAND_002157,MEDIUM,ADD,0,person,train,WEB07861.jpg,"(0.96250000, 0.65781250, 0.06666667, 0.09609375)",None,Visible usable person instance (pedestrian/firefighter/civilian); tight accurate bounding box.,ANTIGRAVITY_VISUAL_QA,2026-09-26T03:55:00+07:00
2158,CAND_002158,MEDIUM,ADD,0,person,train,AoF02410.jpg,"(0.41943359, 0.18059722, 0.11738281, 0.35477778)",None,Visible usable person instance (pedestrian/firefighter/civilian); tight accurate bounding box.,ANTIGRAVITY_VISUAL_QA,2026-09-26T03:55:00+07:00
2159,CAND_002159,MEDIUM,ADD,0,person,train,WEB06787.jpg,"(0.18702083, 0.63984080, 0.07454167, 0.15312500)",None,Visible usable person instance (pedestrian/firefighter/civilian); tight accurate bounding box.,ANTIGRAVITY_VISUAL_QA,2026-09-26T03:55:00+07:00
2160,CAND_002160,MEDIUM,ADD,0,person,train,WEB07765.jpg,"(0.23476250, 0.38471396, 0.02187500, 0.09153318)",None,Visible usable person instance (pedestrian/firefighter/civilian); tight accurate bounding box.,ANTIGRAVITY_VISUAL_QA,2026-09-26T03:55:00+07:00
2161,CAND_002161,MEDIUM,ADD,0,person,train,WEB08196.jpg,"(0.82167969, 0.87142857, 0.05976563, 0.24642857)",None,Visible usable person instance (pedestrian/firefighter/civilian); tight accurate bounding box.,ANTIGRAVITY_VISUAL_QA,2026-09-26T03:55:00+07:00
2162,CAND_002162,MEDIUM,ADD,0,person,val,WEB03943.jpg,"(0.32421875, 0.33611111, 0.02656250, 0.18472222)",None,Visible usable person instance (pedestrian/firefighter/civilian); tight accurate bounding box.,ANTIGRAVITY_VISUAL_QA,2026-09-26T03:55:00+07:00
2163,CAND_002163,MEDIUM,ADD,0,person,train,WEB06793.jpg,"(0.64317708, 0.47343750, 0.04002083, 0.06406840)",None,Visible usable person instance (pedestrian/firefighter/civilian); tight accurate bounding box.,ANTIGRAVITY_VISUAL_QA,2026-09-26T03:55:00+07:00
2164,CAND_002164,MEDIUM,ADD,0,person,train,WEB07202.jpg,"(0.88984375, 0.52152778, 0.07812500, 0.21388889)",None,Visible usable person instance (pedestrian/firefighter/civilian); tight accurate bounding box.,ANTIGRAVITY_VISUAL_QA,2026-09-26T03:55:00+07:00
2165,CAND_002165,MEDIUM,ADD,0,person,train,WEB07223.jpg,"(0.13125000, 0.46944444, 0.04862500, 0.20000000)",None,Visible usable person instance (pedestrian/firefighter/civilian); tight accurate bounding box.,ANTIGRAVITY_VISUAL_QA,2026-09-26T03:55:00+07:00
2166,CAND_002166,MEDIUM,ADD,0,person,train,WEB07256.jpg,"(0.35937500, 0.84309091, 0.02186765, 0.08555844)",None,Visible usable person instance (pedestrian/firefighter/civilian); tight accurate bounding box.,ANTIGRAVITY_VISUAL_QA,2026-09-26T03:55:00+07:00
2167,CAND_002167,MEDIUM,ADD,0,person,val,WEB07219.jpg,"(0.88906250, 0.53819444, 0.03593750, 0.19027778)",None,Visible usable person instance (pedestrian/firefighter/civilian); tight accurate bounding box.,ANTIGRAVITY_VISUAL_QA,2026-09-26T03:55:00+07:00
2168,CAND_002168,MEDIUM,ADD,0,person,test,WEB10541.jpg,"(0.81875000, 0.51056757, 0.04688710, 0.16756757)",None,Visible usable person instance (pedestrian/firefighter/civilian); tight accurate bounding box.,ANTIGRAVITY_VISUAL_QA,2026-09-26T03:55:00+07:00
2169,CAND_002169,MEDIUM,ADD,0,person,train,AoF02457.jpg,"(0.42812500, 0.20034722, 0.11171875, 0.39236111)",None,Visible usable person instance (pedestrian/firefighter/civilian); tight accurate bounding box.,ANTIGRAVITY_VISUAL_QA,2026-09-26T03:55:00+07:00
2171,CAND_002171,MEDIUM,ADJUST_BBOX,0,person,train,WEB04194.jpg,"(0.35351942, 0.91146341, 0.07577670, 0.17663415)","(0.35351942, 0.91157317, 0.07577670, 0.17685366)",Visible valid person instance at image boundary; coordinate clamped to frame edge.,ANTIGRAVITY_VISUAL_QA,2026-09-26T03:55:00+07:00
2172,CAND_002172,MEDIUM,ADD,0,person,train,WEB08695.jpg,"(0.07031250, 0.85795455, 0.02559375, 0.13068182)",None,Visible usable person instance (pedestrian/firefighter/civilian); tight accurate bounding box.,ANTIGRAVITY_VISUAL_QA,2026-09-26T03:55:00+07:00
2173,CAND_002173,MEDIUM,ADD,0,person,val,WEB07219.jpg,"(0.83281250, 0.55138889, 0.05000000, 0.16111111)",None,Visible usable person instance (pedestrian/firefighter/civilian); tight accurate bounding box.,ANTIGRAVITY_VISUAL_QA,2026-09-26T03:55:00+07:00
2174,CAND_002174,MEDIUM,ADD,0,person,val,WEB06782.jpg,"(0.16701042, 0.56250590, 0.06347917, 0.10312500)",None,Visible usable person instance (pedestrian/firefighter/civilian); tight accurate bounding box.,ANTIGRAVITY_VISUAL_QA,2026-09-26T03:55:00+07:00
2175,CAND_002175,MEDIUM,ADD,0,person,val,WEB08377.jpg,"(0.41484375, 0.53420195, 0.06250000, 0.19543974)",None,Visible usable person instance (pedestrian/firefighter/civilian); tight accurate bounding box.,ANTIGRAVITY_VISUAL_QA,2026-09-26T03:55:00+07:00
2176,CAND_002176,MEDIUM,ADD,0,person,test,WEB11557.jpg,"(0.15528125, 0.51597222, 0.05000000, 0.25972222)",None,Visible usable person instance (pedestrian/firefighter/civilian); tight accurate bounding box.,ANTIGRAVITY_VISUAL_QA,2026-09-26T03:55:00+07:00
2178,CAND_002178,MEDIUM,ADJUST_BBOX,0,person,train,WEB04049.jpg,"(0.03188306, 0.82762270, 0.06142726, 0.23162577)","(0.03129834, 0.82762270, 0.06259669, 0.23162577)",Visible valid person instance at image boundary; coordinate clamped to frame edge.,ANTIGRAVITY_VISUAL_QA,2026-09-26T03:55:00+07:00
2179,CAND_002179,MEDIUM,ADD,0,person,train,WEB05136.jpg,"(0.60468750, 0.68194444, 0.07187500, 0.33333333)",None,Visible usable person instance (pedestrian/firefighter/civilian); tight accurate bounding box.,ANTIGRAVITY_VISUAL_QA,2026-09-26T03:55:00+07:00
2180,CAND_002180,MEDIUM,ADD,0,person,train,WEB06028.jpg,"(0.65468454, 0.90615789, 0.20936909, 0.17101053)",None,Visible usable person instance (pedestrian/firefighter/civilian); tight accurate bounding box.,ANTIGRAVITY_VISUAL_QA,2026-09-26T03:55:00+07:00
2181,CAND_002181,MEDIUM,ADD,0,person,train,WEB07191.jpg,"(0.65312500, 0.45694444, 0.01953125, 0.13333333)",None,Visible usable person instance (pedestrian/firefighter/civilian); tight accurate bounding box.,ANTIGRAVITY_VISUAL_QA,2026-09-26T03:55:00+07:00
2182,CAND_002182,MEDIUM,ADD,0,person,train,WEB07568.jpg,"(0.15566364, 0.74275444, 0.04043636, 0.17494346)",None,Visible usable person instance (pedestrian/firefighter/civilian); tight accurate bounding box.,ANTIGRAVITY_VISUAL_QA,2026-09-26T03:55:00+07:00
2183,CAND_002183,MEDIUM,ADD,0,person,test,WEB11449.jpg,"(0.64843373, 0.81632727, 0.03437751, 0.09054545)",None,Visible usable person instance (pedestrian/firefighter/civilian); tight accurate bounding box.,ANTIGRAVITY_VISUAL_QA,2026-09-26T03:55:00+07:00
2184,CAND_002184,MEDIUM,ADD,0,person,test,WEB11652.jpg,"(0.56093750, 0.76388889, 0.02656250, 0.16111111)",None,Visible usable person instance (pedestrian/firefighter/civilian); tight accurate bounding box.,ANTIGRAVITY_VISUAL_QA,2026-09-26T03:55:00+07:00
2185,CAND_002185,MEDIUM,ADD,0,person,train,AoF02430.jpg,"(0.42148438, 0.18611111, 0.12031250, 0.36250000)",None,Visible usable person instance (pedestrian/firefighter/civilian); tight accurate bounding box.,ANTIGRAVITY_VISUAL_QA,2026-09-26T03:55:00+07:00
2186,CAND_002186,MEDIUM,ADD,0,person,train,WEB02388.jpg,"(0.46562500, 0.55809859, 0.11250000, 0.35328638)",None,Visible usable person instance (pedestrian/firefighter/civilian); tight accurate bounding box.,ANTIGRAVITY_VISUAL_QA,2026-09-26T03:55:00+07:00
2188,CAND_002188,MEDIUM,ADD,0,person,train,WEB07213.jpg,"(0.57460937, 0.46111111, 0.05234375, 0.20555556)",None,Visible usable person instance (pedestrian/firefighter/civilian); tight accurate bounding box.,ANTIGRAVITY_VISUAL_QA,2026-09-26T03:55:00+07:00
2189,CAND_002189,MEDIUM,ADD,0,person,train,WEB07543.jpg,"(0.10185086, 0.72693627, 0.04707082, 0.32361111)",None,Visible usable person instance (pedestrian/firefighter/civilian); tight accurate bounding box.,ANTIGRAVITY_VISUAL_QA,2026-09-26T03:55:00+07:00
2190,CAND_002190,MEDIUM,ADD,0,person,train,WEB08389.jpg,"(0.74296875, 0.42986111, 0.34531250, 0.72777778)",None,Visible usable person instance (pedestrian/firefighter/civilian); tight accurate bounding box.,ANTIGRAVITY_VISUAL_QA,2026-09-26T03:55:00+07:00
2191,CAND_002191,MEDIUM,ADD,0,person,train,WEB03477.jpg,"(0.60702993, 0.60112376, 0.01405987, 0.06890469)",None,Visible usable person instance (pedestrian/firefighter/civilian); tight accurate bounding box.,ANTIGRAVITY_VISUAL_QA,2026-09-26T03:55:00+07:00
2193,CAND_002193,MEDIUM,REJECT,0,person,train,WEB07716.jpg,"(0.00854458, 0.94388359, 0.01687433, 0.11104962)",None,"Unusable extreme frame edge truncation (1.7%w x 11.1%h, aspect=3.70) showing only marginal body sliver.",ANTIGRAVITY_VISUAL_QA,2026-09-26T03:55:00+07:00
2194,CAND_002194,MEDIUM,ADD,0,person,test,WEB10992.jpg,"(0.96250000, 0.77916667, 0.07500000, 0.43333333)",None,Visible usable person instance (pedestrian/firefighter/civilian); tight accurate bounding box.,ANTIGRAVITY_VISUAL_QA,2026-09-26T03:55:00+07:00
2195,CAND_002195,MEDIUM,ADD,0,person,train,PublicDataset00865.jpg,"(0.62421875, 0.65258216, 0.04375000, 0.20187793)",None,Visible usable person instance (pedestrian/firefighter/civilian); tight accurate bounding box.,ANTIGRAVITY_VISUAL_QA,2026-09-26T03:55:00+07:00
2196,CAND_002196,MEDIUM,ADD,0,person,train,WEB05963.jpg,"(0.56523437, 0.63611111, 0.07734375, 0.38611111)",None,Visible usable person instance (pedestrian/firefighter/civilian); tight accurate bounding box.,ANTIGRAVITY_VISUAL_QA,2026-09-26T03:55:00+07:00
2197,CAND_002197,MEDIUM,ADD,0,person,train,WEB07193.jpg,"(0.87734375, 0.38194444, 0.03593750, 0.17916667)",None,Visible usable person instance (pedestrian/firefighter/civilian); tight accurate bounding box.,ANTIGRAVITY_VISUAL_QA,2026-09-26T03:55:00+07:00
2198,CAND_002198,MEDIUM,ADD,0,person,train,WEB07200.jpg,"(0.63984375, 0.44652778, 0.04687500, 0.18750000)",None,Visible usable person instance (pedestrian/firefighter/civilian); tight accurate bounding box.,ANTIGRAVITY_VISUAL_QA,2026-09-26T03:55:00+07:00
2199,CAND_002199,MEDIUM,ADD,0,person,train,WEB07200.jpg,"(0.31757812, 0.41111111, 0.03906250, 0.16111111)",None,Visible usable person instance (pedestrian/firefighter/civilian); tight accurate bounding box.,ANTIGRAVITY_VISUAL_QA,2026-09-26T03:55:00+07:00
2201,CAND_002201,MEDIUM,ADD,0,person,train,AoF02449.jpg,"(0.42343750, 0.18819444, 0.11796875, 0.37083333)",None,Visible usable person instance (pedestrian/firefighter/civilian); tight accurate bounding box.,ANTIGRAVITY_VISUAL_QA,2026-09-26T03:55:00+07:00
2202,CAND_002202,MEDIUM,ADD,0,person,train,WEB03933.jpg,"(0.26582031, 0.49305556, 0.03203125, 0.12222222)",None,Visible usable person instance (pedestrian/firefighter/civilian); tight accurate bounding box.,ANTIGRAVITY_VISUAL_QA,2026-09-26T03:55:00+07:00
2203,CAND_002203,MEDIUM,ADD,0,person,train,WEB04024.jpg,"(0.02773437, 0.87343750, 0.03776042, 0.07500000)",None,Visible usable person instance (pedestrian/firefighter/civilian); tight accurate bounding box.,ANTIGRAVITY_VISUAL_QA,2026-09-26T03:55:00+07:00
2204,CAND_002204,MEDIUM,ADJUST_BBOX,0,person,train,WEB09284.jpg,"(0.72148148, 0.84843056, 0.07655556, 0.29530556)","(0.72148148, 0.85038889, 0.07655556, 0.29922222)",Visible valid person instance at image boundary; coordinate clamped to frame edge.,ANTIGRAVITY_VISUAL_QA,2026-09-26T03:55:00+07:00
2205,CAND_002205,MEDIUM,ADD,0,person,train,WEB09301.jpg,"(0.36933490, 0.70445139, 0.05780908, 0.33004167)",None,Visible usable person instance (pedestrian/firefighter/civilian); tight accurate bounding box.,ANTIGRAVITY_VISUAL_QA,2026-09-26T03:55:00+07:00
2206,CAND_002206,MEDIUM,ADD,0,person,train,WEB06519.jpg,"(0.25502941, 0.66289183, 0.08223529, 0.08357616)",None,Visible usable person instance (pedestrian/firefighter/civilian); tight accurate bounding box.,ANTIGRAVITY_VISUAL_QA,2026-09-26T03:55:00+07:00
2207,CAND_002207,MEDIUM,ADD,0,person,train,WEB07947.jpg,"(0.53828125, 0.72916667, 0.02968750, 0.13333333)",None,Visible usable person instance (pedestrian/firefighter/civilian); tight accurate bounding box.,ANTIGRAVITY_VISUAL_QA,2026-09-26T03:55:00+07:00
2208,CAND_002208,MEDIUM,ADD,0,person,test,WEB11717.jpg,"(0.26484127, 0.30709273, 0.05937729, 0.05852130)",None,Visible usable person instance (pedestrian/firefighter/civilian); tight accurate bounding box.,ANTIGRAVITY_VISUAL_QA,2026-09-26T03:55:00+07:00
2209,CAND_002209,MEDIUM,ADD,0,person,train,WEB05543.jpg,"(0.34570312, 0.71111111, 0.04687500, 0.16944444)",None,Visible usable person instance (pedestrian/firefighter/civilian); tight accurate bounding box.,ANTIGRAVITY_VISUAL_QA,2026-09-26T03:55:00+07:00
2210,CAND_002210,MEDIUM,ADD,0,person,train,WEB07259.jpg,"(0.45702500, 0.70207778, 0.01875000, 0.06562222)",None,Visible usable person instance (pedestrian/firefighter/civilian); tight accurate bounding box.,ANTIGRAVITY_VISUAL_QA,2026-09-26T03:55:00+07:00
2211,CAND_002211,MEDIUM,ADD,0,person,train,WEB08196.jpg,"(0.62695312, 0.85178571, 0.03515625, 0.20357143)",None,Visible usable person instance (pedestrian/firefighter/civilian); tight accurate bounding box.,ANTIGRAVITY_VISUAL_QA,2026-09-26T03:55:00+07:00
2212,CAND_002212,MEDIUM,ADD,0,person,train,WEB05408.jpg,"(0.65702500, 0.39480000, 0.05468333, 0.25000000)",None,Visible usable person instance (pedestrian/firefighter/civilian); tight accurate bounding box.,ANTIGRAVITY_VISUAL_QA,2026-09-26T03:55:00+07:00
2213,CAND_002213,MEDIUM,ADD,0,person,train,WEB07139.jpg,"(0.07207031, 0.40138889, 0.01953125, 0.08472222)",None,Visible usable person instance (pedestrian/firefighter/civilian); tight accurate bounding box.,ANTIGRAVITY_VISUAL_QA,2026-09-26T03:55:00+07:00
2214,CAND_002214,MEDIUM,ADD,0,person,train,WEB07141.jpg,"(0.45585938, 0.77916667, 0.07500000, 0.19722222)",None,Visible usable person instance (pedestrian/firefighter/civilian); tight accurate bounding box.,ANTIGRAVITY_VISUAL_QA,2026-09-26T03:55:00+07:00
2215,CAND_002215,MEDIUM,ADD,0,person,train,WEB07568.jpg,"(0.56562727, 0.74553312, 0.03125455, 0.17216478)",None,Visible usable person instance (pedestrian/firefighter/civilian); tight accurate bounding box.,ANTIGRAVITY_VISUAL_QA,2026-09-26T03:55:00+07:00
2216,CAND_002216,MEDIUM,ADD,0,person,train,WEB07602.jpg,"(0.49882215, 0.91064246, 0.02890796, 0.06435754)",None,Visible usable person instance (pedestrian/firefighter/civilian); tight accurate bounding box.,ANTIGRAVITY_VISUAL_QA,2026-09-26T03:55:00+07:00
2217,CAND_002217,MEDIUM,ADD,0,person,test,WEB10344.jpg,"(0.80390762, 0.68522401, 0.01563046, 0.05607527)",None,Visible usable person instance (pedestrian/firefighter/civilian); tight accurate bounding box.,ANTIGRAVITY_VISUAL_QA,2026-09-26T03:55:00+07:00
2218,CAND_002218,MEDIUM,ADD,0,person,train,PublicDataset00946.jpg,"(0.08613333, 0.81718333, 0.04140000, 0.19063333)",None,Visible usable person instance (pedestrian/firefighter/civilian); tight accurate bounding box.,ANTIGRAVITY_VISUAL_QA,2026-09-26T03:55:00+07:00
2219,CAND_002219,MEDIUM,ADD,0,person,train,WEB03957.jpg,"(0.05395417, 0.66189759, 0.01484167, 0.05196386)",None,Visible usable person instance (pedestrian/firefighter/civilian); tight accurate bounding box.,ANTIGRAVITY_VISUAL_QA,2026-09-26T03:55:00+07:00
2220,CAND_002220,MEDIUM,ADD,0,person,train,WEB05412.jpg,"(0.12968750, 0.70555556, 0.02225000, 0.10000000)",None,Visible usable person instance (pedestrian/firefighter/civilian); tight accurate bounding box.,ANTIGRAVITY_VISUAL_QA,2026-09-26T03:55:00+07:00
2221,CAND_002221,MEDIUM,ADD,0,person,train,WEB07754.jpg,"(0.28515625, 0.47768879, 0.01953750, 0.11153318)",None,Visible usable person instance (pedestrian/firefighter/civilian); tight accurate bounding box.,ANTIGRAVITY_VISUAL_QA,2026-09-26T03:55:00+07:00
2222,CAND_002222,MEDIUM,ADD,0,person,train,WEB09238.jpg,"(0.44023256, 0.74791344, 0.02422481, 0.15208010)",None,Visible usable person instance (pedestrian/firefighter/civilian); tight accurate bounding box.,ANTIGRAVITY_VISUAL_QA,2026-09-26T03:55:00+07:00
2223,CAND_002223,MEDIUM,ADD,0,person,val,WEB07601.jpg,"(0.69765609, 0.73089483, 0.01406346, 0.07322878)",None,Visible usable person instance (pedestrian/firefighter/civilian); tight accurate bounding box.,ANTIGRAVITY_VISUAL_QA,2026-09-26T03:55:00+07:00
2224,CAND_002224,MEDIUM,ADD,0,person,val,WEB07601.jpg,"(0.28047083, 0.73933579, 0.01797339, 0.07885609)",None,Visible usable person instance (pedestrian/firefighter/civilian); tight accurate bounding box.,ANTIGRAVITY_VISUAL_QA,2026-09-26T03:55:00+07:00
2225,CAND_002225,MEDIUM,ADD,0,person,test,WEB11472.jpg,"(0.03188477, 0.38333333, 0.04287109, 0.17638889)",None,Visible usable person instance (pedestrian/firefighter/civilian); tight accurate bounding box.,ANTIGRAVITY_VISUAL_QA,2026-09-26T03:55:00+07:00
2226,CAND_002226,MEDIUM,ADJUST_BBOX,0,person,train,WEB07169.jpg,"(0.94531003, 0.88534653, 0.10937995, 0.22574257)","(0.94531003, 0.88623762, 0.10937995, 0.22752475)",Visible valid person instance at image boundary; coordinate clamped to frame edge.,ANTIGRAVITY_VISUAL_QA,2026-09-26T03:55:00+07:00
2227,CAND_002227,MEDIUM,ADD,0,person,train,WEB08842.jpg,"(0.54140625, 0.64513889, 0.11953125, 0.31111111)",None,Visible usable person instance (pedestrian/firefighter/civilian); tight accurate bounding box.,ANTIGRAVITY_VISUAL_QA,2026-09-26T03:55:00+07:00
2228,CAND_002228,MEDIUM,ADD,0,person,train,WEB09337.jpg,"(0.96562943, 0.55341297, 0.05000000, 0.22556314)",None,Visible usable person instance (pedestrian/firefighter/civilian); tight accurate bounding box.,ANTIGRAVITY_VISUAL_QA,2026-09-26T03:55:00+07:00
2232,CAND_002232,MEDIUM,ADD,0,person,train,WEB07197.jpg,"(0.71562500, 0.42847222, 0.03750000, 0.19027778)",None,Visible usable person instance (pedestrian/firefighter/civilian); tight accurate bounding box.,ANTIGRAVITY_VISUAL_QA,2026-09-26T03:55:00+07:00
2233,CAND_002233,MEDIUM,ADD,0,person,train,WEB07722.jpg,"(0.59609545, 0.65668013, 0.05624545, 0.20130856)",None,Visible usable person instance (pedestrian/firefighter/civilian); tight accurate bounding box.,ANTIGRAVITY_VISUAL_QA,2026-09-26T03:55:00+07:00
2235,CAND_002235,MEDIUM,ADD,0,person,train,WEB08900.jpg,"(0.50546875, 0.68750000, 0.02500000, 0.14027778)",None,Visible usable person instance (pedestrian/firefighter/civilian); tight accurate bounding box.,ANTIGRAVITY_VISUAL_QA,2026-09-26T03:55:00+07:00
2237,CAND_002237,MEDIUM,ADD,0,person,test,WEB10186.jpg,"(0.02909668, 0.59895833, 0.01758789, 0.04375000)",None,Visible usable person instance (pedestrian/firefighter/civilian); tight accurate bounding box.,ANTIGRAVITY_VISUAL_QA,2026-09-26T03:55:00+07:00
2238,CAND_002238,MEDIUM,ADJUST_BBOX,0,person,train,PublicDataset00341.jpg,"(0.83105208, 0.78020833, 0.33477083, 0.41458333)","(0.83183333, 0.78020833, 0.33633333, 0.41458333)",Visible valid person instance at image boundary; coordinate clamped to frame edge.,ANTIGRAVITY_VISUAL_QA,2026-09-26T03:55:00+07:00
2239,CAND_002239,MEDIUM,ADJUST_BBOX,0,person,train,WEB06472.jpg,"(0.56099330, 0.93437593, 0.07511161, 0.12812779)","(0.56099330, 0.93515602, 0.07511161, 0.12968796)",Visible valid person instance at image boundary; coordinate clamped to frame edge.,ANTIGRAVITY_VISUAL_QA,2026-09-26T03:55:00+07:00
2240,CAND_002240,MEDIUM,ADJUST_BBOX,0,person,train,WEB08426.jpg,"(0.25351563, 0.85972222, 0.08203125, 0.27777778)","(0.25351563, 0.86041667, 0.08203125, 0.27916667)",Visible valid person instance at image boundary; coordinate clamped to frame edge.,ANTIGRAVITY_VISUAL_QA,2026-09-26T03:55:00+07:00
2241,CAND_002241,MEDIUM,ADD,0,person,train,AoF07336.jpg,"(0.42773438, 0.19895833, 0.11093750, 0.38958333)",None,Visible usable person instance (pedestrian/firefighter/civilian); tight accurate bounding box.,ANTIGRAVITY_VISUAL_QA,2026-09-26T03:55:00+07:00
2242,CAND_002242,MEDIUM,ADD,0,person,test,WEB11052.jpg,"(0.29531250, 0.60364583, 0.09609375, 0.14583333)",None,Visible usable person instance (pedestrian/firefighter/civilian); tight accurate bounding box.,ANTIGRAVITY_VISUAL_QA,2026-09-26T03:55:00+07:00
2243,CAND_002243,MEDIUM,ADD,0,person,train,WEB03523.jpg,"(0.30410289, 0.84639276, 0.02148055, 0.13874652)",None,Visible usable person instance (pedestrian/firefighter/civilian); tight accurate bounding box.,ANTIGRAVITY_VISUAL_QA,2026-09-26T03:55:00+07:00
2245,CAND_002245,MEDIUM,ADD,0,person,val,WEB07539.jpg,"(0.11435622, 0.58847328, 0.03770386, 0.18759542)",None,Visible usable person instance (pedestrian/firefighter/civilian); tight accurate bounding box.,ANTIGRAVITY_VISUAL_QA,2026-09-26T03:55:00+07:00
2246,CAND_002246,MEDIUM,ADD,0,person,val,WEB07611.jpg,"(0.56327778, 0.66180791, 0.01874603, 0.10564972)",None,Visible usable person instance (pedestrian/firefighter/civilian); tight accurate bounding box.,ANTIGRAVITY_VISUAL_QA,2026-09-26T03:55:00+07:00
2247,CAND_002247,MEDIUM,ADD,0,person,test,WEB11237.jpg,"(0.76054687, 0.46597222, 0.03437500, 0.19583333)",None,Visible usable person instance (pedestrian/firefighter/civilian); tight accurate bounding box.,ANTIGRAVITY_VISUAL_QA,2026-09-26T03:55:00+07:00
2248,CAND_002248,MEDIUM,ADD,0,person,train,PublicDataset00883.jpg,"(0.14816667, 0.57421875, 0.03958333, 0.09687500)",None,Visible usable person instance (pedestrian/firefighter/civilian); tight accurate bounding box.,ANTIGRAVITY_VISUAL_QA,2026-09-26T03:55:00+07:00
2250,CAND_002250,MEDIUM,ADD,0,person,train,WEB03714.jpg,"(0.27656028, 0.67946262, 0.03671395, 0.22855140)",None,Visible usable person instance (pedestrian/firefighter/civilian); tight accurate bounding box.,ANTIGRAVITY_VISUAL_QA,2026-09-26T03:55:00+07:00
2251,CAND_002251,MEDIUM,ADD,0,person,train,WEB06398.jpg,"(0.47031250, 0.82500000, 0.02812500, 0.14583333)",None,Visible usable person instance (pedestrian/firefighter/civilian); tight accurate bounding box.,ANTIGRAVITY_VISUAL_QA,2026-09-26T03:55:00+07:00
2252,CAND_002252,MEDIUM,ADD,0,person,val,WEB04381.jpg,"(0.75741915, 0.66562189, 0.11797264, 0.38646766)",None,Visible usable person instance (pedestrian/firefighter/civilian); tight accurate bounding box.,ANTIGRAVITY_VISUAL_QA,2026-09-26T03:55:00+07:00
2253,CAND_002253,MEDIUM,ADD,0,person,test,WEB11135.jpg,"(0.08075000, 0.70859670, 0.15320833, 0.27969340)",None,Visible usable person instance (pedestrian/firefighter/civilian); tight accurate bounding box.,ANTIGRAVITY_VISUAL_QA,2026-09-26T03:55:00+07:00
2254,CAND_002254,MEDIUM,ADJUST_BBOX,0,person,train,WEB03717.jpg,"(0.06411243, 0.88020979, 0.04403550, 0.23696970)","(0.06411243, 0.88086247, 0.04403550, 0.23827506)",Visible valid person instance at image boundary; coordinate clamped to frame edge.,ANTIGRAVITY_VISUAL_QA,2026-09-26T03:55:00+07:00
2255,CAND_002255,MEDIUM,ADD,0,person,train,WEB07200.jpg,"(0.93984375, 0.46805556, 0.03906250, 0.16666667)",None,Visible usable person instance (pedestrian/firefighter/civilian); tight accurate bounding box.,ANTIGRAVITY_VISUAL_QA,2026-09-26T03:55:00+07:00
2256,CAND_002256,MEDIUM,ADD,0,person,train,WEB07216.jpg,"(0.30703125, 0.38680556, 0.02734375, 0.10972222)",None,Visible usable person instance (pedestrian/firefighter/civilian); tight accurate bounding box.,ANTIGRAVITY_VISUAL_QA,2026-09-26T03:55:00+07:00
2257,CAND_002257,MEDIUM,ADJUST_BBOX,0,person,train,WEB07472.jpg,"(0.20917969, 0.92768080, 0.04140625, 0.14214464)","(0.20917969, 0.92830424, 0.04140625, 0.14339152)",Visible valid person instance at image boundary; coordinate clamped to frame edge.,ANTIGRAVITY_VISUAL_QA,2026-09-26T03:55:00+07:00
2258,CAND_002258,MEDIUM,ADD,0,person,train,WEB09081.jpg,"(0.37500000, 0.94296875, 0.19568750, 0.11406250)",None,Visible usable person instance (pedestrian/firefighter/civilian); tight accurate bounding box.,ANTIGRAVITY_VISUAL_QA,2026-09-26T03:55:00+07:00
2259,CAND_002259,MEDIUM,ADD,0,person,val,WEB05321.jpg,"(0.82500000, 0.63611111, 0.02812500, 0.08888889)",None,Visible usable person instance (pedestrian/firefighter/civilian); tight accurate bounding box.,ANTIGRAVITY_VISUAL_QA,2026-09-26T03:55:00+07:00
2260,CAND_002260,MEDIUM,ADD,0,person,val,WEB06782.jpg,"(0.11110417, 0.55703420, 0.05866667, 0.09843160)",None,Visible usable person instance (pedestrian/firefighter/civilian); tight accurate bounding box.,ANTIGRAVITY_VISUAL_QA,2026-09-26T03:55:00+07:00
2261,CAND_002261,MEDIUM,ADD,0,person,train,AoF01516.jpg,"(0.41757813, 0.85694444, 0.02109375, 0.08888889)",None,Visible usable person instance (pedestrian/firefighter/civilian); tight accurate bounding box.,ANTIGRAVITY_VISUAL_QA,2026-09-26T03:55:00+07:00
2262,CAND_002262,MEDIUM,ADD,0,person,train,AoF02438.jpg,"(0.42275391, 0.18194444, 0.11386719, 0.35625000)",None,Visible usable person instance (pedestrian/firefighter/civilian); tight accurate bounding box.,ANTIGRAVITY_VISUAL_QA,2026-09-26T03:55:00+07:00
2263,CAND_002263,MEDIUM,ADD,0,person,train,WEB05458.jpg,"(0.65468750, 0.70730000, 0.06407500, 0.29166667)",None,Visible usable person instance (pedestrian/firefighter/civilian); tight accurate bounding box.,ANTIGRAVITY_VISUAL_QA,2026-09-26T03:55:00+07:00
2264,CAND_002264,MEDIUM,ADD,0,person,train,WEB07209.jpg,"(0.95625000, 0.46250000, 0.04375000, 0.18611111)",None,Visible usable person instance (pedestrian/firefighter/civilian); tight accurate bounding box.,ANTIGRAVITY_VISUAL_QA,2026-09-26T03:55:00+07:00
2265,CAND_002265,MEDIUM,ADD,0,person,train,WEB07568.jpg,"(0.64062273, 0.78163166, 0.03906364, 0.18882068)",None,Visible usable person instance (pedestrian/firefighter/civilian); tight accurate bounding box.,ANTIGRAVITY_VISUAL_QA,2026-09-26T03:55:00+07:00
2266,CAND_002266,MEDIUM,REJECT,0,person,train,WEB07936.jpg,"(0.97265625, 0.66576087, 0.05468750, 0.58016304)",None,"Unusable extreme frame edge truncation (5.5%w x 58.0%h, aspect=6.10) showing only marginal body sliver.",ANTIGRAVITY_VISUAL_QA,2026-09-26T03:55:00+07:00
2267,CAND_002267,MEDIUM,ADD,0,person,test,PublicDataset01306.jpg,"(0.06913000, 0.65240964, 0.05550000, 0.23415663)",None,Visible usable person instance (pedestrian/firefighter/civilian); tight accurate bounding box.,ANTIGRAVITY_VISUAL_QA,2026-09-26T03:55:00+07:00
2269,CAND_002269,MEDIUM,ADJUST_BBOX,0,person,train,PublicDataset00938.jpg,"(0.75077991, 0.96008235, 0.02344017, 0.07569412)","(0.75077991, 0.96111765, 0.02344017, 0.07776471)",Visible valid person instance at image boundary; coordinate clamped to frame edge.,ANTIGRAVITY_VISUAL_QA,2026-09-26T03:55:00+07:00
2272,CAND_002272,MEDIUM,ADD,0,person,train,WEB04812.jpg,"(0.65390873, 0.59502981, 0.04375000, 0.15491803)",None,Visible usable person instance (pedestrian/firefighter/civilian); tight accurate bounding box.,ANTIGRAVITY_VISUAL_QA,2026-09-26T03:55:00+07:00
2273,CAND_002273,MEDIUM,ADD,0,person,val,WEB07539.jpg,"(0.28847639, 0.61001908, 0.04296137, 0.23622137)",None,Visible usable person instance (pedestrian/firefighter/civilian); tight accurate bounding box.,ANTIGRAVITY_VISUAL_QA,2026-09-26T03:55:00+07:00
2274,CAND_002274,MEDIUM,ADD,0,person,test,WEB11361.jpg,"(0.81796804, 0.57470588, 0.06093607, 0.11659229)",None,Visible usable person instance (pedestrian/firefighter/civilian); tight accurate bounding box.,ANTIGRAVITY_VISUAL_QA,2026-09-26T03:55:00+07:00
2275,CAND_002275,MEDIUM,ADD,0,person,train,WEB02388.jpg,"(0.71171875, 0.57276995, 0.12343750, 0.28638498)",None,Visible usable person instance (pedestrian/firefighter/civilian); tight accurate bounding box.,ANTIGRAVITY_VISUAL_QA,2026-09-26T03:55:00+07:00
2276,CAND_002276,MEDIUM,ADD,0,person,train,WEB02859.jpg,"(0.91562249, 0.64861777, 0.02500000, 0.09658674)",None,Visible usable person instance (pedestrian/firefighter/civilian); tight accurate bounding box.,ANTIGRAVITY_VISUAL_QA,2026-09-26T03:55:00+07:00
2277,CAND_002277,MEDIUM,ADD,0,person,train,WEB04252.jpg,"(0.68828221, 0.53906442, 0.02969325, 0.07030675)",None,Visible usable person instance (pedestrian/firefighter/civilian); tight accurate bounding box.,ANTIGRAVITY_VISUAL_QA,2026-09-26T03:55:00+07:00
2278,CAND_002278,MEDIUM,ADD,0,person,train,AoF01516.jpg,"(0.37031250, 0.86250000, 0.02187500, 0.09166667)",None,Visible usable person instance (pedestrian/firefighter/civilian); tight accurate bounding box.,ANTIGRAVITY_VISUAL_QA,2026-09-26T03:55:00+07:00
2279,CAND_002279,MEDIUM,ADJUST_BBOX,0,person,train,WEB01618.jpg,"(0.64882812, 0.89444444, 0.07734375, 0.20833333)","(0.64882812, 0.89513889, 0.07734375, 0.20972222)",Visible valid person instance at image boundary; coordinate clamped to frame edge.,ANTIGRAVITY_VISUAL_QA,2026-09-26T03:55:00+07:00
2280,CAND_002280,MEDIUM,ADD,0,person,train,WEB03134.jpg,"(0.04428125, 0.52222222, 0.04581250, 0.17222222)",None,Visible usable person instance (pedestrian/firefighter/civilian); tight accurate bounding box.,ANTIGRAVITY_VISUAL_QA,2026-09-26T03:55:00+07:00
2282,CAND_002282,MEDIUM,ADD,0,person,train,WEB06781.jpg,"(0.20013542, 0.57304835, 0.05106250, 0.07343160)",None,Visible usable person instance (pedestrian/firefighter/civilian); tight accurate bounding box.,ANTIGRAVITY_VISUAL_QA,2026-09-26T03:55:00+07:00
2283,CAND_002283,MEDIUM,ADD,0,person,train,WEB07225.jpg,"(0.75546875, 0.47083333, 0.01875000, 0.08333333)",None,Visible usable person instance (pedestrian/firefighter/civilian); tight accurate bounding box.,ANTIGRAVITY_VISUAL_QA,2026-09-26T03:55:00+07:00
2285,CAND_002285,MEDIUM,ADD,0,person,val,WEB07571.jpg,"(0.58007727, 0.59559774, 0.06953636, 0.51090468)",None,Visible usable person instance (pedestrian/firefighter/civilian); tight accurate bounding box.,ANTIGRAVITY_VISUAL_QA,2026-09-26T03:55:00+07:00
2286,CAND_002286,MEDIUM,ADJUST_BBOX,0,person,train,WEB01156.jpg,"(0.91484375, 0.84027778, 0.12812500, 0.31388889)","(0.91484375, 0.84166667, 0.12812500, 0.31666667)",Visible valid person instance at image boundary; coordinate clamped to frame edge.,ANTIGRAVITY_VISUAL_QA,2026-09-26T03:55:00+07:00
2287,CAND_002287,MEDIUM,ADD,0,person,train,WEB03817.jpg,"(0.35644531, 0.69027778, 0.03710938, 0.17777778)",None,Visible usable person instance (pedestrian/firefighter/civilian); tight accurate bounding box.,ANTIGRAVITY_VISUAL_QA,2026-09-26T03:55:00+07:00
2288,CAND_002288,MEDIUM,ADD,0,person,train,WEB03831.jpg,"(0.33945313, 0.73888889, 0.02500000, 0.12500000)",None,Visible usable person instance (pedestrian/firefighter/civilian); tight accurate bounding box.,ANTIGRAVITY_VISUAL_QA,2026-09-26T03:55:00+07:00
2289,CAND_002289,MEDIUM,ADJUST_BBOX,0,person,train,WEB06398.jpg,"(0.80390625, 0.94027778, 0.05781250, 0.11666667)","(0.80390625, 0.94097222, 0.05781250, 0.11805556)",Visible valid person instance at image boundary; coordinate clamped to frame edge.,ANTIGRAVITY_VISUAL_QA,2026-09-26T03:55:00+07:00
2290,CAND_002290,MEDIUM,ADD,0,person,train,WEB08841.jpg,"(0.59492188, 0.65138889, 0.11640625, 0.29444444)",None,Visible usable person instance (pedestrian/firefighter/civilian); tight accurate bounding box.,ANTIGRAVITY_VISUAL_QA,2026-09-26T03:55:00+07:00
2291,CAND_002291,MEDIUM,ADJUST_BBOX,0,person,train,WEB08949.jpg,"(0.78125000, 0.90028090, 0.13125000, 0.19662921)","(0.78125000, 0.90098315, 0.13125000, 0.19803371)",Visible valid person instance at image boundary; coordinate clamped to frame edge.,ANTIGRAVITY_VISUAL_QA,2026-09-26T03:55:00+07:00
2292,CAND_002292,MEDIUM,ADJUST_BBOX,0,person,test,WEB11478.jpg,"(0.20698469, 0.83866972, 0.10166327, 0.31748624)","(0.20698469, 0.83996330, 0.10166327, 0.32007339)",Visible valid person instance at image boundary; coordinate clamped to frame edge.,ANTIGRAVITY_VISUAL_QA,2026-09-26T03:55:00+07:00
2293,CAND_002293,MEDIUM,ADD,0,person,train,WEB01500.jpg,"(0.35898438, 0.63819444, 0.04140625, 0.18472222)",None,Visible usable person instance (pedestrian/firefighter/civilian); tight accurate bounding box.,ANTIGRAVITY_VISUAL_QA,2026-09-26T03:55:00+07:00
2295,CAND_002295,MEDIUM,ADD,0,person,train,WEB04278.jpg,"(0.48749804, 0.78600295, 0.04843922, 0.24828909)",None,Visible usable person instance (pedestrian/firefighter/civilian); tight accurate bounding box.,ANTIGRAVITY_VISUAL_QA,2026-09-26T03:55:00+07:00
2297,CAND_002297,MEDIUM,ADD,0,person,train,AoF02421.jpg,"(0.42119141, 0.17912500, 0.11855469, 0.35077778)",None,Visible usable person instance (pedestrian/firefighter/civilian); tight accurate bounding box.,ANTIGRAVITY_VISUAL_QA,2026-09-26T03:55:00+07:00
2298,CAND_002298,MEDIUM,ADJUST_BBOX,0,person,val,WEB03980.jpg,"(0.75000000, 0.34988542, 0.39844340, 0.69702083)","(0.75000000, 0.34919792, 0.39844340, 0.69839583)",Visible valid person instance at image boundary; coordinate clamped to frame edge.,ANTIGRAVITY_VISUAL_QA,2026-09-26T03:55:00+07:00
2300,CAND_002300,MEDIUM,ADD,0,person,train,WEB03947.jpg,"(0.73359375, 0.46805556, 0.05859375, 0.26388889)",None,Visible usable person instance (pedestrian/firefighter/civilian); tight accurate bounding box.,ANTIGRAVITY_VISUAL_QA,2026-09-26T03:55:00+07:00
2301,CAND_002301,MEDIUM,ADD,0,person,train,WEB06087.jpg,"(0.37070139, 0.42431522, 0.08829167, 0.19932609)",None,Visible usable person instance (pedestrian/firefighter/civilian); tight accurate bounding box.,ANTIGRAVITY_VISUAL_QA,2026-09-26T03:55:00+07:00
2302,CAND_002302,MEDIUM,ADD,0,person,train,WEB06398.jpg,"(0.67617187, 0.87222222, 0.03906250, 0.18333333)",None,Visible usable person instance (pedestrian/firefighter/civilian); tight accurate bounding box.,ANTIGRAVITY_VISUAL_QA,2026-09-26T03:55:00+07:00
2304,CAND_002304,MEDIUM,ADD,0,person,train,WEB07506.jpg,"(0.13965027, 0.72468220, 0.02069945, 0.12266949)",None,Visible usable person instance (pedestrian/firefighter/civilian); tight accurate bounding box.,ANTIGRAVITY_VISUAL_QA,2026-09-26T03:55:00+07:00
2306,CAND_002306,MEDIUM,ADD,0,person,train,WEB05410.jpg,"(0.81718750, 0.80694444, 0.02500000, 0.11111111)",None,Visible usable person instance (pedestrian/firefighter/civilian); tight accurate bounding box.,ANTIGRAVITY_VISUAL_QA,2026-09-26T03:55:00+07:00
2307,CAND_002307,MEDIUM,ADJUST_BBOX,0,person,train,WEB07470.jpg,"(0.96562871, 0.91613532, 0.05000000, 0.16465596)","(0.96562871, 0.91690367, 0.05000000, 0.16619266)",Visible valid person instance at image boundary; coordinate clamped to frame edge.,ANTIGRAVITY_VISUAL_QA,2026-09-26T03:55:00+07:00
2308,CAND_002308,MEDIUM,ADD,0,person,train,WEB08424.jpg,"(0.89062500, 0.47986111, 0.05000000, 0.36111111)",None,Visible usable person instance (pedestrian/firefighter/civilian); tight accurate bounding box.,ANTIGRAVITY_VISUAL_QA,2026-09-26T03:55:00+07:00
2309,CAND_002309,MEDIUM,ADD,0,person,test,WEB10099.jpg,"(0.75273750, 0.59616505, 0.03827500, 0.15776699)",None,Visible usable person instance (pedestrian/firefighter/civilian); tight accurate bounding box.,ANTIGRAVITY_VISUAL_QA,2026-09-26T03:55:00+07:00
2310,CAND_002310,MEDIUM,ADD,0,person,test,WEB11084.jpg,"(0.32760045, 0.71758166, 0.06662946, 0.10546482)",None,Visible usable person instance (pedestrian/firefighter/civilian); tight accurate bounding box.,ANTIGRAVITY_VISUAL_QA,2026-09-26T03:55:00+07:00
2311,CAND_002311,MEDIUM,ADD,0,person,train,AoF02439.jpg,"(0.42255859, 0.18576389, 0.11425781, 0.36180556)",None,Visible usable person instance (pedestrian/firefighter/civilian); tight accurate bounding box.,ANTIGRAVITY_VISUAL_QA,2026-09-26T03:55:00+07:00
2313,CAND_002313,MEDIUM,ADD,0,person,train,WEB04144.jpg,"(0.40195313, 0.60000000, 0.06015625, 0.24722222)",None,Visible usable person instance (pedestrian/firefighter/civilian); tight accurate bounding box.,ANTIGRAVITY_VISUAL_QA,2026-09-26T03:55:00+07:00
2314,CAND_002314,MEDIUM,ADJUST_BBOX,0,person,train,WEB05344.jpg,"(0.05942187, 0.47569444, 0.11865625, 0.31250000)","(0.05937500, 0.47569444, 0.11875000, 0.31250000)",Visible valid person instance at image boundary; coordinate clamped to frame edge.,ANTIGRAVITY_VISUAL_QA,2026-09-26T03:55:00+07:00
2315,CAND_002315,MEDIUM,ADD,0,person,train,WEB05570.jpg,"(0.90265625, 0.17441627, 0.09660417, 0.21484670)",None,Visible usable person instance (pedestrian/firefighter/civilian); tight accurate bounding box.,ANTIGRAVITY_VISUAL_QA,2026-09-26T03:55:00+07:00
2317,CAND_002317,MEDIUM,ADD,0,person,train,WEB08900.jpg,"(0.61562500, 0.68055556, 0.02187500, 0.11111111)",None,Visible usable person instance (pedestrian/firefighter/civilian); tight accurate bounding box.,ANTIGRAVITY_VISUAL_QA,2026-09-26T03:55:00+07:00
2318,CAND_002318,MEDIUM,ADD,0,person,test,WEB10035.jpg,"(0.88125000, 0.75250729, 0.02187023, 0.09428571)",None,Visible usable person instance (pedestrian/firefighter/civilian); tight accurate bounding box.,ANTIGRAVITY_VISUAL_QA,2026-09-26T03:55:00+07:00
2319,CAND_002319,MEDIUM,ADD,0,person,test,WEB11438.jpg,"(0.39199219, 0.78125000, 0.29570313, 0.41847826)",None,Visible usable person instance (pedestrian/firefighter/civilian); tight accurate bounding box.,ANTIGRAVITY_VISUAL_QA,2026-09-26T03:55:00+07:00
2320,CAND_002320,MEDIUM,ADD,0,person,train,WEB03134.jpg,"(0.18300781, 0.49652778, 0.06757813, 0.13472222)",None,Visible usable person instance (pedestrian/firefighter/civilian); tight accurate bounding box.,ANTIGRAVITY_VISUAL_QA,2026-09-26T03:55:00+07:00
2321,CAND_002321,MEDIUM,ADD,0,person,train,WEB03692.jpg,"(0.65038946, 0.68356502, 0.04609393, 0.22327354)",None,Visible usable person instance (pedestrian/firefighter/civilian); tight accurate bounding box.,ANTIGRAVITY_VISUAL_QA,2026-09-26T03:55:00+07:00
2322,CAND_002322,MEDIUM,ADD,0,person,train,WEB06800.jpg,"(0.35350000, 0.61406250, 0.20116667, 0.23593160)",None,Visible usable person instance (pedestrian/firefighter/civilian); tight accurate bounding box.,ANTIGRAVITY_VISUAL_QA,2026-09-26T03:55:00+07:00
2323,CAND_002323,MEDIUM,ADD,0,person,train,WEB07861.jpg,"(0.85555556, 0.66718750, 0.05694444, 0.09218750)",None,Visible usable person instance (pedestrian/firefighter/civilian); tight accurate bounding box.,ANTIGRAVITY_VISUAL_QA,2026-09-26T03:55:00+07:00
2324,CAND_002324,MEDIUM,ADD,0,person,train,WEB07934.jpg,"(0.22300000, 0.49320652, 0.14071875, 0.39130435)",None,Visible usable person instance (pedestrian/firefighter/civilian); tight accurate bounding box.,ANTIGRAVITY_VISUAL_QA,2026-09-26T03:55:00+07:00
2327,CAND_002327,MEDIUM,ADD,0,person,test,WEB11134.jpg,"(0.32020833, 0.70742335, 0.23462500, 0.48984670)",None,Visible usable person instance (pedestrian/firefighter/civilian); tight accurate bounding box.,ANTIGRAVITY_VISUAL_QA,2026-09-26T03:55:00+07:00
2328,CAND_002328,MEDIUM,ADD,0,person,test,WEB11318.jpg,"(0.75820130, 0.78175115, 0.02422078, 0.05267281)",None,Visible usable person instance (pedestrian/firefighter/civilian); tight accurate bounding box.,ANTIGRAVITY_VISUAL_QA,2026-09-26T03:55:00+07:00
2329,CAND_002329,MEDIUM,ADD,0,person,train,WEB03132.jpg,"(0.18408594, 0.33333333, 0.19198438, 0.34166667)",None,Visible usable person instance (pedestrian/firefighter/civilian); tight accurate bounding box.,ANTIGRAVITY_VISUAL_QA,2026-09-26T03:55:00+07:00
2330,CAND_002330,MEDIUM,ADD,0,person,train,WEB07191.jpg,"(0.25078125, 0.45972222, 0.02578125, 0.13055556)",None,Visible usable person instance (pedestrian/firefighter/civilian); tight accurate bounding box.,ANTIGRAVITY_VISUAL_QA,2026-09-26T03:55:00+07:00
2331,CAND_002331,MEDIUM,ADD,0,person,train,WEB08422.jpg,"(0.10817969, 0.67361111, 0.06295312, 0.30277778)",None,Visible usable person instance (pedestrian/firefighter/civilian); tight accurate bounding box.,ANTIGRAVITY_VISUAL_QA,2026-09-26T03:55:00+07:00
2332,CAND_002332,MEDIUM,ADJUST_BBOX,0,person,train,WEB08714.jpg,"(0.63046384, 0.92750000, 0.08750000, 0.13800000)","(0.63046384, 0.92925000, 0.08750000, 0.14150000)",Visible valid person instance at image boundary; coordinate clamped to frame edge.,ANTIGRAVITY_VISUAL_QA,2026-09-26T03:55:00+07:00
2333,CAND_002333,MEDIUM,ADD,0,person,train,WEB04611.jpg,"(0.09404688, 0.55724299, 0.03378125, 0.15887850)",None,Visible usable person instance (pedestrian/firefighter/civilian); tight accurate bounding box.,ANTIGRAVITY_VISUAL_QA,2026-09-26T03:55:00+07:00
2334,CAND_002334,MEDIUM,ADJUST_BBOX,0,person,train,WEB06786.jpg,"(0.04278125, 0.66952830, 0.08418750, 0.25625000)","(0.04243750, 0.66952830, 0.08487500, 0.25625000)",Visible valid person instance at image boundary; coordinate clamped to frame edge.,ANTIGRAVITY_VISUAL_QA,2026-09-26T03:55:00+07:00
2335,CAND_002335,MEDIUM,ADD,0,person,train,WEB07305.jpg,"(0.42343884, 0.70029641, 0.04687768, 0.18514821)",None,Visible usable person instance (pedestrian/firefighter/civilian); tight accurate bounding box.,ANTIGRAVITY_VISUAL_QA,2026-09-26T03:55:00+07:00
2336,CAND_002336,MEDIUM,ADD,0,person,train,WEB07734.jpg,"(0.69231081, 0.91171779, 0.05781081, 0.17656442)",None,Visible usable person instance (pedestrian/firefighter/civilian); tight accurate bounding box.,ANTIGRAVITY_VISUAL_QA,2026-09-26T03:55:00+07:00
2337,CAND_002337,MEDIUM,ADJUST_BBOX,0,person,train,WEB08426.jpg,"(0.62031250, 0.85000000, 0.08281250, 0.29722222)","(0.62031250, 0.85069444, 0.08281250, 0.29861111)",Visible valid person instance at image boundary; coordinate clamped to frame edge.,ANTIGRAVITY_VISUAL_QA,2026-09-26T03:55:00+07:00
2338,CAND_002338,MEDIUM,ADD,0,person,val,WEB03944.jpg,"(0.19238281, 0.47916667, 0.04804688, 0.22222222)",None,Visible usable person instance (pedestrian/firefighter/civilian); tight accurate bounding box.,ANTIGRAVITY_VISUAL_QA,2026-09-26T03:55:00+07:00
2339,CAND_002339,MEDIUM,ADD,0,person,val,WEB06792.jpg,"(0.79362500, 0.46875000, 0.11870833, 0.19922170)",None,Visible usable person instance (pedestrian/firefighter/civilian); tight accurate bounding box.,ANTIGRAVITY_VISUAL_QA,2026-09-26T03:55:00+07:00
2340,CAND_002340,MEDIUM,ADD,0,person,train,PublicDataset00866.jpg,"(0.05049202, 0.28750000, 0.10098404, 0.18648936)",None,Visible usable person instance (pedestrian/firefighter/civilian); tight accurate bounding box.,ANTIGRAVITY_VISUAL_QA,2026-09-26T03:55:00+07:00
2341,CAND_002341,MEDIUM,ADD,0,person,train,PublicDataset00889.jpg,"(0.36718750, 0.85479452, 0.04609375, 0.19491194)",None,Visible usable person instance (pedestrian/firefighter/civilian); tight accurate bounding box.,ANTIGRAVITY_VISUAL_QA,2026-09-26T03:55:00+07:00
2342,CAND_002342,MEDIUM,ADD,0,person,val,WEB03939.jpg,"(0.21425781, 0.46527778, 0.04570312, 0.21944444)",None,Visible usable person instance (pedestrian/firefighter/civilian); tight accurate bounding box.,ANTIGRAVITY_VISUAL_QA,2026-09-26T03:55:00+07:00
2343,CAND_002343,MEDIUM,ADD,0,person,train,PublicDataset00867.jpg,"(0.87812500, 0.77981707, 0.02188333, 0.08764228)",None,Visible usable person instance (pedestrian/firefighter/civilian); tight accurate bounding box.,ANTIGRAVITY_VISUAL_QA,2026-09-26T03:55:00+07:00
2344,CAND_002344,MEDIUM,ADD,0,person,train,WEB03935.jpg,"(0.25156250, 0.43750000, 0.04453125, 0.21388889)",None,Visible usable person instance (pedestrian/firefighter/civilian); tight accurate bounding box.,ANTIGRAVITY_VISUAL_QA,2026-09-26T03:55:00+07:00
2345,CAND_002345,MEDIUM,ADD,0,person,train,WEB07263.jpg,"(0.50351563, 0.61505682, 0.03046875, 0.08806818)",None,Visible usable person instance (pedestrian/firefighter/civilian); tight accurate bounding box.,ANTIGRAVITY_VISUAL_QA,2026-09-26T03:55:00+07:00
2346,CAND_002346,MEDIUM,ADJUST_BBOX,0,person,val,WEB06223.jpg,"(0.81796680, 0.95669742, 0.02343015, 0.08546125)","(0.81796680, 0.95698339, 0.02343015, 0.08603321)",Visible valid person instance at image boundary; coordinate clamped to frame edge.,ANTIGRAVITY_VISUAL_QA,2026-09-26T03:55:00+07:00
2347,CAND_002347,MEDIUM,ADD,0,person,test,WEB11241.jpg,"(0.81796875, 0.61250000, 0.05468750, 0.22222222)",None,Visible usable person instance (pedestrian/firefighter/civilian); tight accurate bounding box.,ANTIGRAVITY_VISUAL_QA,2026-09-26T03:55:00+07:00
2349,CAND_002349,MEDIUM,ADD,0,person,train,AoF02443.jpg,"(0.42460938, 0.19444444, 0.11562500, 0.38194444)",None,Visible usable person instance (pedestrian/firefighter/civilian); tight accurate bounding box.,ANTIGRAVITY_VISUAL_QA,2026-09-26T03:55:00+07:00
2350,CAND_002350,MEDIUM,ADD,0,person,train,WEB04922.jpg,"(0.39680693, 0.63280556, 0.32856436, 0.28594444)",None,Visible usable person instance (pedestrian/firefighter/civilian); tight accurate bounding box.,ANTIGRAVITY_VISUAL_QA,2026-09-26T03:55:00+07:00
2351,CAND_002351,MEDIUM,ADD,0,person,train,WEB07231.jpg,"(0.40507813, 0.40399306, 0.04140625, 0.20868056)",None,Visible usable person instance (pedestrian/firefighter/civilian); tight accurate bounding box.,ANTIGRAVITY_VISUAL_QA,2026-09-26T03:55:00+07:00
2352,CAND_002352,MEDIUM,ADD,0,person,train,WEB07962.jpg,"(0.52187500, 0.59027778, 0.06093750, 0.32361111)",None,Visible usable person instance (pedestrian/firefighter/civilian); tight accurate bounding box.,ANTIGRAVITY_VISUAL_QA,2026-09-26T03:55:00+07:00
2353,CAND_002353,MEDIUM,ADD,0,person,test,WEB10473.jpg,"(0.13789062, 0.43211806, 0.03984375, 0.22465278)",None,Visible usable person instance (pedestrian/firefighter/civilian); tight accurate bounding box.,ANTIGRAVITY_VISUAL_QA,2026-09-26T03:55:00+07:00
2354,CAND_002354,MEDIUM,ADD,0,person,train,WEB07305.jpg,"(0.89687232, 0.75027301, 0.06874464, 0.22151326)",None,Visible usable person instance (pedestrian/firefighter/civilian); tight accurate bounding box.,ANTIGRAVITY_VISUAL_QA,2026-09-26T03:55:00+07:00
2355,CAND_002355,MEDIUM,ADD,0,person,test,WEB10221.jpg,"(0.64804694, 0.72475036, 0.02344553, 0.06542083)",None,Visible usable person instance (pedestrian/firefighter/civilian); tight accurate bounding box.,ANTIGRAVITY_VISUAL_QA,2026-09-26T03:55:00+07:00
2356,CAND_002356,MEDIUM,ADD,0,person,test,WEB11389.jpg,"(0.42070000, 0.42543237, 0.02187500, 0.08314856)",None,Visible usable person instance (pedestrian/firefighter/civilian); tight accurate bounding box.,ANTIGRAVITY_VISUAL_QA,2026-09-26T03:55:00+07:00
2357,CAND_002357,MEDIUM,ADD,0,person,test,WEB11652.jpg,"(0.41523437, 0.78194444, 0.04062500, 0.22916667)",None,Visible usable person instance (pedestrian/firefighter/civilian); tight accurate bounding box.,ANTIGRAVITY_VISUAL_QA,2026-09-26T03:55:00+07:00
2358,CAND_002358,MEDIUM,ADD,0,person,train,WEB03482.jpg,"(0.31933810, 0.78340348, 0.05195238, 0.19763425)",None,Visible usable person instance (pedestrian/firefighter/civilian); tight accurate bounding box.,ANTIGRAVITY_VISUAL_QA,2026-09-26T03:55:00+07:00
2359,CAND_002359,MEDIUM,ADD,0,person,train,WEB05410.jpg,"(0.27460937, 0.74583333, 0.02812500, 0.12500000)",None,Visible usable person instance (pedestrian/firefighter/civilian); tight accurate bounding box.,ANTIGRAVITY_VISUAL_QA,2026-09-26T03:55:00+07:00
2360,CAND_002360,MEDIUM,ADD,0,person,train,WEB07212.jpg,"(0.63281250, 0.50277778, 0.04531250, 0.16388889)",None,Visible usable person instance (pedestrian/firefighter/civilian); tight accurate bounding box.,ANTIGRAVITY_VISUAL_QA,2026-09-26T03:55:00+07:00
2361,CAND_002361,MEDIUM,ADD,0,person,train,WEB07263.jpg,"(0.47929688, 0.62357955, 0.01640625, 0.07102273)",None,Visible usable person instance (pedestrian/firefighter/civilian); tight accurate bounding box.,ANTIGRAVITY_VISUAL_QA,2026-09-26T03:55:00+07:00
2363,CAND_002363,MEDIUM,ADD,0,person,train,WEB08381.jpg,"(0.34297143, 0.76972500, 0.07577143, 0.37465000)",None,Visible usable person instance (pedestrian/firefighter/civilian); tight accurate bounding box.,ANTIGRAVITY_VISUAL_QA,2026-09-26T03:55:00+07:00
2364,CAND_002364,MEDIUM,ADD,0,person,test,WEB11452.jpg,"(0.22114555, 0.76418626, 0.05614555, 0.16142857)",None,Visible usable person instance (pedestrian/firefighter/civilian); tight accurate bounding box.,ANTIGRAVITY_VISUAL_QA,2026-09-26T03:55:00+07:00
2365,CAND_002365,MEDIUM,ADD,0,person,train,WEB05367.jpg,"(0.38828125, 0.69652778, 0.02500000, 0.11666667)",None,Visible usable person instance (pedestrian/firefighter/civilian); tight accurate bounding box.,ANTIGRAVITY_VISUAL_QA,2026-09-26T03:55:00+07:00
2366,CAND_002366,MEDIUM,ADD,0,person,train,WEB07936.jpg,"(0.13652344, 0.58271739, 0.15507813, 0.54108696)",None,Visible usable person instance (pedestrian/firefighter/civilian); tight accurate bounding box.,ANTIGRAVITY_VISUAL_QA,2026-09-26T03:55:00+07:00
2367,CAND_002367,MEDIUM,ADD,0,person,val,WEB07218.jpg,"(0.35234375, 0.55486111, 0.05859375, 0.25555556)",None,Visible usable person instance (pedestrian/firefighter/civilian); tight accurate bounding box.,ANTIGRAVITY_VISUAL_QA,2026-09-26T03:55:00+07:00
2368,CAND_002368,MEDIUM,ADD,0,person,test,WEB09742.jpg,"(0.72265625, 0.60902778, 0.02343750, 0.11250000)",None,Visible usable person instance (pedestrian/firefighter/civilian); tight accurate bounding box.,ANTIGRAVITY_VISUAL_QA,2026-09-26T03:55:00+07:00
2369,CAND_002369,MEDIUM,ADD,0,person,test,WEB11238.jpg,"(0.32929687, 0.44236111, 0.03593750, 0.22222222)",None,Visible usable person instance (pedestrian/firefighter/civilian); tight accurate bounding box.,ANTIGRAVITY_VISUAL_QA,2026-09-26T03:55:00+07:00
2370,CAND_002370,MEDIUM,ADJUST_BBOX,0,person,train,WEB00266.jpg,"(0.17187500, 0.95486111, 0.07225000, 0.08472222)","(0.17187500, 0.95625000, 0.07225000, 0.08750000)",Visible valid person instance at image boundary; coordinate clamped to frame edge.,ANTIGRAVITY_VISUAL_QA,2026-09-26T03:55:00+07:00
2371,CAND_002371,MEDIUM,ADD,0,person,train,WEB03134.jpg,"(0.27792969, 0.52638889, 0.05039063, 0.12500000)",None,Visible usable person instance (pedestrian/firefighter/civilian); tight accurate bounding box.,ANTIGRAVITY_VISUAL_QA,2026-09-26T03:55:00+07:00
2372,CAND_002372,MEDIUM,ADD,0,person,train,WEB05408.jpg,"(0.42617500, 0.41354444, 0.07188333, 0.27917778)",None,Visible usable person instance (pedestrian/firefighter/civilian); tight accurate bounding box.,ANTIGRAVITY_VISUAL_QA,2026-09-26T03:55:00+07:00
2373,CAND_002373,MEDIUM,ADD,0,person,train,WEB05411.jpg,"(0.37265625, 0.73611111, 0.02656250, 0.13888889)",None,Visible usable person instance (pedestrian/firefighter/civilian); tight accurate bounding box.,ANTIGRAVITY_VISUAL_QA,2026-09-26T03:55:00+07:00
2374,CAND_002374,MEDIUM,ADJUST_BBOX,0,person,train,WEB07169.jpg,"(0.01079815, 0.80620050, 0.02127968, 0.17002475)","(0.01071900, 0.80620050, 0.02143799, 0.17002475)",Visible valid person instance at image boundary; coordinate clamped to frame edge.,ANTIGRAVITY_VISUAL_QA,2026-09-26T03:55:00+07:00
2375,CAND_002375,MEDIUM,ADD,0,person,train,WEB07472.jpg,"(0.70429688, 0.75685786, 0.03593750, 0.22443890)",None,Visible usable person instance (pedestrian/firefighter/civilian); tight accurate bounding box.,ANTIGRAVITY_VISUAL_QA,2026-09-26T03:55:00+07:00
2376,CAND_002376,MEDIUM,ADD,0,person,train,WEB07961.jpg,"(0.98905983, 0.94508929, 0.02188034, 0.10982143)",None,Visible usable person instance (pedestrian/firefighter/civilian); tight accurate bounding box.,ANTIGRAVITY_VISUAL_QA,2026-09-26T03:55:00+07:00
2377,CAND_002377,MEDIUM,ADD,0,person,train,WEB08538.jpg,"(0.04743243, 0.54385906, 0.03481081, 0.11899329)",None,Visible usable person instance (pedestrian/firefighter/civilian); tight accurate bounding box.,ANTIGRAVITY_VISUAL_QA,2026-09-26T03:55:00+07:00
2378,CAND_002378,MEDIUM,ADD,0,person,test,WEB11436.jpg,"(0.95312500, 0.57472826, 0.09375000, 0.40217391)",None,Visible usable person instance (pedestrian/firefighter/civilian); tight accurate bounding box.,ANTIGRAVITY_VISUAL_QA,2026-09-26T03:55:00+07:00
2379,CAND_002379,MEDIUM,ADD,0,person,test,WEB11600.jpg,"(0.94296875, 0.88819444, 0.01562500, 0.07361111)",None,Visible usable person instance (pedestrian/firefighter/civilian); tight accurate bounding box.,ANTIGRAVITY_VISUAL_QA,2026-09-26T03:55:00+07:00
2380,CAND_002380,MEDIUM,ADD,0,person,train,WEB02882.jpg,"(0.82265707, 0.57976391, 0.02500000, 0.07851602)",None,Visible usable person instance (pedestrian/firefighter/civilian); tight accurate bounding box.,ANTIGRAVITY_VISUAL_QA,2026-09-26T03:55:00+07:00
2381,CAND_002381,MEDIUM,ADD,0,person,train,WEB04009.jpg,"(0.21479687, 0.80000000, 0.05868750, 0.14722222)",None,Visible usable person instance (pedestrian/firefighter/civilian); tight accurate bounding box.,ANTIGRAVITY_VISUAL_QA,2026-09-26T03:55:00+07:00
2383,CAND_002383,MEDIUM,ADD,0,person,train,PublicDataset00885.jpg,"(0.42421429, 0.62433476, 0.04062857, 0.15021459)",None,Visible usable person instance (pedestrian/firefighter/civilian); tight accurate bounding box.,ANTIGRAVITY_VISUAL_QA,2026-09-26T03:55:00+07:00
2384,CAND_002384,MEDIUM,ADD,0,person,train,WEB05410.jpg,"(0.24315625, 0.73611111, 0.02343750, 0.14444444)",None,Visible usable person instance (pedestrian/firefighter/civilian); tight accurate bounding box.,ANTIGRAVITY_VISUAL_QA,2026-09-26T03:55:00+07:00
2385,CAND_002385,MEDIUM,ADD,0,person,train,WEB09026.jpg,"(0.51796875, 0.41597222, 0.01875000, 0.08055556)",None,Visible usable person instance (pedestrian/firefighter/civilian); tight accurate bounding box.,ANTIGRAVITY_VISUAL_QA,2026-09-26T03:55:00+07:00
2386,CAND_002386,MEDIUM,ADD,0,person,train,WEB09356.jpg,"(0.58203125, 0.94444444, 0.04062500, 0.11111111)",None,Visible usable person instance (pedestrian/firefighter/civilian); tight accurate bounding box.,ANTIGRAVITY_VISUAL_QA,2026-09-26T03:55:00+07:00
2387,CAND_002387,MEDIUM,ADD,0,person,train,AoF02429.jpg,"(0.42109375, 0.18315972, 0.11796875, 0.35729167)",None,Visible usable person instance (pedestrian/firefighter/civilian); tight accurate bounding box.,ANTIGRAVITY_VISUAL_QA,2026-09-26T03:55:00+07:00
2388,CAND_002388,MEDIUM,ADD,0,person,train,WEB02859.jpg,"(0.88906627, 0.64533145, 0.02500000, 0.10315938)",None,Visible usable person instance (pedestrian/firefighter/civilian); tight accurate bounding box.,ANTIGRAVITY_VISUAL_QA,2026-09-26T03:55:00+07:00
2389,CAND_002389,MEDIUM,ADD,0,person,train,WEB02916.jpg,"(0.28457116, 0.69934877, 0.17734213, 0.27470333)",None,Visible usable person instance (pedestrian/firefighter/civilian); tight accurate bounding box.,ANTIGRAVITY_VISUAL_QA,2026-09-26T03:55:00+07:00
2390,CAND_002390,MEDIUM,ADD,0,person,train,WEB06652.jpg,"(0.40000000, 0.79426667, 0.03204000, 0.15886667)",None,Visible usable person instance (pedestrian/firefighter/civilian); tight accurate bounding box.,ANTIGRAVITY_VISUAL_QA,2026-09-26T03:55:00+07:00
2391,CAND_002391,MEDIUM,ADD,0,person,train,WEB07259.jpg,"(0.66953333, 0.72186667, 0.03593333, 0.12395556)",None,Visible usable person instance (pedestrian/firefighter/civilian); tight accurate bounding box.,ANTIGRAVITY_VISUAL_QA,2026-09-26T03:55:00+07:00
2392,CAND_002392,MEDIUM,ADD,0,person,train,WEB07473.jpg,"(0.78594083, 0.90771991, 0.02186982, 0.10696759)",None,Visible usable person instance (pedestrian/firefighter/civilian); tight accurate bounding box.,ANTIGRAVITY_VISUAL_QA,2026-09-26T03:55:00+07:00
2393,CAND_002393,MEDIUM,ADD,0,person,train,WEB09115.jpg,"(0.40312352, 0.57797965, 0.02030879, 0.08031977)",None,Visible usable person instance (pedestrian/firefighter/civilian); tight accurate bounding box.,ANTIGRAVITY_VISUAL_QA,2026-09-26T03:55:00+07:00
2394,CAND_002394,MEDIUM,ADD,0,person,val,WEB08937.jpg,"(0.80405941, 0.64609722, 0.06821782, 0.07186111)",None,Visible usable person instance (pedestrian/firefighter/civilian); tight accurate bounding box.,ANTIGRAVITY_VISUAL_QA,2026-09-26T03:55:00+07:00
2395,CAND_002395,MEDIUM,ADD,0,person,train,PublicDataset00889.jpg,"(0.21699219, 0.83835616, 0.04218750, 0.18786693)",None,Visible usable person instance (pedestrian/firefighter/civilian); tight accurate bounding box.,ANTIGRAVITY_VISUAL_QA,2026-09-26T03:55:00+07:00
2396,CAND_002396,MEDIUM,ADD,0,person,train,WEB03426.jpg,"(0.66093434, 0.66050833, 0.07186869, 0.22171667)",None,Visible usable person instance (pedestrian/firefighter/civilian); tight accurate bounding box.,ANTIGRAVITY_VISUAL_QA,2026-09-26T03:55:00+07:00
2397,CAND_002397,MEDIUM,ADD,0,person,train,WEB03948.jpg,"(0.17246094, 0.48333333, 0.03671875, 0.22777778)",None,Visible usable person instance (pedestrian/firefighter/civilian); tight accurate bounding box.,ANTIGRAVITY_VISUAL_QA,2026-09-26T03:55:00+07:00
2399,CAND_002399,MEDIUM,ADD,0,person,train,WEB07243.jpg,"(0.51093750, 0.53958333, 0.02656250, 0.05833333)",None,Visible usable person instance (pedestrian/firefighter/civilian); tight accurate bounding box.,ANTIGRAVITY_VISUAL_QA,2026-09-26T03:55:00+07:00
2400,CAND_002400,MEDIUM,ADD,0,person,train,WEB07245.jpg,"(0.40468700, 0.52259615, 0.07422151, 0.24493590)",None,Visible usable person instance (pedestrian/firefighter/civilian); tight accurate bounding box.,ANTIGRAVITY_VISUAL_QA,2026-09-26T03:55:00+07:00
2401,CAND_002401,MEDIUM,ADD,0,person,val,WEB07601.jpg,"(0.59140225, 0.71258303, 0.01406346, 0.07040590)",None,Visible usable person instance (pedestrian/firefighter/civilian); tight accurate bounding box.,ANTIGRAVITY_VISUAL_QA,2026-09-26T03:55:00+07:00
2402,CAND_002402,MEDIUM,ADD,0,person,test,WEB11449.jpg,"(0.88124498, 0.76114545, 0.02500000, 0.14007273)",None,Visible usable person instance (pedestrian/firefighter/civilian); tight accurate bounding box.,ANTIGRAVITY_VISUAL_QA,2026-09-26T03:55:00+07:00
2403,CAND_002403,MEDIUM,ADD,0,person,test,WEB11752.jpg,"(0.85312037, 0.76465278, 0.09687037, 0.35275000)",None,Visible usable person instance (pedestrian/firefighter/civilian); tight accurate bounding box.,ANTIGRAVITY_VISUAL_QA,2026-09-26T03:55:00+07:00
2404,CAND_002404,MEDIUM,ADD,0,person,train,WEB04098.jpg,"(0.60390625, 0.52777778, 0.09531250, 0.37222222)",None,Visible usable person instance (pedestrian/firefighter/civilian); tight accurate bounding box.,ANTIGRAVITY_VISUAL_QA,2026-09-26T03:55:00+07:00
2405,CAND_002405,MEDIUM,ADD,0,person,train,WEB07220.jpg,"(0.75390625, 0.51250000, 0.03906250, 0.18611111)",None,Visible usable person instance (pedestrian/firefighter/civilian); tight accurate bounding box.,ANTIGRAVITY_VISUAL_QA,2026-09-26T03:55:00+07:00
2406,CAND_002406,MEDIUM,ADJUST_BBOX,0,person,train,WEB07573.jpg,"(0.38828182, 0.95516963, 0.05312727, 0.08607431)","(0.38828182, 0.95606624, 0.05312727, 0.08786753)",Visible valid person instance at image boundary; coordinate clamped to frame edge.,ANTIGRAVITY_VISUAL_QA,2026-09-26T03:55:00+07:00
2407,CAND_002407,MEDIUM,ADD,0,person,train,WEB08154.jpg,"(0.40790869, 0.68545131, 0.01855670, 0.08567696)",None,Visible usable person instance (pedestrian/firefighter/civilian); tight accurate bounding box.,ANTIGRAVITY_VISUAL_QA,2026-09-26T03:55:00+07:00
2408,CAND_002408,MEDIUM,ADD,0,person,train,WEB08421.jpg,"(0.51171875, 0.62013889, 0.06406250, 0.33750000)",None,Visible usable person instance (pedestrian/firefighter/civilian); tight accurate bounding box.,ANTIGRAVITY_VISUAL_QA,2026-09-26T03:55:00+07:00
2410,CAND_002410,MEDIUM,ADD,0,person,train,WEB09238.jpg,"(0.31562016, 0.69635659, 0.01250000, 0.05312661)",None,Visible usable person instance (pedestrian/firefighter/civilian); tight accurate bounding box.,ANTIGRAVITY_VISUAL_QA,2026-09-26T03:55:00+07:00
2411,CAND_002411,MEDIUM,ADD,0,person,test,WEB10802.jpg,"(0.19082031, 0.55069444, 0.02890625, 0.14583333)",None,Visible usable person instance (pedestrian/firefighter/civilian); tight accurate bounding box.,ANTIGRAVITY_VISUAL_QA,2026-09-26T03:55:00+07:00
2412,CAND_002412,MEDIUM,ADD,0,person,train,PublicDataset00946.jpg,"(0.18975000, 0.78750000, 0.05253333, 0.14686667)",None,Visible usable person instance (pedestrian/firefighter/civilian); tight accurate bounding box.,ANTIGRAVITY_VISUAL_QA,2026-09-26T03:55:00+07:00
2413,CAND_002413,MEDIUM,ADD,0,person,train,WEB02384.jpg,"(0.75234375, 0.65000000, 0.08281250, 0.49444444)",None,Visible usable person instance (pedestrian/firefighter/civilian); tight accurate bounding box.,ANTIGRAVITY_VISUAL_QA,2026-09-26T03:55:00+07:00
2414,CAND_002414,MEDIUM,ADD,0,person,train,WEB02407.jpg,"(0.03566129, 0.54287440, 0.04467742, 0.15676329)",None,Visible usable person instance (pedestrian/firefighter/civilian); tight accurate bounding box.,ANTIGRAVITY_VISUAL_QA,2026-09-26T03:55:00+07:00
2415,CAND_002415,MEDIUM,ADD,0,person,train,WEB03042.jpg,"(0.59960938, 0.60277778, 0.05546875, 0.29166667)",None,Visible usable person instance (pedestrian/firefighter/civilian); tight accurate bounding box.,ANTIGRAVITY_VISUAL_QA,2026-09-26T03:55:00+07:00
2416,CAND_002416,MEDIUM,ADD,0,person,train,WEB07784.jpg,"(0.78008125, 0.41712860, 0.02656250, 0.10809313)",None,Visible usable person instance (pedestrian/firefighter/civilian); tight accurate bounding box.,ANTIGRAVITY_VISUAL_QA,2026-09-26T03:55:00+07:00
2419,CAND_002419,MEDIUM,ADD,0,person,val,WEB04305.jpg,"(0.31640645, 0.68582192, 0.03477419, 0.13582192)",None,Visible usable person instance (pedestrian/firefighter/civilian); tight accurate bounding box.,ANTIGRAVITY_VISUAL_QA,2026-09-26T03:55:00+07:00
2420,CAND_002420,MEDIUM,ADD,0,person,val,WEB07997.jpg,"(0.90078125, 0.50625000, 0.02812500, 0.11875000)",None,Visible usable person instance (pedestrian/firefighter/civilian); tight accurate bounding box.,ANTIGRAVITY_VISUAL_QA,2026-09-26T03:55:00+07:00
2421,CAND_002421,MEDIUM,ADD,0,person,train,PublicDataset00946.jpg,"(0.78046667, 0.70937500, 0.03906667, 0.11875000)",None,Visible usable person instance (pedestrian/firefighter/civilian); tight accurate bounding box.,ANTIGRAVITY_VISUAL_QA,2026-09-26T03:55:00+07:00
2422,CAND_002422,MEDIUM,ADD,0,person,train,WEB02918.jpg,"(0.08749763, 0.83905983, 0.02363723, 0.11250712)",None,Visible usable person instance (pedestrian/firefighter/civilian); tight accurate bounding box.,ANTIGRAVITY_VISUAL_QA,2026-09-26T03:55:00+07:00
2424,CAND_002424,MEDIUM,ADD,0,person,train,WEB05541.jpg,"(0.61250000, 0.73263889, 0.05468750, 0.16666667)",None,Visible usable person instance (pedestrian/firefighter/civilian); tight accurate bounding box.,ANTIGRAVITY_VISUAL_QA,2026-09-26T03:55:00+07:00
2425,CAND_002425,MEDIUM,ADD,0,person,train,WEB06789.jpg,"(0.35126042, 0.50000000, 0.09110417, 0.13594340)",None,Visible usable person instance (pedestrian/firefighter/civilian); tight accurate bounding box.,ANTIGRAVITY_VISUAL_QA,2026-09-26T03:55:00+07:00
2426,CAND_002426,MEDIUM,ADJUST_BBOX,0,person,train,WEB09110.jpg,"(0.85546875, 0.94076042, 0.06093750, 0.11718750)","(0.85546875, 0.94108333, 0.06093750, 0.11783333)",Visible valid person instance at image boundary; coordinate clamped to frame edge.,ANTIGRAVITY_VISUAL_QA,2026-09-26T03:55:00+07:00
2427,CAND_002427,MEDIUM,ADD,0,person,train,WEB09254.jpg,"(0.39336000, 0.72158082, 0.02188000, 0.11239787)",None,Visible usable person instance (pedestrian/firefighter/civilian); tight accurate bounding box.,ANTIGRAVITY_VISUAL_QA,2026-09-26T03:55:00+07:00
2428,CAND_002428,MEDIUM,ADD,0,person,val,WEB07752.jpg,"(0.37753750, 0.50000000, 0.02305000, 0.11363636)",None,Visible usable person instance (pedestrian/firefighter/civilian); tight accurate bounding box.,ANTIGRAVITY_VISUAL_QA,2026-09-26T03:55:00+07:00
2429,CAND_002429,MEDIUM,ADD,0,person,val,WEB07957.jpg,"(0.72812661, 0.65195252, 0.05103359, 0.06797481)",None,Visible usable person instance (pedestrian/firefighter/civilian); tight accurate bounding box.,ANTIGRAVITY_VISUAL_QA,2026-09-26T03:55:00+07:00
2430,CAND_002430,MEDIUM,ADD,0,person,test,WEB10472.jpg,"(0.38398437, 0.41458333, 0.05390625, 0.24027778)",None,Visible usable person instance (pedestrian/firefighter/civilian); tight accurate bounding box.,ANTIGRAVITY_VISUAL_QA,2026-09-26T03:55:00+07:00
2431,CAND_002431,MEDIUM,ADJUST_BBOX,0,person,test,WEB11285.jpg,"(0.98281100, 0.55721445, 0.03124402, 0.17965035)","(0.98359450, 0.55721445, 0.03281100, 0.17965035)",Visible valid person instance at image boundary; coordinate clamped to frame edge.,ANTIGRAVITY_VISUAL_QA,2026-09-26T03:55:00+07:00
2432,CAND_002432,MEDIUM,ADD,0,person,train,WEB07192.jpg,"(0.85156250, 0.43750000, 0.03125000, 0.15833333)",None,Visible usable person instance (pedestrian/firefighter/civilian); tight accurate bounding box.,ANTIGRAVITY_VISUAL_QA,2026-09-26T03:55:00+07:00
2433,CAND_002433,MEDIUM,ADD,0,person,train,WEB07722.jpg,"(0.66171818, 0.65251212, 0.09140000, 0.20269790)",None,Visible usable person instance (pedestrian/firefighter/civilian); tight accurate bounding box.,ANTIGRAVITY_VISUAL_QA,2026-09-26T03:55:00+07:00
2434,CAND_002434,MEDIUM,ADD,0,person,train,WEB07936.jpg,"(0.44257812, 0.45176630, 0.09609375, 0.30978261)",None,Visible usable person instance (pedestrian/firefighter/civilian); tight accurate bounding box.,ANTIGRAVITY_VISUAL_QA,2026-09-26T03:55:00+07:00
2436,CAND_002436,MEDIUM,ADD,0,person,train,PublicDataset00885.jpg,"(0.47382857, 0.63313305, 0.04140000, 0.16665236)",None,Visible usable person instance (pedestrian/firefighter/civilian); tight accurate bounding box.,ANTIGRAVITY_VISUAL_QA,2026-09-26T03:55:00+07:00
2437,CAND_002437,MEDIUM,ADD,0,person,train,WEB07210.jpg,"(0.79687500, 0.51805556, 0.06406250, 0.18888889)",None,Visible usable person instance (pedestrian/firefighter/civilian); tight accurate bounding box.,ANTIGRAVITY_VISUAL_QA,2026-09-26T03:55:00+07:00
2438,CAND_002438,MEDIUM,ADD,0,person,train,WEB07231.jpg,"(0.64375000, 0.44739583, 0.05546875, 0.27743056)",None,Visible usable person instance (pedestrian/firefighter/civilian); tight accurate bounding box.,ANTIGRAVITY_VISUAL_QA,2026-09-26T03:55:00+07:00
2439,CAND_002439,MEDIUM,ADD,0,person,train,WEB07939.jpg,"(0.15567187, 0.39657609, 0.06171875, 0.28293478)",None,Visible usable person instance (pedestrian/firefighter/civilian); tight accurate bounding box.,ANTIGRAVITY_VISUAL_QA,2026-09-26T03:55:00+07:00
2440,CAND_002440,MEDIUM,ADD,0,person,train,WEB07972.jpg,"(0.77343712, 0.87856833, 0.05625153, 0.23596529)",None,Visible usable person instance (pedestrian/firefighter/civilian); tight accurate bounding box.,ANTIGRAVITY_VISUAL_QA,2026-09-26T03:55:00+07:00
2441,CAND_002441,MEDIUM,ADD,0,person,train,WEB07146.jpg,"(0.42421875, 0.56250000, 0.03046875, 0.13333333)",None,Visible usable person instance (pedestrian/firefighter/civilian); tight accurate bounding box.,ANTIGRAVITY_VISUAL_QA,2026-09-26T03:55:00+07:00
2442,CAND_002442,MEDIUM,REJECT,0,person,test,WEB10081.jpg,"(0.11757827, 0.98377301, 0.01464088, 0.03122699)",None,"Unusable extreme frame edge truncation (1.5%w x 3.1%h, aspect=1.28) showing only marginal body sliver.",ANTIGRAVITY_VISUAL_QA,2026-09-26T03:55:00+07:00
2443,CAND_002443,MEDIUM,ADD,0,person,train,WEB01494.jpg,"(0.49531250, 0.62986111, 0.04843750, 0.25138889)",None,Visible usable person instance (pedestrian/firefighter/civilian); tight accurate bounding box.,ANTIGRAVITY_VISUAL_QA,2026-09-26T03:55:00+07:00
2444,CAND_002444,MEDIUM,ADD,0,person,train,WEB07149.jpg,"(0.52656250, 0.80277778, 0.03125000, 0.23055556)",None,Visible usable person instance (pedestrian/firefighter/civilian); tight accurate bounding box.,ANTIGRAVITY_VISUAL_QA,2026-09-26T03:55:00+07:00
2446,CAND_002446,MEDIUM,ADD,0,person,test,WEB11315.jpg,"(0.13925966, 0.56867150, 0.11405579, 0.24388084)",None,Visible usable person instance (pedestrian/firefighter/civilian); tight accurate bounding box.,ANTIGRAVITY_VISUAL_QA,2026-09-26T03:55:00+07:00
2447,CAND_002447,MEDIUM,ADD,0,person,test,WEB11556.jpg,"(0.55742187, 0.52708333, 0.06093750, 0.22916667)",None,Visible usable person instance (pedestrian/firefighter/civilian); tight accurate bounding box.,ANTIGRAVITY_VISUAL_QA,2026-09-26T03:55:00+07:00
2448,CAND_002448,MEDIUM,ADD,0,person,train,AoF02458.jpg,"(0.42851563, 0.19895833, 0.11015625, 0.39027778)",None,Visible usable person instance (pedestrian/firefighter/civilian); tight accurate bounding box.,ANTIGRAVITY_VISUAL_QA,2026-09-26T03:55:00+07:00
2449,CAND_002449,MEDIUM,ADD,0,person,train,WEB03482.jpg,"(0.16132857, 0.79531205, 0.06172381, 0.23811321)",None,Visible usable person instance (pedestrian/firefighter/civilian); tight accurate bounding box.,ANTIGRAVITY_VISUAL_QA,2026-09-26T03:55:00+07:00
2450,CAND_002450,MEDIUM,ADD,0,person,train,WEB06349.jpg,"(0.80077500, 0.58374720, 0.01875000, 0.10208054)",None,Visible usable person instance (pedestrian/firefighter/civilian); tight accurate bounding box.,ANTIGRAVITY_VISUAL_QA,2026-09-26T03:55:00+07:00
2451,CAND_002451,MEDIUM,ADD,0,person,train,WEB07122.jpg,"(0.18085976, 0.73958537, 0.01796341, 0.04375610)",None,Visible usable person instance (pedestrian/firefighter/civilian); tight accurate bounding box.,ANTIGRAVITY_VISUAL_QA,2026-09-26T03:55:00+07:00
2452,CAND_002452,MEDIUM,ADD,0,person,train,WEB07506.jpg,"(0.63320765, 0.73831568, 0.01953005, 0.12722458)",None,Visible usable person instance (pedestrian/firefighter/civilian); tight accurate bounding box.,ANTIGRAVITY_VISUAL_QA,2026-09-26T03:55:00+07:00
2453,CAND_002453,MEDIUM,ADD,0,person,train,WEB07559.jpg,"(0.35312232, 0.83263955, 0.02500000, 0.11031898)",None,Visible usable person instance (pedestrian/firefighter/civilian); tight accurate bounding box.,ANTIGRAVITY_VISUAL_QA,2026-09-26T03:55:00+07:00
2454,CAND_002454,MEDIUM,ADD,0,person,train,WEB08424.jpg,"(0.15976562, 0.66875000, 0.09259375, 0.26250000)",None,Visible usable person instance (pedestrian/firefighter/civilian); tight accurate bounding box.,ANTIGRAVITY_VISUAL_QA,2026-09-26T03:55:00+07:00
2455,CAND_002455,MEDIUM,ADD,0,person,train,WEB08708.jpg,"(0.86113208, 0.85088889, 0.21836478, 0.28294444)",None,Visible usable person instance (pedestrian/firefighter/civilian); tight accurate bounding box.,ANTIGRAVITY_VISUAL_QA,2026-09-26T03:55:00+07:00
2457,CAND_002457,MEDIUM,ADD,0,person,train,AoF02412.jpg,"(0.42021484, 0.18159722, 0.12363281, 0.35625000)",None,Visible usable person instance (pedestrian/firefighter/civilian); tight accurate bounding box.,ANTIGRAVITY_VISUAL_QA,2026-09-26T03:55:00+07:00
2458,CAND_002458,MEDIUM,ADD,0,person,train,PublicDataset00949.jpg,"(0.85625000, 0.61771111, 0.01876667, 0.06248889)",None,Visible usable person instance (pedestrian/firefighter/civilian); tight accurate bounding box.,ANTIGRAVITY_VISUAL_QA,2026-09-26T03:55:00+07:00
2459,CAND_002459,MEDIUM,ADD,0,person,train,WEB01154.jpg,"(0.50468750, 0.69513889, 0.02343750, 0.11805556)",None,Visible usable person instance (pedestrian/firefighter/civilian); tight accurate bounding box.,ANTIGRAVITY_VISUAL_QA,2026-09-26T03:55:00+07:00
2460,CAND_002460,MEDIUM,ADD,0,person,train,WEB01158.jpg,"(0.14375000, 0.67291667, 0.02031250, 0.08750000)",None,Visible usable person instance (pedestrian/firefighter/civilian); tight accurate bounding box.,ANTIGRAVITY_VISUAL_QA,2026-09-26T03:55:00+07:00
2461,CAND_002461,MEDIUM,ADD,0,person,train,WEB04030.jpg,"(0.76875000, 0.16452055, 0.06250000, 0.27269406)",None,Visible usable person instance (pedestrian/firefighter/civilian); tight accurate bounding box.,ANTIGRAVITY_VISUAL_QA,2026-09-26T03:55:00+07:00
2463,CAND_002463,MEDIUM,ADD,0,person,train,WEB06787.jpg,"(0.32504167, 0.61718750, 0.07316667, 0.13359670)",None,Visible usable person instance (pedestrian/firefighter/civilian); tight accurate bounding box.,ANTIGRAVITY_VISUAL_QA,2026-09-26T03:55:00+07:00
2464,CAND_002464,MEDIUM,ADD,0,person,train,WEB07192.jpg,"(0.68984375, 0.43402778, 0.04062500, 0.17638889)",None,Visible usable person instance (pedestrian/firefighter/civilian); tight accurate bounding box.,ANTIGRAVITY_VISUAL_QA,2026-09-26T03:55:00+07:00
2466,CAND_002466,MEDIUM,ADD,0,person,train,WEB08714.jpg,"(0.76094340, 0.81501389, 0.04062893, 0.20425000)",None,Visible usable person instance (pedestrian/firefighter/civilian); tight accurate bounding box.,ANTIGRAVITY_VISUAL_QA,2026-09-26T03:55:00+07:00
2467,CAND_002467,MEDIUM,ADD,0,person,val,WEB03938.jpg,"(0.37734375, 0.36944444, 0.02968750, 0.12500000)",None,Visible usable person instance (pedestrian/firefighter/civilian); tight accurate bounding box.,ANTIGRAVITY_VISUAL_QA,2026-09-26T03:55:00+07:00
2468,CAND_002468,MEDIUM,ADD,0,person,test,WEB10373.jpg,"(0.53437580, 0.94846678, 0.06719745, 0.10306644)",None,Visible usable person instance (pedestrian/firefighter/civilian); tight accurate bounding box.,ANTIGRAVITY_VISUAL_QA,2026-09-26T03:55:00+07:00
2469,CAND_002469,MEDIUM,ADD,0,person,train,WEB01495.jpg,"(0.28300781, 0.77569444, 0.10664063, 0.21666667)",None,Visible usable person instance (pedestrian/firefighter/civilian); tight accurate bounding box.,ANTIGRAVITY_VISUAL_QA,2026-09-26T03:55:00+07:00
2470,CAND_002470,MEDIUM,ADD,0,person,train,WEB03936.jpg,"(0.23007812, 0.39444444, 0.03281250, 0.13611111)",None,Visible usable person instance (pedestrian/firefighter/civilian); tight accurate bounding box.,ANTIGRAVITY_VISUAL_QA,2026-09-26T03:55:00+07:00
2471,CAND_002471,MEDIUM,ADD,0,person,train,WEB07196.jpg,"(0.72343750, 0.47361111, 0.04687500, 0.17916667)",None,Visible usable person instance (pedestrian/firefighter/civilian); tight accurate bounding box.,ANTIGRAVITY_VISUAL_QA,2026-09-26T03:55:00+07:00
2472,CAND_002472,MEDIUM,ADD,0,person,train,WEB07210.jpg,"(0.94765625, 0.50833333, 0.03593750, 0.20555556)",None,Visible usable person instance (pedestrian/firefighter/civilian); tight accurate bounding box.,ANTIGRAVITY_VISUAL_QA,2026-09-26T03:55:00+07:00
2474,CAND_002474,MEDIUM,ADD,0,person,train,WEB07602.jpg,"(0.71757410, 0.90994413, 0.03280811, 0.13709497)",None,Visible usable person instance (pedestrian/firefighter/civilian); tight accurate bounding box.,ANTIGRAVITY_VISUAL_QA,2026-09-26T03:55:00+07:00
2475,CAND_002475,MEDIUM,ADD,0,person,train,WEB09405.jpg,"(0.08305469, 0.23680556, 0.05126563, 0.12638889)",None,Visible usable person instance (pedestrian/firefighter/civilian); tight accurate bounding box.,ANTIGRAVITY_VISUAL_QA,2026-09-26T03:55:00+07:00
2476,CAND_002476,MEDIUM,ADD,0,person,train,WEB03950.jpg,"(0.10713281, 0.58611111, 0.03710938, 0.14722222)",None,Visible usable person instance (pedestrian/firefighter/civilian); tight accurate bounding box.,ANTIGRAVITY_VISUAL_QA,2026-09-26T03:55:00+07:00
2477,CAND_002477,MEDIUM,ADD,0,person,train,WEB05534.jpg,"(0.53984375, 0.66319444, 0.04687500, 0.24583333)",None,Visible usable person instance (pedestrian/firefighter/civilian); tight accurate bounding box.,ANTIGRAVITY_VISUAL_QA,2026-09-26T03:55:00+07:00
2478,CAND_002478,MEDIUM,ADD,0,person,train,WEB07197.jpg,"(0.11992187, 0.43038194, 0.06367188, 0.22256944)",None,Visible usable person instance (pedestrian/firefighter/civilian); tight accurate bounding box.,ANTIGRAVITY_VISUAL_QA,2026-09-26T03:55:00+07:00
2479,CAND_002479,MEDIUM,ADD,0,person,train,WEB09288.jpg,"(0.60703704, 0.46347222, 0.03281481, 0.16638889)",None,Visible usable person instance (pedestrian/firefighter/civilian); tight accurate bounding box.,ANTIGRAVITY_VISUAL_QA,2026-09-26T03:55:00+07:00
2480,CAND_002480,MEDIUM,ADD,0,person,train,PublicDataset00904.jpg,"(0.45000000, 0.82578125, 0.02656250, 0.06562500)",None,Visible usable person instance (pedestrian/firefighter/civilian); tight accurate bounding box.,ANTIGRAVITY_VISUAL_QA,2026-09-26T03:55:00+07:00
2481,CAND_002481,MEDIUM,ADD,0,person,train,PublicDataset00932.jpg,"(0.18243333, 0.77811111, 0.04140000, 0.11666667)",None,Visible usable person instance (pedestrian/firefighter/civilian); tight accurate bounding box.,ANTIGRAVITY_VISUAL_QA,2026-09-26T03:55:00+07:00
2482,CAND_002482,MEDIUM,ADD,0,person,val,WEB03944.jpg,"(0.30351563, 0.41527778, 0.02578125, 0.12222222)",None,Visible usable person instance (pedestrian/firefighter/civilian); tight accurate bounding box.,ANTIGRAVITY_VISUAL_QA,2026-09-26T03:55:00+07:00
2483,CAND_002483,MEDIUM,ADD,0,person,train,WEB07573.jpg,"(0.42734545, 0.95725363, 0.04374545, 0.08051696)",None,Visible usable person instance (pedestrian/firefighter/civilian); tight accurate bounding box.,ANTIGRAVITY_VISUAL_QA,2026-09-26T03:55:00+07:00
2484,CAND_002484,MEDIUM,ADD,0,person,train,WEB09018.jpg,"(0.42851563, 0.85763889, 0.11015625, 0.24583333)",None,Visible usable person instance (pedestrian/firefighter/civilian); tight accurate bounding box.,ANTIGRAVITY_VISUAL_QA,2026-09-26T03:55:00+07:00
2485,CAND_002485,MEDIUM,ADD,0,person,train,WEB09110.jpg,"(0.94531250, 0.93098958, 0.04842500, 0.13802083)",None,Visible usable person instance (pedestrian/firefighter/civilian); tight accurate bounding box.,ANTIGRAVITY_VISUAL_QA,2026-09-26T03:55:00+07:00
2486,CAND_002486,MEDIUM,ADD,0,person,train,WEB01154.jpg,"(0.25839844, 0.77761111, 0.09726562, 0.26422222)",None,Visible usable person instance (pedestrian/firefighter/civilian); tight accurate bounding box.,ANTIGRAVITY_VISUAL_QA,2026-09-26T03:55:00+07:00
2487,CAND_002487,MEDIUM,ADD,0,person,train,WEB03523.jpg,"(0.26914053, 0.79696379, 0.01953576, 0.09537604)",None,Visible usable person instance (pedestrian/firefighter/civilian); tight accurate bounding box.,ANTIGRAVITY_VISUAL_QA,2026-09-26T03:55:00+07:00
2488,CAND_002488,MEDIUM,ADD,0,person,train,WEB09016.jpg,"(0.36347500, 0.48958333, 0.06680000, 0.13646667)",None,Visible usable person instance (pedestrian/firefighter/civilian); tight accurate bounding box.,ANTIGRAVITY_VISUAL_QA,2026-09-26T03:55:00+07:00
2489,CAND_002489,MEDIUM,ADD,0,person,val,WEB06210.jpg,"(0.62851391, 0.38004557, 0.02812592, 0.10561198)",None,Visible usable person instance (pedestrian/firefighter/civilian); tight accurate bounding box.,ANTIGRAVITY_VISUAL_QA,2026-09-26T03:55:00+07:00
2490,CAND_002490,MEDIUM,ADJUST_BBOX,0,person,train,PublicDataset00885.jpg,"(0.02852143, 0.66247854, 0.05595714, 0.21006438)","(0.02825000, 0.66247854, 0.05650000, 0.21006438)",Visible valid person instance at image boundary; coordinate clamped to frame edge.,ANTIGRAVITY_VISUAL_QA,2026-09-26T03:55:00+07:00
2491,CAND_002491,MEDIUM,ADD,0,person,train,PublicDataset00885.jpg,"(0.57070714, 0.80505365, 0.08047143, 0.17135193)",None,Visible usable person instance (pedestrian/firefighter/civilian); tight accurate bounding box.,ANTIGRAVITY_VISUAL_QA,2026-09-26T03:55:00+07:00
2492,CAND_002492,MEDIUM,ADD,0,person,train,WEB03482.jpg,"(0.43280952, 0.76137881, 0.04687619, 0.19526851)",None,Visible usable person instance (pedestrian/firefighter/civilian); tight accurate bounding box.,ANTIGRAVITY_VISUAL_QA,2026-09-26T03:55:00+07:00
2493,CAND_002493,MEDIUM,ADD,0,person,train,WEB03850.jpg,"(0.06484375, 0.75000000, 0.03046875, 0.08055556)",None,Visible usable person instance (pedestrian/firefighter/civilian); tight accurate bounding box.,ANTIGRAVITY_VISUAL_QA,2026-09-26T03:55:00+07:00
2494,CAND_002494,MEDIUM,ADD,0,person,train,WEB07594.jpg,"(0.24218579, 0.70818097, 0.19140984, 0.49878731)",None,Visible usable person instance (pedestrian/firefighter/civilian); tight accurate bounding box.,ANTIGRAVITY_VISUAL_QA,2026-09-26T03:55:00+07:00
2496,CAND_002496,MEDIUM,ADD,0,person,test,WEB11132.jpg,"(0.64386458, 0.40781250, 0.04556250, 0.05390330)",None,Visible usable person instance (pedestrian/firefighter/civilian); tight accurate bounding box.,ANTIGRAVITY_VISUAL_QA,2026-09-26T03:55:00+07:00
2498,CAND_002498,MEDIUM,ADD,0,person,train,WEB03935.jpg,"(0.50664062, 0.44513889, 0.06484375, 0.24861111)",None,Visible usable person instance (pedestrian/firefighter/civilian); tight accurate bounding box.,ANTIGRAVITY_VISUAL_QA,2026-09-26T03:55:00+07:00
2499,CAND_002499,MEDIUM,ADD,0,person,train,WEB03955.jpg,"(0.80858871, 0.85190000, 0.06250000, 0.17800000)",None,Visible usable person instance (pedestrian/firefighter/civilian); tight accurate bounding box.,ANTIGRAVITY_VISUAL_QA,2026-09-26T03:55:00+07:00
2500,CAND_002500,MEDIUM,ADD,0,person,test,PublicDataset01318.jpg,"(0.07485142, 0.69627367, 0.06143411, 0.17901893)",None,Visible usable person instance (pedestrian/firefighter/civilian); tight accurate bounding box.,ANTIGRAVITY_VISUAL_QA,2026-09-26T03:55:00+07:00
2501,CAND_002501,MEDIUM,ADD,0,person,train,AoF01541.jpg,"(0.37148437, 0.86875000, 0.02187500, 0.10277778)",None,Visible usable person instance (pedestrian/firefighter/civilian); tight accurate bounding box.,ANTIGRAVITY_VISUAL_QA,2026-09-26T03:55:00+07:00
2502,CAND_002502,MEDIUM,ADJUST_BBOX,0,person,train,WEB03971.jpg,"(0.86640920, 0.75635417, 0.26562500, 0.46650000)","(0.86679835, 0.75635417, 0.26640330, 0.46650000)",Visible valid person instance at image boundary; coordinate clamped to frame edge.,ANTIGRAVITY_VISUAL_QA,2026-09-26T03:55:00+07:00
2503,CAND_002503,MEDIUM,ADD,0,person,train,WEB04968.jpg,"(0.30273929, 0.81881000, 0.02890428, 0.13646000)",None,Visible usable person instance (pedestrian/firefighter/civilian); tight accurate bounding box.,ANTIGRAVITY_VISUAL_QA,2026-09-26T03:55:00+07:00
2505,CAND_002505,MEDIUM,ADJUST_BBOX,0,person,train,WEB00265.jpg,"(0.17256250, 0.95555556, 0.07050000, 0.08611111)","(0.17256250, 0.95625000, 0.07050000, 0.08750000)",Visible valid person instance at image boundary; coordinate clamped to frame edge.,ANTIGRAVITY_VISUAL_QA,2026-09-26T03:55:00+07:00
2506,CAND_002506,MEDIUM,ADD,0,person,train,WEB04069.jpg,"(0.09736227, 0.53081845, 0.16894825, 0.54002976)",None,Visible usable person instance (pedestrian/firefighter/civilian); tight accurate bounding box.,ANTIGRAVITY_VISUAL_QA,2026-09-26T03:55:00+07:00
2507,CAND_002507,MEDIUM,ADJUST_BBOX,0,person,train,WEB04183.jpg,"(0.02556098, 0.79828125, 0.05102439, 0.22520833)","(0.02553659, 0.79828125, 0.05107317, 0.22520833)",Visible valid person instance at image boundary; coordinate clamped to frame edge.,ANTIGRAVITY_VISUAL_QA,2026-09-26T03:55:00+07:00
2508,CAND_002508,MEDIUM,ADD,0,person,train,WEB07169.jpg,"(0.38808707, 0.85456683, 0.04649077, 0.21987624)",None,Visible usable person instance (pedestrian/firefighter/civilian); tight accurate bounding box.,ANTIGRAVITY_VISUAL_QA,2026-09-26T03:55:00+07:00
2509,CAND_002509,MEDIUM,ADD,0,person,train,WEB07205.jpg,"(0.35273437, 0.41111111, 0.02734375, 0.14722222)",None,Visible usable person instance (pedestrian/firefighter/civilian); tight accurate bounding box.,ANTIGRAVITY_VISUAL_QA,2026-09-26T03:55:00+07:00
2510,CAND_002510,MEDIUM,ADD,0,person,train,WEB07215.jpg,"(0.91171875, 0.45000000, 0.03281250, 0.18472222)",None,Visible usable person instance (pedestrian/firefighter/civilian); tight accurate bounding box.,ANTIGRAVITY_VISUAL_QA,2026-09-26T03:55:00+07:00
2511,CAND_002511,MEDIUM,ADD,0,person,val,WEB08872.jpg,"(0.65000000, 0.43216000, 0.05938000, 0.17109333)",None,Visible usable person instance (pedestrian/firefighter/civilian); tight accurate bounding box.,ANTIGRAVITY_VISUAL_QA,2026-09-26T03:55:00+07:00
2516,CAND_002516,MEDIUM,ADD,0,person,train,WEB07835.jpg,"(0.74296875, 0.66458889, 0.03593750, 0.21251111)",None,Visible usable person instance (pedestrian/firefighter/civilian); tight accurate bounding box.,ANTIGRAVITY_VISUAL_QA,2026-09-26T03:55:00+07:00
2517,CAND_002517,MEDIUM,ADD,0,person,test,WEB11452.jpg,"(0.36894879, 0.79352622, 0.06913747, 0.19916817)",None,Visible usable person instance (pedestrian/firefighter/civilian); tight accurate bounding box.,ANTIGRAVITY_VISUAL_QA,2026-09-26T03:55:00+07:00
2518,CAND_002518,MEDIUM,ADD,0,person,train,WEB04024.jpg,"(0.17656250, 0.82656250, 0.04062500, 0.04375000)",None,Visible usable person instance (pedestrian/firefighter/civilian); tight accurate bounding box.,ANTIGRAVITY_VISUAL_QA,2026-09-26T03:55:00+07:00
2519,CAND_002519,MEDIUM,ADD,0,person,train,WEB07180.jpg,"(0.51640827, 0.17157080, 0.05625323, 0.07960177)",None,Visible usable person instance (pedestrian/firefighter/civilian); tight accurate bounding box.,ANTIGRAVITY_VISUAL_QA,2026-09-26T03:55:00+07:00
2521,CAND_002521,MEDIUM,ADD,0,person,train,WEB07195.jpg,"(0.68203125, 0.42708333, 0.04062500, 0.18333333)",None,Visible usable person instance (pedestrian/firefighter/civilian); tight accurate bounding box.,ANTIGRAVITY_VISUAL_QA,2026-09-26T03:55:00+07:00
2522,CAND_002522,MEDIUM,ADD,0,person,train,WEB07204.jpg,"(0.98750000, 0.44791667, 0.02500000, 0.21527778)",None,Visible usable person instance (pedestrian/firefighter/civilian); tight accurate bounding box.,ANTIGRAVITY_VISUAL_QA,2026-09-26T03:55:00+07:00
2523,CAND_002523,MEDIUM,ADD,0,person,train,WEB07216.jpg,"(0.90000000, 0.47361111, 0.05625000, 0.19722222)",None,Visible usable person instance (pedestrian/firefighter/civilian); tight accurate bounding box.,ANTIGRAVITY_VISUAL_QA,2026-09-26T03:55:00+07:00
2524,CAND_002524,MEDIUM,ADD,0,person,train,WEB07220.jpg,"(0.67421875, 0.52291667, 0.04921875, 0.18750000)",None,Visible usable person instance (pedestrian/firefighter/civilian); tight accurate bounding box.,ANTIGRAVITY_VISUAL_QA,2026-09-26T03:55:00+07:00
2525,CAND_002525,MEDIUM,ADD,0,person,train,WEB07230.jpg,"(0.34492187, 0.36232639, 0.02734375, 0.12534722)",None,Visible usable person instance (pedestrian/firefighter/civilian); tight accurate bounding box.,ANTIGRAVITY_VISUAL_QA,2026-09-26T03:55:00+07:00
2526,CAND_002526,MEDIUM,ADD,0,person,train,WEB07543.jpg,"(0.30273605, 0.66031046, 0.03437768, 0.16179739)",None,Visible usable person instance (pedestrian/firefighter/civilian); tight accurate bounding box.,ANTIGRAVITY_VISUAL_QA,2026-09-26T03:55:00+07:00
2527,CAND_002527,MEDIUM,ADD,0,person,train,WEB08432.jpg,"(0.48007813, 0.75972222, 0.16640625, 0.46666667)",None,Visible usable person instance (pedestrian/firefighter/civilian); tight accurate bounding box.,ANTIGRAVITY_VISUAL_QA,2026-09-26T03:55:00+07:00
2528,CAND_002528,MEDIUM,ADD,0,person,train,WEB09099.jpg,"(0.56227481, 0.73046715, 0.05111450, 0.14530801)",None,Visible usable person instance (pedestrian/firefighter/civilian); tight accurate bounding box.,ANTIGRAVITY_VISUAL_QA,2026-09-26T03:55:00+07:00
2529,CAND_002529,MEDIUM,ADD,0,person,val,WEB07227.jpg,"(0.29218750, 0.42847222, 0.05234375, 0.23333333)",None,Visible usable person instance (pedestrian/firefighter/civilian); tight accurate bounding box.,ANTIGRAVITY_VISUAL_QA,2026-09-26T03:55:00+07:00
2531,CAND_002531,MEDIUM,ADD,0,person,val,WEB09283.jpg,"(0.95000000, 0.62847222, 0.10000000, 0.72083333)",None,Visible usable person instance (pedestrian/firefighter/civilian); tight accurate bounding box.,ANTIGRAVITY_VISUAL_QA,2026-09-26T03:55:00+07:00
2532,CAND_002532,MEDIUM,ADD,0,person,test,WEB10607.jpg,"(0.53828202, 0.54338900, 0.11250000, 0.22434185)",None,Visible usable person instance (pedestrian/firefighter/civilian); tight accurate bounding box.,ANTIGRAVITY_VISUAL_QA,2026-09-26T03:55:00+07:00
2533,CAND_002533,MEDIUM,ADD,0,person,train,WEB03928.jpg,"(0.58593750, 0.33055556, 0.03281250, 0.18611111)",None,Visible usable person instance (pedestrian/firefighter/civilian); tight accurate bounding box.,ANTIGRAVITY_VISUAL_QA,2026-09-26T03:55:00+07:00
2534,CAND_002534,MEDIUM,ADD,0,person,train,WEB04120.jpg,"(0.47890556, 0.68688277, 0.09687778, 0.37966252)",None,Visible usable person instance (pedestrian/firefighter/civilian); tight accurate bounding box.,ANTIGRAVITY_VISUAL_QA,2026-09-26T03:55:00+07:00
2535,CAND_002535,MEDIUM,ADD,0,person,train,WEB08750.jpg,"(0.27610294, 0.60038889, 0.09857843, 0.14216667)",None,Visible usable person instance (pedestrian/firefighter/civilian); tight accurate bounding box.,ANTIGRAVITY_VISUAL_QA,2026-09-26T03:55:00+07:00
2536,CAND_002536,MEDIUM,ADD,0,person,test,WEB11239.jpg,"(0.78320312, 0.46388889, 0.04296875, 0.19166667)",None,Visible usable person instance (pedestrian/firefighter/civilian); tight accurate bounding box.,ANTIGRAVITY_VISUAL_QA,2026-09-26T03:55:00+07:00
2537,CAND_002537,MEDIUM,ADD,0,person,train,AoF02442.jpg,"(0.42421875, 0.19201389, 0.11250000, 0.37569444)",None,Visible usable person instance (pedestrian/firefighter/civilian); tight accurate bounding box.,ANTIGRAVITY_VISUAL_QA,2026-09-26T03:55:00+07:00
2538,CAND_002538,MEDIUM,ADD,0,person,train,WEB03935.jpg,"(0.37343750, 0.40902778, 0.02695313, 0.11944444)",None,Visible usable person instance (pedestrian/firefighter/civilian); tight accurate bounding box.,ANTIGRAVITY_VISUAL_QA,2026-09-26T03:55:00+07:00
2539,CAND_002539,MEDIUM,ADJUST_BBOX,0,person,train,WEB04388.jpg,"(0.73984375, 0.82916667, 0.08281250, 0.33888889)","(0.73984375, 0.82986111, 0.08281250, 0.34027778)",Visible valid person instance at image boundary; coordinate clamped to frame edge.,ANTIGRAVITY_VISUAL_QA,2026-09-26T03:55:00+07:00
2540,CAND_002540,MEDIUM,ADD,0,person,train,WEB06068.jpg,"(0.48945312, 0.63611111, 0.03437500, 0.20000000)",None,Visible usable person instance (pedestrian/firefighter/civilian); tight accurate bounding box.,ANTIGRAVITY_VISUAL_QA,2026-09-26T03:55:00+07:00
2542,CAND_002542,MEDIUM,ADD,0,person,train,AoF03209.jpg,"(0.29140625, 0.51597222, 0.01640625, 0.07361111)",None,Visible usable person instance (pedestrian/firefighter/civilian); tight accurate bounding box.,ANTIGRAVITY_VISUAL_QA,2026-09-26T03:55:00+07:00
2543,CAND_002543,MEDIUM,ADD,0,person,train,WEB03457.jpg,"(0.91718502, 0.43449286, 0.01250220, 0.05321429)",None,Visible usable person instance (pedestrian/firefighter/civilian); tight accurate bounding box.,ANTIGRAVITY_VISUAL_QA,2026-09-26T03:55:00+07:00
2544,CAND_002544,MEDIUM,ADD,0,person,train,WEB06294.jpg,"(0.18017778, 0.74062963, 0.01855556, 0.04374815)",None,Visible usable person instance (pedestrian/firefighter/civilian); tight accurate bounding box.,ANTIGRAVITY_VISUAL_QA,2026-09-26T03:55:00+07:00
2545,CAND_002545,MEDIUM,ADJUST_BBOX,0,person,train,WEB06800.jpg,"(0.05452083, 0.55000590, 0.10283333, 0.15937500)","(0.05296875, 0.55000590, 0.10593750, 0.15937500)",Visible valid person instance at image boundary; coordinate clamped to frame edge.,ANTIGRAVITY_VISUAL_QA,2026-09-26T03:55:00+07:00
2546,CAND_002546,MEDIUM,ADD,0,person,train,WEB07132.jpg,"(0.53164062, 0.89444444, 0.03125000, 0.05277778)",None,Visible usable person instance (pedestrian/firefighter/civilian); tight accurate bounding box.,ANTIGRAVITY_VISUAL_QA,2026-09-26T03:55:00+07:00
2547,CAND_002547,MEDIUM,ADD,0,person,train,WEB07864.jpg,"(0.50898438, 0.83213531, 0.02890625, 0.19619450)",None,Visible usable person instance (pedestrian/firefighter/civilian); tight accurate bounding box.,ANTIGRAVITY_VISUAL_QA,2026-09-26T03:55:00+07:00
2548,CAND_002548,MEDIUM,ADJUST_BBOX,0,person,train,WEB08941.jpg,"(0.05985149, 0.53437500, 0.11138614, 0.13908333)","(0.05777228, 0.53437500, 0.11554455, 0.13908333)",Visible valid person instance at image boundary; coordinate clamped to frame edge.,ANTIGRAVITY_VISUAL_QA,2026-09-26T03:55:00+07:00
2550,CAND_002550,MEDIUM,ADD,0,person,val,WEB06782.jpg,"(0.05210417, 0.55156840, 0.04208333, 0.08125000)",None,Visible usable person instance (pedestrian/firefighter/civilian); tight accurate bounding box.,ANTIGRAVITY_VISUAL_QA,2026-09-26T03:55:00+07:00
2551,CAND_002551,MEDIUM,ADD,0,person,test,WEB10221.jpg,"(0.66992028, 0.72789586, 0.02265722, 0.05661912)",None,Visible usable person instance (pedestrian/firefighter/civilian); tight accurate bounding box.,ANTIGRAVITY_VISUAL_QA,2026-09-26T03:55:00+07:00
2552,CAND_002552,MEDIUM,ADD,0,person,train,WEB04009.jpg,"(0.53085938, 0.76666667, 0.04765625, 0.12777778)",None,Visible usable person instance (pedestrian/firefighter/civilian); tight accurate bounding box.,ANTIGRAVITY_VISUAL_QA,2026-09-26T03:55:00+07:00
2554,CAND_002554,MEDIUM,ADD,0,person,train,WEB05410.jpg,"(0.37031250, 0.72500000, 0.02421875, 0.11527778)",None,Visible usable person instance (pedestrian/firefighter/civilian); tight accurate bounding box.,ANTIGRAVITY_VISUAL_QA,2026-09-26T03:55:00+07:00
2556,CAND_002556,MEDIUM,ADD,0,person,train,WEB06831.jpg,"(0.65000000, 0.54218750, 0.06111111, 0.09609375)",None,Visible usable person instance (pedestrian/firefighter/civilian); tight accurate bounding box.,ANTIGRAVITY_VISUAL_QA,2026-09-26T03:55:00+07:00
2557,CAND_002557,MEDIUM,ADD,0,person,train,WEB09254.jpg,"(0.34648500, 0.83398757, 0.04297000, 0.18595027)",None,Visible usable person instance (pedestrian/firefighter/civilian); tight accurate bounding box.,ANTIGRAVITY_VISUAL_QA,2026-09-26T03:55:00+07:00
2558,CAND_002558,MEDIUM,ADD,0,person,val,WEB07394.jpg,"(0.89453475, 0.70866328, 0.10781390, 0.29478849)",None,Visible usable person instance (pedestrian/firefighter/civilian); tight accurate bounding box.,ANTIGRAVITY_VISUAL_QA,2026-09-26T03:55:00+07:00
2559,CAND_002559,MEDIUM,ADJUST_BBOX,0,person,val,WEB07792.jpg,"(0.82676282, 0.92320000, 0.09336538, 0.14990000)","(0.82676282, 0.92412500, 0.09336538, 0.15175000)",Visible valid person instance at image boundary; coordinate clamped to frame edge.,ANTIGRAVITY_VISUAL_QA,2026-09-26T03:55:00+07:00
2560,CAND_002560,MEDIUM,ADD,0,person,test,WEB11719.jpg,"(0.43017500, 0.53698000, 0.46621000, 0.89478667)",None,Visible usable person instance (pedestrian/firefighter/civilian); tight accurate bounding box.,ANTIGRAVITY_VISUAL_QA,2026-09-26T03:55:00+07:00
2561,CAND_002561,MEDIUM,ADD,0,person,train,WEB06068.jpg,"(0.66796875, 0.63611111, 0.05468750, 0.20000000)",None,Visible usable person instance (pedestrian/firefighter/civilian); tight accurate bounding box.,ANTIGRAVITY_VISUAL_QA,2026-09-26T03:55:00+07:00
2562,CAND_002562,MEDIUM,ADD,0,person,test,WEB10212.jpg,"(0.06596633, 0.78935528, 0.04872727, 0.19415638)",None,Visible usable person instance (pedestrian/firefighter/civilian); tight accurate bounding box.,ANTIGRAVITY_VISUAL_QA,2026-09-26T03:55:00+07:00
2563,CAND_002563,MEDIUM,ADD,0,person,train,WEB07955.jpg,"(0.55703125, 0.87153257, 0.02968750, 0.12777778)",None,Visible usable person instance (pedestrian/firefighter/civilian); tight accurate bounding box.,ANTIGRAVITY_VISUAL_QA,2026-09-26T03:55:00+07:00
2564,CAND_002564,MEDIUM,ADD,0,person,train,WEB08949.jpg,"(0.22109375, 0.83988764, 0.04806250, 0.30617978)",None,Visible usable person instance (pedestrian/firefighter/civilian); tight accurate bounding box.,ANTIGRAVITY_VISUAL_QA,2026-09-26T03:55:00+07:00
2565,CAND_002565,MEDIUM,ADD,0,person,test,WEB11238.jpg,"(0.89453125, 0.38680556, 0.01875000, 0.07500000)",None,Visible usable person instance (pedestrian/firefighter/civilian); tight accurate bounding box.,ANTIGRAVITY_VISUAL_QA,2026-09-26T03:55:00+07:00
2566,CAND_002566,MEDIUM,ADD,0,person,train,PublicDataset00864.jpg,"(0.80390625, 0.64305556, 0.02187500, 0.11388889)",None,Visible usable person instance (pedestrian/firefighter/civilian); tight accurate bounding box.,ANTIGRAVITY_VISUAL_QA,2026-09-26T03:55:00+07:00
2567,CAND_002567,MEDIUM,ADD,0,person,train,WEB04684.jpg,"(0.19687500, 0.36053719, 0.07265625, 0.27066116)",None,Visible usable person instance (pedestrian/firefighter/civilian); tight accurate bounding box.,ANTIGRAVITY_VISUAL_QA,2026-09-26T03:55:00+07:00
2568,CAND_002568,MEDIUM,ADD,0,person,train,WEB07440.jpg,"(0.41991991, 0.74623264, 0.26640732, 0.49194444)",None,Visible usable person instance (pedestrian/firefighter/civilian); tight accurate bounding box.,ANTIGRAVITY_VISUAL_QA,2026-09-26T03:55:00+07:00
2569,CAND_002569,MEDIUM,ADD,0,person,train,WEB09110.jpg,"(0.65859375, 0.93489583, 0.02968750, 0.13020833)",None,Visible usable person instance (pedestrian/firefighter/civilian); tight accurate bounding box.,ANTIGRAVITY_VISUAL_QA,2026-09-26T03:55:00+07:00
2570,CAND_002570,MEDIUM,ADD,0,person,train,WEB09393.jpg,"(0.13613281, 0.73863636, 0.06132812, 0.40340909)",None,Visible usable person instance (pedestrian/firefighter/civilian); tight accurate bounding box.,ANTIGRAVITY_VISUAL_QA,2026-09-26T03:55:00+07:00
2571,CAND_002571,MEDIUM,ADD,0,person,val,WEB08937.jpg,"(0.09259901, 0.58358333, 0.07242574, 0.08905556)",None,Visible usable person instance (pedestrian/firefighter/civilian); tight accurate bounding box.,ANTIGRAVITY_VISUAL_QA,2026-09-26T03:55:00+07:00
2572,CAND_002572,MEDIUM,ADD,0,person,train,WEB07861.jpg,"(0.89513889, 0.66718750, 0.05277778, 0.08593750)",None,Visible usable person instance (pedestrian/firefighter/civilian); tight accurate bounding box.,ANTIGRAVITY_VISUAL_QA,2026-09-26T03:55:00+07:00
2574,CAND_002574,MEDIUM,REJECT,0,person,test,WEB10479.jpg,"(0.92344340, 0.93026042, 0.15000000, 0.13527083)",None,"Unusable extreme frame edge truncation (15.0%w x 13.5%h, aspect=0.51) showing only marginal body sliver.",ANTIGRAVITY_VISUAL_QA,2026-09-26T03:55:00+07:00
2576,CAND_002576,MEDIUM,ADJUST_BBOX,0,person,test,WEB10353.jpg,"(0.95625638, 0.96582645, 0.04687500, 0.06477686)","(0.95625638, 0.96671901, 0.04687500, 0.06656198)",Visible valid person instance at image boundary; coordinate clamped to frame edge.,ANTIGRAVITY_VISUAL_QA,2026-09-26T03:55:00+07:00
2578,CAND_002578,MEDIUM,ADD,0,person,train,AoF02379.jpg,"(0.42343750, 0.17361111, 0.12578125, 0.33750000)",None,Visible usable person instance (pedestrian/firefighter/civilian); tight accurate bounding box.,ANTIGRAVITY_VISUAL_QA,2026-09-26T03:55:00+07:00
2580,CAND_002580,MEDIUM,ADD,0,person,val,WEB09282.jpg,"(0.39531250, 0.77916667, 0.02578125, 0.13888889)",None,Visible usable person instance (pedestrian/firefighter/civilian); tight accurate bounding box.,ANTIGRAVITY_VISUAL_QA,2026-09-26T03:55:00+07:00
2581,CAND_002581,MEDIUM,ADD,0,person,train,WEB09081.jpg,"(0.48809375, 0.80312500, 0.15818750, 0.26091667)",None,Visible usable person instance (pedestrian/firefighter/civilian); tight accurate bounding box.,ANTIGRAVITY_VISUAL_QA,2026-09-26T03:55:00+07:00
2583,CAND_002583,MEDIUM,ADJUST_BBOX,0,person,train,WEB06396.jpg,"(0.97656250, 0.80312500, 0.04375000, 0.10208333)","(0.97734375, 0.80312500, 0.04531250, 0.10208333)",Visible valid person instance at image boundary; coordinate clamped to frame edge.,ANTIGRAVITY_VISUAL_QA,2026-09-26T03:55:00+07:00
2585,CAND_002585,MEDIUM,ADD,0,person,train,WEB07324.jpg,"(0.61171949, 0.72552260, 0.08280507, 0.26460452)",None,Visible usable person instance (pedestrian/firefighter/civilian); tight accurate bounding box.,ANTIGRAVITY_VISUAL_QA,2026-09-26T03:55:00+07:00
2586,CAND_002586,MEDIUM,ADD,0,person,train,WEB08831.jpg,"(0.26289062, 0.45694444, 0.02812500, 0.14027778)",None,Visible usable person instance (pedestrian/firefighter/civilian); tight accurate bounding box.,ANTIGRAVITY_VISUAL_QA,2026-09-26T03:55:00+07:00
2587,CAND_002587,MEDIUM,ADD,0,person,train,WEB08900.jpg,"(0.41875000, 0.71597222, 0.03125000, 0.16944444)",None,Visible usable person instance (pedestrian/firefighter/civilian); tight accurate bounding box.,ANTIGRAVITY_VISUAL_QA,2026-09-26T03:55:00+07:00
2588,CAND_002588,MEDIUM,ADD,0,person,train,WEB03873.jpg,"(0.33984899, 0.61529762, 0.14298658, 0.38940476)",None,Visible usable person instance (pedestrian/firefighter/civilian); tight accurate bounding box.,ANTIGRAVITY_VISUAL_QA,2026-09-26T03:55:00+07:00
2589,CAND_002589,MEDIUM,ADD,0,person,train,WEB09219.jpg,"(0.58968644, 0.65273450, 0.03164407, 0.04375199)",None,Visible usable person instance (pedestrian/firefighter/civilian); tight accurate bounding box.,ANTIGRAVITY_VISUAL_QA,2026-09-26T03:55:00+07:00
2590,CAND_002590,MEDIUM,ADD,0,person,test,WEB10264.jpg,"(0.57226562, 0.60972222, 0.03671875, 0.16666667)",None,Visible usable person instance (pedestrian/firefighter/civilian); tight accurate bounding box.,ANTIGRAVITY_VISUAL_QA,2026-09-26T03:55:00+07:00
2591,CAND_002591,MEDIUM,ADJUST_BBOX,0,person,test,WEB11010.jpg,"(0.87030951, 0.24312793, 0.10000000, 0.48294852)","(0.87030951, 0.24230109, 0.10000000, 0.48460218)",Visible valid person instance at image boundary; coordinate clamped to frame edge.,ANTIGRAVITY_VISUAL_QA,2026-09-26T03:55:00+07:00
2592,CAND_002592,MEDIUM,ADJUST_BBOX,0,person,test,WEB11553.jpg,"(0.85468750, 0.95208333, 0.04843750, 0.09305556)","(0.85468750, 0.95277778, 0.04843750, 0.09444444)",Visible valid person instance at image boundary; coordinate clamped to frame edge.,ANTIGRAVITY_VISUAL_QA,2026-09-26T03:55:00+07:00
2593,CAND_002593,MEDIUM,ADD,0,person,train,AoF04432.jpg,"(0.27519549, 0.89815068, 0.01757895, 0.08254795)",None,Visible usable person instance (pedestrian/firefighter/civilian); tight accurate bounding box.,ANTIGRAVITY_VISUAL_QA,2026-09-26T03:55:00+07:00
2594,CAND_002594,MEDIUM,ADD,0,person,train,WEB02653.jpg,"(0.52109740, 0.69567881, 0.01562338, 0.05178808)",None,Visible usable person instance (pedestrian/firefighter/civilian); tight accurate bounding box.,ANTIGRAVITY_VISUAL_QA,2026-09-26T03:55:00+07:00
2595,CAND_002595,MEDIUM,ADD,0,person,train,WEB03178.jpg,"(0.38242268, 0.90547428, 0.04530928, 0.18130225)",None,Visible usable person instance (pedestrian/firefighter/civilian); tight accurate bounding box.,ANTIGRAVITY_VISUAL_QA,2026-09-26T03:55:00+07:00
2597,CAND_002597,MEDIUM,ADD,0,person,train,WEB07231.jpg,"(0.33593750, 0.37083333, 0.03046875, 0.15000000)",None,Visible usable person instance (pedestrian/firefighter/civilian); tight accurate bounding box.,ANTIGRAVITY_VISUAL_QA,2026-09-26T03:55:00+07:00
2598,CAND_002598,MEDIUM,ADD,0,person,train,WEB08792.jpg,"(0.55937500, 0.56405556, 0.33281250, 0.66355556)",None,Visible usable person instance (pedestrian/firefighter/civilian); tight accurate bounding box.,ANTIGRAVITY_VISUAL_QA,2026-09-26T03:55:00+07:00
2599,CAND_002599,MEDIUM,ADD,0,person,val,WEB07574.jpg,"(0.35175909, 0.81494346, 0.20820909, 0.35541195)",None,Visible usable person instance (pedestrian/firefighter/civilian); tight accurate bounding box.,ANTIGRAVITY_VISUAL_QA,2026-09-26T03:55:00+07:00
2600,CAND_002600,MEDIUM,ADD,0,person,train,WEB06398.jpg,"(0.49531250, 0.81527778, 0.02500000, 0.15555556)",None,Visible usable person instance (pedestrian/firefighter/civilian); tight accurate bounding box.,ANTIGRAVITY_VISUAL_QA,2026-09-26T03:55:00+07:00
2601,CAND_002601,MEDIUM,ADD,0,person,train,WEB07541.jpg,"(0.23808476, 0.73164251, 0.10898069, 0.26264090)",None,Visible usable person instance (pedestrian/firefighter/civilian); tight accurate bounding box.,ANTIGRAVITY_VISUAL_QA,2026-09-26T03:55:00+07:00
2605,CAND_002605,MEDIUM,ADD,0,person,train,WEB09319.jpg,"(0.34902344, 0.70596591, 0.04257813, 0.25852273)",None,Visible usable person instance (pedestrian/firefighter/civilian); tight accurate bounding box.,ANTIGRAVITY_VISUAL_QA,2026-09-26T03:55:00+07:00
2607,CAND_002607,MEDIUM,ADJUST_BBOX,0,person,test,WEB10353.jpg,"(0.78554847, 0.95874380, 0.05079082, 0.08099174)","(0.78554847, 0.95912397, 0.05079082, 0.08175207)",Visible valid person instance at image boundary; coordinate clamped to frame edge.,ANTIGRAVITY_VISUAL_QA,2026-09-26T03:55:00+07:00
2608,CAND_002608,MEDIUM,ADD,0,person,train,WEB05412.jpg,"(0.37539062, 0.67152778, 0.01953125, 0.10972222)",None,Visible usable person instance (pedestrian/firefighter/civilian); tight accurate bounding box.,ANTIGRAVITY_VISUAL_QA,2026-09-26T03:55:00+07:00
2609,CAND_002609,MEDIUM,ADD,0,person,train,WEB07213.jpg,"(0.29101562, 0.41041667, 0.02734375, 0.09027778)",None,Visible usable person instance (pedestrian/firefighter/civilian); tight accurate bounding box.,ANTIGRAVITY_VISUAL_QA,2026-09-26T03:55:00+07:00
2610,CAND_002610,MEDIUM,ADD,0,person,train,WEB07230.jpg,"(0.46093750, 0.37986111, 0.03125000, 0.19305556)",None,Visible usable person instance (pedestrian/firefighter/civilian); tight accurate bounding box.,ANTIGRAVITY_VISUAL_QA,2026-09-26T03:55:00+07:00
2612,CAND_002612,MEDIUM,ADD,0,person,train,WEB08950.jpg,"(0.30234375, 0.71418539, 0.03359375, 0.07865169)",None,Visible usable person instance (pedestrian/firefighter/civilian); tight accurate bounding box.,ANTIGRAVITY_VISUAL_QA,2026-09-26T03:55:00+07:00
2613,CAND_002613,MEDIUM,ADJUST_BBOX,0,person,test,WEB09529.jpg,"(0.17382812, 0.95555556, 0.06603125, 0.08333333)","(0.17382812, 0.95694444, 0.06603125, 0.08611111)",Visible valid person instance at image boundary; coordinate clamped to frame edge.,ANTIGRAVITY_VISUAL_QA,2026-09-26T03:55:00+07:00
2614,CAND_002614,MEDIUM,ADD,0,person,train,WEB07241.jpg,"(0.19335938, 0.95763889, 0.02460937, 0.08472222)",None,Visible usable person instance (pedestrian/firefighter/civilian); tight accurate bounding box.,ANTIGRAVITY_VISUAL_QA,2026-09-26T03:55:00+07:00
2615,CAND_002615,MEDIUM,ADJUST_BBOX,0,person,train,WEB07476.jpg,"(0.46484579, 0.89653846, 0.04219454, 0.20571096)","(0.46484579, 0.89684149, 0.04219454, 0.20631702)",Visible valid person instance at image boundary; coordinate clamped to frame edge.,ANTIGRAVITY_VISUAL_QA,2026-09-26T03:55:00+07:00
2616,CAND_002616,MEDIUM,ADD,0,person,test,PublicDataset01315.jpg,"(0.66093750, 0.75303059, 0.01562500, 0.05856597)",None,Visible usable person instance (pedestrian/firefighter/civilian); tight accurate bounding box.,ANTIGRAVITY_VISUAL_QA,2026-09-26T03:55:00+07:00
2618,CAND_002618,MEDIUM,ADD,0,person,test,WEB10035.jpg,"(0.49804866, 0.79846210, 0.02266221, 0.07281341)",None,Visible usable person instance (pedestrian/firefighter/civilian); tight accurate bounding box.,ANTIGRAVITY_VISUAL_QA,2026-09-26T03:55:00+07:00
2619,CAND_002619,MEDIUM,ADD,0,person,test,WEB11436.jpg,"(0.50390625, 0.57336957, 0.04687500, 0.20380435)",None,Visible usable person instance (pedestrian/firefighter/civilian); tight accurate bounding box.,ANTIGRAVITY_VISUAL_QA,2026-09-26T03:55:00+07:00
2620,CAND_002620,MEDIUM,ADD,0,person,train,WEB02882.jpg,"(0.89921466, 0.64870995, 0.07968586, 0.33114671)",None,Visible usable person instance (pedestrian/firefighter/civilian); tight accurate bounding box.,ANTIGRAVITY_VISUAL_QA,2026-09-26T03:55:00+07:00
2622,CAND_002622,MEDIUM,ADD,0,person,train,WEB09351.jpg,"(0.63046875, 0.77708333, 0.02656250, 0.11388889)",None,Visible usable person instance (pedestrian/firefighter/civilian); tight accurate bounding box.,ANTIGRAVITY_VISUAL_QA,2026-09-26T03:55:00+07:00
2623,CAND_002623,MEDIUM,ADD,0,person,train,AoF02433.jpg,"(0.42119141, 0.18090278, 0.12167969, 0.35347222)",None,Visible usable person instance (pedestrian/firefighter/civilian); tight accurate bounding box.,ANTIGRAVITY_VISUAL_QA,2026-09-26T03:55:00+07:00
2624,CAND_002624,MEDIUM,ADD,0,person,train,WEB04164.jpg,"(0.92812500, 0.72088068, 0.14375000, 0.52414773)",None,Visible usable person instance (pedestrian/firefighter/civilian); tight accurate bounding box.,ANTIGRAVITY_VISUAL_QA,2026-09-26T03:55:00+07:00
2625,CAND_002625,MEDIUM,ADD,0,person,train,WEB07283.jpg,"(0.73263704, 0.59375000, 0.26805926, 0.23593333)",None,Visible usable person instance (pedestrian/firefighter/civilian); tight accurate bounding box.,ANTIGRAVITY_VISUAL_QA,2026-09-26T03:55:00+07:00
2628,CAND_002628,MEDIUM,ADD,0,person,train,WEB09375.jpg,"(0.61015625, 0.49444444, 0.02031250, 0.10833333)",None,Visible usable person instance (pedestrian/firefighter/civilian); tight accurate bounding box.,ANTIGRAVITY_VISUAL_QA,2026-09-26T03:55:00+07:00
2629,CAND_002629,MEDIUM,ADD,0,person,val,WEB07394.jpg,"(0.98593610, 0.57070220, 0.02812780, 0.11673435)",None,Visible usable person instance (pedestrian/firefighter/civilian); tight accurate bounding box.,ANTIGRAVITY_VISUAL_QA,2026-09-26T03:55:00+07:00
2630,CAND_002630,MEDIUM,ADJUST_BBOX,0,person,test,WEB10081.jpg,"(0.25800645, 0.94082822, 0.03437385, 0.11711656)","(0.25800645, 0.94113497, 0.03437385, 0.11773006)",Visible valid person instance at image boundary; coordinate clamped to frame edge.,ANTIGRAVITY_VISUAL_QA,2026-09-26T03:55:00+07:00
2631,CAND_002631,MEDIUM,ADD,0,person,train,WEB03948.jpg,"(0.23320313, 0.51388889, 0.04140625, 0.21111111)",None,Visible usable person instance (pedestrian/firefighter/civilian); tight accurate bounding box.,ANTIGRAVITY_VISUAL_QA,2026-09-26T03:55:00+07:00
2634,CAND_002634,MEDIUM,ADJUST_BBOX,0,person,train,WEB08902.jpg,"(0.62382812, 0.83055556, 0.06718750, 0.33055556)","(0.62382812, 0.83263889, 0.06718750, 0.33472222)",Visible valid person instance at image boundary; coordinate clamped to frame edge.,ANTIGRAVITY_VISUAL_QA,2026-09-26T03:55:00+07:00
2635,CAND_002635,MEDIUM,ADD,0,person,train,WEB09219.jpg,"(0.50722881, 0.67265501, 0.03249153, 0.08594595)",None,Visible usable person instance (pedestrian/firefighter/civilian); tight accurate bounding box.,ANTIGRAVITY_VISUAL_QA,2026-09-26T03:55:00+07:00
2636,CAND_002636,MEDIUM,ADD,0,person,test,WEB11642.jpg,"(0.19278125, 0.43333333, 0.02343750, 0.13333333)",None,Visible usable person instance (pedestrian/firefighter/civilian); tight accurate bounding box.,ANTIGRAVITY_VISUAL_QA,2026-09-26T03:55:00+07:00
2637,CAND_002637,MEDIUM,ADD,0,person,train,WEB02794.jpg,"(0.33320350, 0.80067035, 0.01445151, 0.06354890)",None,Visible usable person instance (pedestrian/firefighter/civilian); tight accurate bounding box.,ANTIGRAVITY_VISUAL_QA,2026-09-26T03:55:00+07:00
2638,CAND_002638,MEDIUM,ADD,0,person,train,WEB03178.jpg,"(0.72344072, 0.84017685, 0.11719072, 0.30800643)",None,Visible usable person instance (pedestrian/firefighter/civilian); tight accurate bounding box.,ANTIGRAVITY_VISUAL_QA,2026-09-26T03:55:00+07:00
2639,CAND_002639,MEDIUM,ADD,0,person,train,WEB08711.jpg,"(0.67890723, 0.82398611, 0.02655660, 0.13386111)",None,Visible usable person instance (pedestrian/firefighter/civilian); tight accurate bounding box.,ANTIGRAVITY_VISUAL_QA,2026-09-26T03:55:00+07:00
2641,CAND_002641,MEDIUM,REJECT,0,person,train,WEB09356.jpg,"(0.78515625, 0.97291667, 0.07031250, 0.05416667)",None,"Unusable extreme frame edge truncation (7.0%w x 5.4%h, aspect=0.43) showing only marginal body sliver.",ANTIGRAVITY_VISUAL_QA,2026-09-26T03:55:00+07:00
2642,CAND_002642,MEDIUM,ADD,0,person,val,WEB02461.jpg,"(0.81484375, 0.53437500, 0.01562500, 0.05416667)",None,Visible usable person instance (pedestrian/firefighter/civilian); tight accurate bounding box.,ANTIGRAVITY_VISUAL_QA,2026-09-26T03:55:00+07:00
2643,CAND_002643,MEDIUM,ADD,0,person,val,WEB07664.jpg,"(0.63437755, 0.73580616, 0.02812245, 0.08737319)",None,Visible usable person instance (pedestrian/firefighter/civilian); tight accurate bounding box.,ANTIGRAVITY_VISUAL_QA,2026-09-26T03:55:00+07:00
2644,CAND_002644,MEDIUM,ADD,0,person,test,WEB11113.jpg,"(0.31367187, 0.63333333, 0.04490625, 0.08750000)",None,Visible usable person instance (pedestrian/firefighter/civilian); tight accurate bounding box.,ANTIGRAVITY_VISUAL_QA,2026-09-26T03:55:00+07:00
2645,CAND_002645,MEDIUM,ADD,0,person,test,WEB11242.jpg,"(0.33046875, 0.39444444, 0.05781250, 0.23611111)",None,Visible usable person instance (pedestrian/firefighter/civilian); tight accurate bounding box.,ANTIGRAVITY_VISUAL_QA,2026-09-26T03:55:00+07:00
2646,CAND_002646,MEDIUM,ADD,0,person,train,WEB01494.jpg,"(0.33437500, 0.68194444, 0.07187500, 0.24166667)",None,Visible usable person instance (pedestrian/firefighter/civilian); tight accurate bounding box.,ANTIGRAVITY_VISUAL_QA,2026-09-26T03:55:00+07:00
2647,CAND_002647,MEDIUM,ADD,0,person,train,WEB03482.jpg,"(0.93828095, 0.82150218, 0.03593333, 0.21905660)",None,Visible usable person instance (pedestrian/firefighter/civilian); tight accurate bounding box.,ANTIGRAVITY_VISUAL_QA,2026-09-26T03:55:00+07:00
2648,CAND_002648,MEDIUM,REJECT,0,person,train,WEB05411.jpg,"(0.69531250, 0.67291667, 0.01171875, 0.06388889)",None,Tiny ambiguous silhouette (7x23 px); insufficient pixel resolution to verify human instance.,ANTIGRAVITY_VISUAL_QA,2026-09-26T03:55:00+07:00
2649,CAND_002649,MEDIUM,ADD,0,person,train,WEB07196.jpg,"(0.94687500, 0.50763889, 0.04687500, 0.16388889)",None,Visible usable person instance (pedestrian/firefighter/civilian); tight accurate bounding box.,ANTIGRAVITY_VISUAL_QA,2026-09-26T03:55:00+07:00
2650,CAND_002650,MEDIUM,ADD,0,person,train,WEB07245.jpg,"(0.15371589, 0.53195513, 0.05272873, 0.15756410)",None,Visible usable person instance (pedestrian/firefighter/civilian); tight accurate bounding box.,ANTIGRAVITY_VISUAL_QA,2026-09-26T03:55:00+07:00
2651,CAND_002651,MEDIUM,ADJUST_BBOX,0,person,train,WEB07947.jpg,"(0.25976562, 0.89583333, 0.07187500, 0.20555556)","(0.25976562, 0.89652778, 0.07187500, 0.20694444)",Visible valid person instance at image boundary; coordinate clamped to frame edge.,ANTIGRAVITY_VISUAL_QA,2026-09-26T03:55:00+07:00
2652,CAND_002652,MEDIUM,ADD,0,person,train,WEB08525.jpg,"(0.96015625, 0.26597222, 0.04218750, 0.17361111)",None,Visible usable person instance (pedestrian/firefighter/civilian); tight accurate bounding box.,ANTIGRAVITY_VISUAL_QA,2026-09-26T03:55:00+07:00
2653,CAND_002653,MEDIUM,ADD,0,person,test,WEB11113.jpg,"(0.47890625, 0.65156250, 0.03437500, 0.10208333)",None,Visible usable person instance (pedestrian/firefighter/civilian); tight accurate bounding box.,ANTIGRAVITY_VISUAL_QA,2026-09-26T03:55:00+07:00
2654,CAND_002654,MEDIUM,ADD,0,person,train,WEB02916.jpg,"(0.11054665, 0.75573082, 0.01836004, 0.05039074)",None,Visible usable person instance (pedestrian/firefighter/civilian); tight accurate bounding box.,ANTIGRAVITY_VISUAL_QA,2026-09-26T03:55:00+07:00
2657,CAND_002657,MEDIUM,ADD,0,person,train,WEB08438.jpg,"(0.10917969, 0.48055556, 0.03651563, 0.13472222)",None,Visible usable person instance (pedestrian/firefighter/civilian); tight accurate bounding box.,ANTIGRAVITY_VISUAL_QA,2026-09-26T03:55:00+07:00
2658,CAND_002658,MEDIUM,ADD,0,person,train,WEB09018.jpg,"(0.53515625, 0.70277778, 0.02968750, 0.12777778)",None,Visible usable person instance (pedestrian/firefighter/civilian); tight accurate bounding box.,ANTIGRAVITY_VISUAL_QA,2026-09-26T03:55:00+07:00
2660,CAND_002660,MEDIUM,ADD,0,person,val,WEB06782.jpg,"(0.29675000, 0.54922170, 0.06625000, 0.09219340)",None,Visible usable person instance (pedestrian/firefighter/civilian); tight accurate bounding box.,ANTIGRAVITY_VISUAL_QA,2026-09-26T03:55:00+07:00
2661,CAND_002661,MEDIUM,ADD,0,person,val,WEB07773.jpg,"(0.64609375, 0.47659817, 0.02031250, 0.07136986)",None,Visible usable person instance (pedestrian/firefighter/civilian); tight accurate bounding box.,ANTIGRAVITY_VISUAL_QA,2026-09-26T03:55:00+07:00
2662,CAND_002662,MEDIUM,ADD,0,person,test,WEB10366.jpg,"(0.48671836, 0.94408867, 0.02343672, 0.11182266)",None,Visible usable person instance (pedestrian/firefighter/civilian); tight accurate bounding box.,ANTIGRAVITY_VISUAL_QA,2026-09-26T03:55:00+07:00
2663,CAND_002663,MEDIUM,ADD,0,person,test,WEB11229.jpg,"(0.46875000, 0.66805556, 0.02421875, 0.12638889)",None,Visible usable person instance (pedestrian/firefighter/civilian); tight accurate bounding box.,ANTIGRAVITY_VISUAL_QA,2026-09-26T03:55:00+07:00
2664,CAND_002664,MEDIUM,ADJUST_BBOX,0,person,test,WEB11538.jpg,"(0.17001580, 0.90196023, 0.07519747, 0.19107955)","(0.17001580, 0.90321023, 0.07519747, 0.19357955)",Visible valid person instance at image boundary; coordinate clamped to frame edge.,ANTIGRAVITY_VISUAL_QA,2026-09-26T03:55:00+07:00
2665,CAND_002665,MEDIUM,ADD,0,person,train,WEB03072.jpg,"(0.54921875, 0.29618056, 0.06562500, 0.26875000)",None,Visible usable person instance (pedestrian/firefighter/civilian); tight accurate bounding box.,ANTIGRAVITY_VISUAL_QA,2026-09-26T03:55:00+07:00
2666,CAND_002666,MEDIUM,ADD,0,person,train,WEB04806.jpg,"(0.89062500, 0.49866740, 0.02498984, 0.11345815)",None,Visible usable person instance (pedestrian/firefighter/civilian); tight accurate bounding box.,ANTIGRAVITY_VISUAL_QA,2026-09-26T03:55:00+07:00
2667,CAND_002667,MEDIUM,ADD,0,person,train,WEB05410.jpg,"(0.42109375, 0.75833333, 0.02656250, 0.14444444)",None,Visible usable person instance (pedestrian/firefighter/civilian); tight accurate bounding box.,ANTIGRAVITY_VISUAL_QA,2026-09-26T03:55:00+07:00
2668,CAND_002668,MEDIUM,ADD,0,person,train,WEB07134.jpg,"(0.85703125, 0.28402778, 0.01250000, 0.05000000)",None,Visible usable person instance (pedestrian/firefighter/civilian); tight accurate bounding box.,ANTIGRAVITY_VISUAL_QA,2026-09-26T03:55:00+07:00
2669,CAND_002669,MEDIUM,ADD,0,person,train,WEB07534.jpg,"(0.66289163, 0.86518382, 0.05859442, 0.22913235)",None,Visible usable person instance (pedestrian/firefighter/civilian); tight accurate bounding box.,ANTIGRAVITY_VISUAL_QA,2026-09-26T03:55:00+07:00
2671,CAND_002671,MEDIUM,ADJUST_BBOX,0,person,train,WEB09893.jpg,"(0.66406250, 0.86666667, 0.07031250, 0.26111111)","(0.66406250, 0.86805556, 0.07031250, 0.26388889)",Visible valid person instance at image boundary; coordinate clamped to frame edge.,ANTIGRAVITY_VISUAL_QA,2026-09-26T03:55:00+07:00
2672,CAND_002672,MEDIUM,ADD,0,person,test,WEB10992.jpg,"(0.88750000, 0.66718750, 0.04062500, 0.10729167)",None,Visible usable person instance (pedestrian/firefighter/civilian); tight accurate bounding box.,ANTIGRAVITY_VISUAL_QA,2026-09-26T03:55:00+07:00
2673,CAND_002673,MEDIUM,ADD,0,person,train,AoF02462.jpg,"(0.42812500, 0.20138889, 0.11015625, 0.39444444)",None,Visible usable person instance (pedestrian/firefighter/civilian); tight accurate bounding box.,ANTIGRAVITY_VISUAL_QA,2026-09-26T03:55:00+07:00
2674,CAND_002674,MEDIUM,ADD,0,person,train,WEB05411.jpg,"(0.41406250, 0.66180556, 0.02187500, 0.08611111)",None,Visible usable person instance (pedestrian/firefighter/civilian); tight accurate bounding box.,ANTIGRAVITY_VISUAL_QA,2026-09-26T03:55:00+07:00
2675,CAND_002675,MEDIUM,ADD,0,person,train,WEB07203.jpg,"(0.89453125, 0.40972222, 0.01875000, 0.07222222)",None,Visible usable person instance (pedestrian/firefighter/civilian); tight accurate bounding box.,ANTIGRAVITY_VISUAL_QA,2026-09-26T03:55:00+07:00
2677,CAND_002677,MEDIUM,ADD,0,person,train,WEB07678.jpg,"(0.70038850, 0.82820183, 0.02265388, 0.09233028)",None,Visible usable person instance (pedestrian/firefighter/civilian); tight accurate bounding box.,ANTIGRAVITY_VISUAL_QA,2026-09-26T03:55:00+07:00
2679,CAND_002679,MEDIUM,ADD,0,person,test,WEB11525.jpg,"(0.17832031, 0.67447917, 0.06835938, 0.26666667)",None,Visible usable person instance (pedestrian/firefighter/civilian); tight accurate bounding box.,ANTIGRAVITY_VISUAL_QA,2026-09-26T03:55:00+07:00
2680,CAND_002680,MEDIUM,ADD,0,person,train,AoF02432.jpg,"(0.42070313, 0.18402778, 0.12031250, 0.35902778)",None,Visible usable person instance (pedestrian/firefighter/civilian); tight accurate bounding box.,ANTIGRAVITY_VISUAL_QA,2026-09-26T03:55:00+07:00
2682,CAND_002682,MEDIUM,ADD,0,person,train,PublicDataset00906.jpg,"(0.74765867, 0.79529474, 0.10000000, 0.24254737)",None,Visible usable person instance (pedestrian/firefighter/civilian); tight accurate bounding box.,ANTIGRAVITY_VISUAL_QA,2026-09-26T03:55:00+07:00
2683,CAND_002683,MEDIUM,ADD,0,person,train,WEB03356.jpg,"(0.16083981, 0.79207977, 0.01913592, 0.07450142)",None,Visible usable person instance (pedestrian/firefighter/civilian); tight accurate bounding box.,ANTIGRAVITY_VISUAL_QA,2026-09-26T03:55:00+07:00
2684,CAND_002684,MEDIUM,REJECT,0,person,train,PublicDataset00867.jpg,"(0.00886667, 0.82745935, 0.01753333, 0.16292683)",None,"Unusable extreme frame edge truncation (1.8%w x 16.3%h, aspect=7.62) showing only marginal body sliver.",ANTIGRAVITY_VISUAL_QA,2026-09-26T03:55:00+07:00
2685,CAND_002685,MEDIUM,ADJUST_BBOX,0,person,train,WEB02755.jpg,"(0.70156162, 0.97447977, 0.03281279, 0.05040462)","(0.70156162, 0.97463873, 0.03281279, 0.05072254)",Visible valid person instance at image boundary; coordinate clamped to frame edge.,ANTIGRAVITY_VISUAL_QA,2026-09-26T03:55:00+07:00
2686,CAND_002686,MEDIUM,ADD,0,person,train,WEB03923.jpg,"(0.45390625, 0.50972222, 0.05468750, 0.25000000)",None,Visible usable person instance (pedestrian/firefighter/civilian); tight accurate bounding box.,ANTIGRAVITY_VISUAL_QA,2026-09-26T03:55:00+07:00
2687,CAND_002687,MEDIUM,ADD,0,person,train,WEB03928.jpg,"(0.61562500, 0.35625000, 0.04218750, 0.23611111)",None,Visible usable person instance (pedestrian/firefighter/civilian); tight accurate bounding box.,ANTIGRAVITY_VISUAL_QA,2026-09-26T03:55:00+07:00
2688,CAND_002688,MEDIUM,ADD,0,person,train,WEB07205.jpg,"(0.61484375, 0.43888889, 0.06406250, 0.22083333)",None,Visible usable person instance (pedestrian/firefighter/civilian); tight accurate bounding box.,ANTIGRAVITY_VISUAL_QA,2026-09-26T03:55:00+07:00
2690,CAND_002690,MEDIUM,ADD,0,person,train,WEB08984.jpg,"(0.48437500, 0.75694444, 0.02734375, 0.10833333)",None,Visible usable person instance (pedestrian/firefighter/civilian); tight accurate bounding box.,ANTIGRAVITY_VISUAL_QA,2026-09-26T03:55:00+07:00
2691,CAND_002691,MEDIUM,ADD,0,person,train,WEB09030.jpg,"(0.70742187, 0.66944444, 0.04843750, 0.15833333)",None,Visible usable person instance (pedestrian/firefighter/civilian); tight accurate bounding box.,ANTIGRAVITY_VISUAL_QA,2026-09-26T03:55:00+07:00
2692,CAND_002692,MEDIUM,ADD,0,person,test,WEB11385.jpg,"(0.21601250, 0.47125858, 0.02187500, 0.10727689)",None,Visible usable person instance (pedestrian/firefighter/civilian); tight accurate bounding box.,ANTIGRAVITY_VISUAL_QA,2026-09-26T03:55:00+07:00
2693,CAND_002693,MEDIUM,ADD,0,person,test,WEB11651.jpg,"(0.61406250, 0.61944444, 0.02343750, 0.11944444)",None,Visible usable person instance (pedestrian/firefighter/civilian); tight accurate bounding box.,ANTIGRAVITY_VISUAL_QA,2026-09-26T03:55:00+07:00
2694,CAND_002694,MEDIUM,ADD,0,person,train,WEB08450.jpg,"(0.64296875, 0.65138889, 0.11718750, 0.50000000)",None,Visible usable person instance (pedestrian/firefighter/civilian); tight accurate bounding box.,ANTIGRAVITY_VISUAL_QA,2026-09-26T03:55:00+07:00
2695,CAND_002695,MEDIUM,ADD,0,person,train,WEB09286.jpg,"(0.43086111, 0.87597222, 0.02735185, 0.14650000)",None,Visible usable person instance (pedestrian/firefighter/civilian); tight accurate bounding box.,ANTIGRAVITY_VISUAL_QA,2026-09-26T03:55:00+07:00
2696,CAND_002696,MEDIUM,ADD,0,person,val,WEB09259.jpg,"(0.21328185, 0.92874275, 0.04571429, 0.11976789)",None,Visible usable person instance (pedestrian/firefighter/civilian); tight accurate bounding box.,ANTIGRAVITY_VISUAL_QA,2026-09-26T03:55:00+07:00
2697,CAND_002697,MEDIUM,ADD,0,person,val,WEB09283.jpg,"(0.11475000, 0.75833333, 0.10643750, 0.46527778)",None,Visible usable person instance (pedestrian/firefighter/civilian); tight accurate bounding box.,ANTIGRAVITY_VISUAL_QA,2026-09-26T03:55:00+07:00
2698,CAND_002698,MEDIUM,ADD,0,person,test,WEB10223.jpg,"(0.91562802, 0.75849854, 0.01875362, 0.07072886)",None,Visible usable person instance (pedestrian/firefighter/civilian); tight accurate bounding box.,ANTIGRAVITY_VISUAL_QA,2026-09-26T03:55:00+07:00
2699,CAND_002699,MEDIUM,ADD,0,person,test,WEB10353.jpg,"(0.92421556, 0.95165289, 0.03437500, 0.08909091)",None,Visible usable person instance (pedestrian/firefighter/civilian); tight accurate bounding box.,ANTIGRAVITY_VISUAL_QA,2026-09-26T03:55:00+07:00
2701,CAND_002701,MEDIUM,ADD,0,person,train,WEB07470.jpg,"(0.44765718, 0.80662844, 0.03749703, 0.21752294)",None,Visible usable person instance (pedestrian/firefighter/civilian); tight accurate bounding box.,ANTIGRAVITY_VISUAL_QA,2026-09-26T03:55:00+07:00
2702,CAND_002702,MEDIUM,ADJUST_BBOX,0,person,train,WEB07716.jpg,"(0.09828679, 0.95637405, 0.03622986, 0.08606870)","(0.09828679, 0.95666985, 0.03622986, 0.08666031)",Visible valid person instance at image boundary; coordinate clamped to frame edge.,ANTIGRAVITY_VISUAL_QA,2026-09-26T03:55:00+07:00
2703,CAND_002703,MEDIUM,ADJUST_BBOX,0,person,val,WEB06223.jpg,"(0.26914246, 0.96399446, 0.03983402, 0.07086716)","(0.26914246, 0.96428044, 0.03983402, 0.07143911)",Visible valid person instance at image boundary; coordinate clamped to frame edge.,ANTIGRAVITY_VISUAL_QA,2026-09-26T03:55:00+07:00
2704,CAND_002704,MEDIUM,ADJUST_BBOX,0,person,test,WEB10565.jpg,"(0.08813713, 0.77661228, 0.17490298, 0.42424184)","(0.08779431, 0.77661228, 0.17558862, 0.42424184)",Visible valid person instance at image boundary; coordinate clamped to frame edge.,ANTIGRAVITY_VISUAL_QA,2026-09-26T03:55:00+07:00
2705,CAND_002705,MEDIUM,ADD,0,person,train,WEB05411.jpg,"(0.33164063, 0.66111111, 0.02031250, 0.08055556)",None,Visible usable person instance (pedestrian/firefighter/civilian); tight accurate bounding box.,ANTIGRAVITY_VISUAL_QA,2026-09-26T03:55:00+07:00
2706,CAND_002706,MEDIUM,REJECT,0,person,train,WEB08154.jpg,"(0.00547128, 0.68293349, 0.01094256, 0.08819477)",None,"Unusable extreme frame edge truncation (1.1%w x 8.8%h, aspect=5.00) showing only marginal body sliver.",ANTIGRAVITY_VISUAL_QA,2026-09-26T03:55:00+07:00
2708,CAND_002708,MEDIUM,ADD,0,person,train,WEB04491.jpg,"(0.60703333, 0.71805185, 0.08906667, 0.53610370)",None,Visible usable person instance (pedestrian/firefighter/civilian); tight accurate bounding box.,ANTIGRAVITY_VISUAL_QA,2026-09-26T03:55:00+07:00
2709,CAND_002709,MEDIUM,ADD,0,person,train,WEB05410.jpg,"(0.92109375, 0.72916667, 0.02343750, 0.11388889)",None,Visible usable person instance (pedestrian/firefighter/civilian); tight accurate bounding box.,ANTIGRAVITY_VISUAL_QA,2026-09-26T03:55:00+07:00
2710,CAND_002710,MEDIUM,ADJUST_BBOX,0,person,test,WEB09598.jpg,"(0.19628125, 0.60555556, 0.39062500, 0.76250000)","(0.19579688, 0.60555556, 0.39159375, 0.76250000)",Visible valid person instance at image boundary; coordinate clamped to frame edge.,ANTIGRAVITY_VISUAL_QA,2026-09-26T03:55:00+07:00
2711,CAND_002711,MEDIUM,ADD,0,person,test,WEB11670.jpg,"(0.57304687, 0.71750000, 0.04609375, 0.15750000)",None,Visible usable person instance (pedestrian/firefighter/civilian); tight accurate bounding box.,ANTIGRAVITY_VISUAL_QA,2026-09-26T03:55:00+07:00
2712,CAND_002712,MEDIUM,ADD,0,person,train,WEB05495.jpg,"(0.85497500, 0.70117109, 0.12595000, 0.18281793)",None,Visible usable person instance (pedestrian/firefighter/civilian); tight accurate bounding box.,ANTIGRAVITY_VISUAL_QA,2026-09-26T03:55:00+07:00
2713,CAND_002713,MEDIUM,ADD,0,person,train,WEB07751.jpg,"(0.33515625, 0.45258621, 0.02108750, 0.11206897)",None,Visible usable person instance (pedestrian/firefighter/civilian); tight accurate bounding box.,ANTIGRAVITY_VISUAL_QA,2026-09-26T03:55:00+07:00
2714,CAND_002714,MEDIUM,ADD,0,person,train,WEB08422.jpg,"(0.81484375, 0.50833333, 0.03750000, 0.20833333)",None,Visible usable person instance (pedestrian/firefighter/civilian); tight accurate bounding box.,ANTIGRAVITY_VISUAL_QA,2026-09-26T03:55:00+07:00
2715,CAND_002715,MEDIUM,ADD,0,person,train,WEB08524.jpg,"(0.96328125, 0.37708333, 0.05000000, 0.17638889)",None,Visible usable person instance (pedestrian/firefighter/civilian); tight accurate bounding box.,ANTIGRAVITY_VISUAL_QA,2026-09-26T03:55:00+07:00
2716,CAND_002716,MEDIUM,ADD,0,person,train,WEB08896.jpg,"(0.61328125, 0.62083333, 0.01875000, 0.06666667)",None,Visible usable person instance (pedestrian/firefighter/civilian); tight accurate bounding box.,ANTIGRAVITY_VISUAL_QA,2026-09-26T03:55:00+07:00
2717,CAND_002717,MEDIUM,ADD,0,person,train,WEB09226.jpg,"(0.73672000, 0.65572667, 0.03672000, 0.09270667)",None,Visible usable person instance (pedestrian/firefighter/civilian); tight accurate bounding box.,ANTIGRAVITY_VISUAL_QA,2026-09-26T03:55:00+07:00
2718,CAND_002718,MEDIUM,ADD,0,person,train,PublicDataset00866.jpg,"(0.17539894, 0.31849291, 0.02968085, 0.09528369)",None,Visible usable person instance (pedestrian/firefighter/civilian); tight accurate bounding box.,ANTIGRAVITY_VISUAL_QA,2026-09-26T03:55:00+07:00
2719,CAND_002719,MEDIUM,ADD,0,person,train,WEB03457.jpg,"(0.71249780, 0.46616429, 0.01562115, 0.03292857)",None,Visible usable person instance (pedestrian/firefighter/civilian); tight accurate bounding box.,ANTIGRAVITY_VISUAL_QA,2026-09-26T03:55:00+07:00
2724,CAND_002724,MEDIUM,ADD,0,person,test,PublicDataset01315.jpg,"(0.72070153, 0.74893881, 0.01405612, 0.06089866)",None,Visible usable person instance (pedestrian/firefighter/civilian); tight accurate bounding box.,ANTIGRAVITY_VISUAL_QA,2026-09-26T03:55:00+07:00
2725,CAND_002725,MEDIUM,ADD,0,person,test,WEB11751.jpg,"(0.58125000, 0.54166667, 0.02031250, 0.11388889)",None,Visible usable person instance (pedestrian/firefighter/civilian); tight accurate bounding box.,ANTIGRAVITY_VISUAL_QA,2026-09-26T03:55:00+07:00
2726,CAND_002726,MEDIUM,ADD,0,person,train,WEB03850.jpg,"(0.46093750, 0.76944444, 0.03125000, 0.17777778)",None,Visible usable person instance (pedestrian/firefighter/civilian); tight accurate bounding box.,ANTIGRAVITY_VISUAL_QA,2026-09-26T03:55:00+07:00
2727,CAND_002727,MEDIUM,ADD,0,person,val,WEB04489.jpg,"(0.62138790, 0.53164000, 0.14177936, 0.11328000)",None,Visible usable person instance (pedestrian/firefighter/civilian); tight accurate bounding box.,ANTIGRAVITY_VISUAL_QA,2026-09-26T03:55:00+07:00
2729,CAND_002729,MEDIUM,ADD,0,person,val,WEB07997.jpg,"(0.59296875, 0.54791667, 0.03437500, 0.13750000)",None,Visible usable person instance (pedestrian/firefighter/civilian); tight accurate bounding box.,ANTIGRAVITY_VISUAL_QA,2026-09-26T03:55:00+07:00
2730,CAND_002730,MEDIUM,ADD,0,person,test,WEB10117.jpg,"(0.24433594, 0.61666667, 0.03007813, 0.10520833)",None,Visible usable person instance (pedestrian/firefighter/civilian); tight accurate bounding box.,ANTIGRAVITY_VISUAL_QA,2026-09-26T03:55:00+07:00
2732,CAND_002732,MEDIUM,ADD,0,person,train,WEB01864.jpg,"(0.02885156, 0.60972222, 0.02607812, 0.09722222)",None,Visible usable person instance (pedestrian/firefighter/civilian); tight accurate bounding box.,ANTIGRAVITY_VISUAL_QA,2026-09-26T03:55:00+07:00
2733,CAND_002733,MEDIUM,ADD,0,person,train,WEB03826.jpg,"(0.10410156, 0.84166667, 0.03750000, 0.25833333)",None,Visible usable person instance (pedestrian/firefighter/civilian); tight accurate bounding box.,ANTIGRAVITY_VISUAL_QA,2026-09-26T03:55:00+07:00
2734,CAND_002734,MEDIUM,ADD,0,person,train,WEB06144.jpg,"(0.89531095, 0.68957711, 0.02656716, 0.05520730)",None,Visible usable person instance (pedestrian/firefighter/civilian); tight accurate bounding box.,ANTIGRAVITY_VISUAL_QA,2026-09-26T03:55:00+07:00
2735,CAND_002735,MEDIUM,ADD,0,person,train,WEB06652.jpg,"(0.42149000, 0.79818333, 0.02578000, 0.15363333)",None,Visible usable person instance (pedestrian/firefighter/civilian); tight accurate bounding box.,ANTIGRAVITY_VISUAL_QA,2026-09-26T03:55:00+07:00
2737,CAND_002737,MEDIUM,ADD,0,person,train,WEB07193.jpg,"(0.11325781, 0.40833333, 0.03676563, 0.23333333)",None,Visible usable person instance (pedestrian/firefighter/civilian); tight accurate bounding box.,ANTIGRAVITY_VISUAL_QA,2026-09-26T03:55:00+07:00
2739,CAND_002739,MEDIUM,ADD,0,person,train,WEB07232.jpg,"(0.39042969, 0.25833333, 0.04335937, 0.20555556)",None,Visible usable person instance (pedestrian/firefighter/civilian); tight accurate bounding box.,ANTIGRAVITY_VISUAL_QA,2026-09-26T03:55:00+07:00
2740,CAND_002740,MEDIUM,ADD,0,person,train,WEB08985.jpg,"(0.85859000, 0.73301205, 0.01250000, 0.05882530)",None,Visible usable person instance (pedestrian/firefighter/civilian); tight accurate bounding box.,ANTIGRAVITY_VISUAL_QA,2026-09-26T03:55:00+07:00
2741,CAND_002741,MEDIUM,ADD,0,person,val,WEB03943.jpg,"(0.51171875, 0.35416667, 0.03437500, 0.18750000)",None,Visible usable person instance (pedestrian/firefighter/civilian); tight accurate bounding box.,ANTIGRAVITY_VISUAL_QA,2026-09-26T03:55:00+07:00
2742,CAND_002742,MEDIUM,ADJUST_BBOX,0,person,train,WEB07722.jpg,"(0.14062727, 0.78370759, 0.08047273, 0.43177706)","(0.14062727, 0.78390953, 0.08047273, 0.43218094)",Visible valid person instance at image boundary; coordinate clamped to frame edge.,ANTIGRAVITY_VISUAL_QA,2026-09-26T03:55:00+07:00
2743,CAND_002743,MEDIUM,ADD,0,person,train,WEB09325.jpg,"(0.68125000, 0.57500000, 0.02187500, 0.10277778)",None,Visible usable person instance (pedestrian/firefighter/civilian); tight accurate bounding box.,ANTIGRAVITY_VISUAL_QA,2026-09-26T03:55:00+07:00
2744,CAND_002744,MEDIUM,ADD,0,person,test,WEB09742.jpg,"(0.69687500, 0.60833333, 0.02031250, 0.11666667)",None,Visible usable person instance (pedestrian/firefighter/civilian); tight accurate bounding box.,ANTIGRAVITY_VISUAL_QA,2026-09-26T03:55:00+07:00
2745,CAND_002745,MEDIUM,ADD,0,person,train,AoF02431.jpg,"(0.42041016, 0.18420139, 0.11855469, 0.35937500)",None,Visible usable person instance (pedestrian/firefighter/civilian); tight accurate bounding box.,ANTIGRAVITY_VISUAL_QA,2026-09-26T03:55:00+07:00
2746,CAND_002746,MEDIUM,ADD,0,person,train,WEB01157.jpg,"(0.07051562, 0.70347222, 0.04371875, 0.15555556)",None,Visible usable person instance (pedestrian/firefighter/civilian); tight accurate bounding box.,ANTIGRAVITY_VISUAL_QA,2026-09-26T03:55:00+07:00
2747,CAND_002747,MEDIUM,ADD,0,person,train,WEB07592.jpg,"(0.42500000, 0.72610644, 0.03281646, 0.13277311)",None,Visible usable person instance (pedestrian/firefighter/civilian); tight accurate bounding box.,ANTIGRAVITY_VISUAL_QA,2026-09-26T03:55:00+07:00
2749,CAND_002749,MEDIUM,ADD,0,person,test,WEB11643.jpg,"(0.15478906, 0.50902778, 0.04745313, 0.15555556)",None,Visible usable person instance (pedestrian/firefighter/civilian); tight accurate bounding box.,ANTIGRAVITY_VISUAL_QA,2026-09-26T03:55:00+07:00
2750,CAND_002750,MEDIUM,ADD,0,person,train,PublicDataset00867.jpg,"(0.79024167, 0.78697154, 0.02578333, 0.09337398)",None,Visible usable person instance (pedestrian/firefighter/civilian); tight accurate bounding box.,ANTIGRAVITY_VISUAL_QA,2026-09-26T03:55:00+07:00
2751,CAND_002751,MEDIUM,ADJUST_BBOX,0,person,train,PublicDataset00900.jpg,"(0.35312500, 0.84236111, 0.06562500, 0.30694444)","(0.35312500, 0.84444444, 0.06562500, 0.31111111)",Visible valid person instance at image boundary; coordinate clamped to frame edge.,ANTIGRAVITY_VISUAL_QA,2026-09-26T03:55:00+07:00
2752,CAND_002752,MEDIUM,ADD,0,person,train,WEB01486.jpg,"(0.51250000, 0.89305556, 0.09687500, 0.21388889)",None,Visible usable person instance (pedestrian/firefighter/civilian); tight accurate bounding box.,ANTIGRAVITY_VISUAL_QA,2026-09-26T03:55:00+07:00
2753,CAND_002753,MEDIUM,ADD,0,person,train,WEB07206.jpg,"(0.35195312, 0.39097222, 0.02148438, 0.09583333)",None,Visible usable person instance (pedestrian/firefighter/civilian); tight accurate bounding box.,ANTIGRAVITY_VISUAL_QA,2026-09-26T03:55:00+07:00
2754,CAND_002754,MEDIUM,REJECT,0,person,train,WEB08751.jpg,"(0.50735294, 0.55625000, 0.03313725, 0.05311111)",None,Tiny ambiguous silhouette (6x19 px); insufficient pixel resolution to verify human instance.,ANTIGRAVITY_VISUAL_QA,2026-09-26T03:55:00+07:00
2756,CAND_002756,MEDIUM,ADD,0,person,train,WEB08437.jpg,"(0.80761719, 0.60000000, 0.05976563, 0.29583333)",None,Visible usable person instance (pedestrian/firefighter/civilian); tight accurate bounding box.,ANTIGRAVITY_VISUAL_QA,2026-09-26T03:55:00+07:00
2757,CAND_002757,MEDIUM,ADD,0,person,val,WEB07725.jpg,"(0.75547030, 0.52796875, 0.01797030, 0.08123162)",None,Visible usable person instance (pedestrian/firefighter/civilian); tight accurate bounding box.,ANTIGRAVITY_VISUAL_QA,2026-09-26T03:55:00+07:00
2758,CAND_002758,MEDIUM,ADD,0,person,train,WEB01609.jpg,"(0.95468750, 0.49722222, 0.02187500, 0.10555556)",None,Visible usable person instance (pedestrian/firefighter/civilian); tight accurate bounding box.,ANTIGRAVITY_VISUAL_QA,2026-09-26T03:55:00+07:00
2760,CAND_002760,MEDIUM,ADD,0,person,val,WEB03942.jpg,"(0.17294922, 0.54930556, 0.12675781, 0.57361111)",None,Visible usable person instance (pedestrian/firefighter/civilian); tight accurate bounding box.,ANTIGRAVITY_VISUAL_QA,2026-09-26T03:55:00+07:00
2761,CAND_002761,MEDIUM,ADD,0,person,test,PublicDataset01311.jpg,"(0.53203333, 0.88593750, 0.02343333, 0.09140000)",None,Visible usable person instance (pedestrian/firefighter/civilian); tight accurate bounding box.,ANTIGRAVITY_VISUAL_QA,2026-09-26T03:55:00+07:00
2762,CAND_002762,MEDIUM,ADD,0,person,test,PublicDataset01311.jpg,"(0.47187500, 0.88945625, 0.02110000, 0.10078750)",None,Visible usable person instance (pedestrian/firefighter/civilian); tight accurate bounding box.,ANTIGRAVITY_VISUAL_QA,2026-09-26T03:55:00+07:00
2763,CAND_002763,MEDIUM,ADD,0,person,test,WEB10264.jpg,"(0.53828125, 0.55277778, 0.04531250, 0.12777778)",None,Visible usable person instance (pedestrian/firefighter/civilian); tight accurate bounding box.,ANTIGRAVITY_VISUAL_QA,2026-09-26T03:55:00+07:00
2764,CAND_002764,MEDIUM,ADJUST_BBOX,0,person,test,WEB11302.jpg,"(0.63398611, 0.93750000, 0.08280556, 0.12187500)","(0.63398611, 0.93828125, 0.08280556, 0.12343750)",Visible valid person instance at image boundary; coordinate clamped to frame edge.,ANTIGRAVITY_VISUAL_QA,2026-09-26T03:55:00+07:00
2765,CAND_002765,MEDIUM,ADD,0,person,test,WEB11557.jpg,"(0.62929687, 0.50833333, 0.05000000, 0.33472222)",None,Visible usable person instance (pedestrian/firefighter/civilian); tight accurate bounding box.,ANTIGRAVITY_VISUAL_QA,2026-09-26T03:55:00+07:00
2766,CAND_002766,MEDIUM,ADD,0,person,test,WEB11754.jpg,"(0.11699074, 0.77343056, 0.03379630, 0.14063889)",None,Visible usable person instance (pedestrian/firefighter/civilian); tight accurate bounding box.,ANTIGRAVITY_VISUAL_QA,2026-09-26T03:55:00+07:00
2767,CAND_002767,MEDIUM,ADD,0,person,train,WEB05411.jpg,"(0.30976562, 0.65555556, 0.01640625, 0.08888889)",None,Visible usable person instance (pedestrian/firefighter/civilian); tight accurate bounding box.,ANTIGRAVITY_VISUAL_QA,2026-09-26T03:55:00+07:00
2768,CAND_002768,MEDIUM,ADD,0,person,train,WEB08552.jpg,"(0.04423780, 0.91236264, 0.08847561, 0.16897436)",None,Visible usable person instance (pedestrian/firefighter/civilian); tight accurate bounding box.,ANTIGRAVITY_VISUAL_QA,2026-09-26T03:55:00+07:00
2770,CAND_002770,MEDIUM,ADD,0,person,test,WEB09693.jpg,"(0.89062500, 0.48888889, 0.07343750, 0.17222222)",None,Visible usable person instance (pedestrian/firefighter/civilian); tight accurate bounding box.,ANTIGRAVITY_VISUAL_QA,2026-09-26T03:55:00+07:00
2771,CAND_002771,MEDIUM,ADD,0,person,test,WEB11304.jpg,"(0.93906667, 0.53593333, 0.12186667, 0.45728889)",None,Visible usable person instance (pedestrian/firefighter/civilian); tight accurate bounding box.,ANTIGRAVITY_VISUAL_QA,2026-09-26T03:55:00+07:00
2772,CAND_002772,MEDIUM,ADJUST_BBOX,0,person,train,WEB08007.jpg,"(0.03979091, 0.80932039, 0.07910909, 0.36711974)","(0.03967273, 0.80932039, 0.07934545, 0.36711974)",Visible valid person instance at image boundary; coordinate clamped to frame edge.,ANTIGRAVITY_VISUAL_QA,2026-09-26T03:55:00+07:00
2773,CAND_002773,MEDIUM,ADD,0,person,val,WEB06796.jpg,"(0.57831250, 0.48476415, 0.07454167, 0.14141509)",None,Visible usable person instance (pedestrian/firefighter/civilian); tight accurate bounding box.,ANTIGRAVITY_VISUAL_QA,2026-09-26T03:55:00+07:00
2774,CAND_002774,MEDIUM,ADD,0,person,test,WEB11556.jpg,"(0.72656250, 0.45416667, 0.04062500, 0.15277778)",None,Visible usable person instance (pedestrian/firefighter/civilian); tight accurate bounding box.,ANTIGRAVITY_VISUAL_QA,2026-09-26T03:55:00+07:00
2775,CAND_002775,MEDIUM,ADD,0,person,train,WEB03328.jpg,"(0.10751957, 0.81097765, 0.04413523, 0.10117318)",None,Visible usable person instance (pedestrian/firefighter/civilian); tight accurate bounding box.,ANTIGRAVITY_VISUAL_QA,2026-09-26T03:55:00+07:00
2777,CAND_002777,MEDIUM,ADD,0,person,train,WEB03931.jpg,"(0.58671875, 0.39097222, 0.05312500, 0.24305556)",None,Visible usable person instance (pedestrian/firefighter/civilian); tight accurate bounding box.,ANTIGRAVITY_VISUAL_QA,2026-09-26T03:55:00+07:00
2781,CAND_002781,MEDIUM,ADD,0,person,train,WEB07256.jpg,"(0.30194853, 0.74927273, 0.02733824, 0.09657143)",None,Visible usable person instance (pedestrian/firefighter/civilian); tight accurate bounding box.,ANTIGRAVITY_VISUAL_QA,2026-09-26T03:55:00+07:00
2784,CAND_002784,MEDIUM,ADD,0,person,train,WEB08433.jpg,"(0.95937500, 0.61111111, 0.01875000, 0.10000000)",None,Visible usable person instance (pedestrian/firefighter/civilian); tight accurate bounding box.,ANTIGRAVITY_VISUAL_QA,2026-09-26T03:55:00+07:00
2785,CAND_002785,MEDIUM,ADD,0,person,test,WEB10606.jpg,"(0.54531452, 0.66265133, 0.07969355, 0.22753027)",None,Visible usable person instance (pedestrian/firefighter/civilian); tight accurate bounding box.,ANTIGRAVITY_VISUAL_QA,2026-09-26T03:55:00+07:00
2786,CAND_002786,MEDIUM,ADD,0,person,test,WEB11242.jpg,"(0.24726562, 0.36458333, 0.03046875, 0.13611111)",None,Visible usable person instance (pedestrian/firefighter/civilian); tight accurate bounding box.,ANTIGRAVITY_VISUAL_QA,2026-09-26T03:55:00+07:00
2788,CAND_002788,MEDIUM,ADD,0,person,train,WEB04060.jpg,"(0.19121417, 0.81550822, 0.12617038, 0.36228700)",None,Visible usable person instance (pedestrian/firefighter/civilian); tight accurate bounding box.,ANTIGRAVITY_VISUAL_QA,2026-09-26T03:55:00+07:00
2789,CAND_002789,MEDIUM,ADD,0,person,train,WEB06781.jpg,"(0.13388542, 0.56484670, 0.04968750, 0.07500000)",None,Visible usable person instance (pedestrian/firefighter/civilian); tight accurate bounding box.,ANTIGRAVITY_VISUAL_QA,2026-09-26T03:55:00+07:00
2790,CAND_002790,MEDIUM,ADD,0,person,train,WEB08424.jpg,"(0.49843750, 0.59150000, 0.11406250, 0.54755556)",None,Visible usable person instance (pedestrian/firefighter/civilian); tight accurate bounding box.,ANTIGRAVITY_VISUAL_QA,2026-09-26T03:55:00+07:00
2791,CAND_002791,MEDIUM,ADD,0,person,train,WEB09249.jpg,"(0.31152344, 0.67507331, 0.03828125, 0.11495601)",None,Visible usable person instance (pedestrian/firefighter/civilian); tight accurate bounding box.,ANTIGRAVITY_VISUAL_QA,2026-09-26T03:55:00+07:00
2792,CAND_002792,MEDIUM,ADD,0,person,train,WEB09349.jpg,"(0.33828125, 0.64985795, 0.02734375, 0.13920455)",None,Visible usable person instance (pedestrian/firefighter/civilian); tight accurate bounding box.,ANTIGRAVITY_VISUAL_QA,2026-09-26T03:55:00+07:00
2793,CAND_002793,MEDIUM,ADD,0,person,train,WEB01609.jpg,"(0.90312500, 0.49861111, 0.02812500, 0.11666667)",None,Visible usable person instance (pedestrian/firefighter/civilian); tight accurate bounding box.,ANTIGRAVITY_VISUAL_QA,2026-09-26T03:55:00+07:00
2794,CAND_002794,MEDIUM,ADD,0,person,train,WEB07146.jpg,"(0.40117188, 0.56250000, 0.02734375, 0.13333333)",None,Visible usable person instance (pedestrian/firefighter/civilian); tight accurate bounding box.,ANTIGRAVITY_VISUAL_QA,2026-09-26T03:55:00+07:00
2797,CAND_002797,MEDIUM,ADD,0,person,test,WEB10186.jpg,"(0.18876953, 0.66822917, 0.02558594, 0.13229167)",None,Visible usable person instance (pedestrian/firefighter/civilian); tight accurate bounding box.,ANTIGRAVITY_VISUAL_QA,2026-09-26T03:55:00+07:00
2800,CAND_002800,MEDIUM,ADD,0,person,train,WEB03948.jpg,"(0.64609375, 0.48333333, 0.06796875, 0.25000000)",None,Visible usable person instance (pedestrian/firefighter/civilian); tight accurate bounding box.,ANTIGRAVITY_VISUAL_QA,2026-09-26T03:55:00+07:00
2801,CAND_002801,MEDIUM,ADD,0,person,train,WEB05049.jpg,"(0.36250000, 0.85972222, 0.04062500, 0.20277778)",None,Visible usable person instance (pedestrian/firefighter/civilian); tight accurate bounding box.,ANTIGRAVITY_VISUAL_QA,2026-09-26T03:55:00+07:00
2802,CAND_002802,MEDIUM,ADD,0,person,train,WEB05445.jpg,"(0.28242187, 0.68472222, 0.04609375, 0.18055556)",None,Visible usable person instance (pedestrian/firefighter/civilian); tight accurate bounding box.,ANTIGRAVITY_VISUAL_QA,2026-09-26T03:55:00+07:00
2804,CAND_002804,MEDIUM,ADD,0,person,train,WEB09254.jpg,"(0.42187500, 0.71186501, 0.02657000, 0.10824156)",None,Visible usable person instance (pedestrian/firefighter/civilian); tight accurate bounding box.,ANTIGRAVITY_VISUAL_QA,2026-09-26T03:55:00+07:00
2805,CAND_002805,MEDIUM,ADD,0,person,val,WEB06711.jpg,"(0.45547059, 0.66197644, 0.03594118, 0.16410995)",None,Visible usable person instance (pedestrian/firefighter/civilian); tight accurate bounding box.,ANTIGRAVITY_VISUAL_QA,2026-09-26T03:55:00+07:00
2807,CAND_002807,MEDIUM,ADJUST_BBOX,0,person,test,WEB11553.jpg,"(0.74062500, 0.95972222, 0.05000000, 0.07777778)","(0.74062500, 0.96041667, 0.05000000, 0.07916667)",Visible valid person instance at image boundary; coordinate clamped to frame edge.,ANTIGRAVITY_VISUAL_QA,2026-09-26T03:55:00+07:00
2808,CAND_002808,MEDIUM,ADD,0,person,train,WEB08639.jpg,"(0.26718750, 0.59166667, 0.05937500, 0.31666667)",None,Visible usable person instance (pedestrian/firefighter/civilian); tight accurate bounding box.,ANTIGRAVITY_VISUAL_QA,2026-09-26T03:55:00+07:00
2809,CAND_002809,MEDIUM,ADD,0,person,test,WEB10078.jpg,"(0.46757738, 0.80783626, 0.02344048, 0.08826511)",None,Visible usable person instance (pedestrian/firefighter/civilian); tight accurate bounding box.,ANTIGRAVITY_VISUAL_QA,2026-09-26T03:55:00+07:00
2810,CAND_002810,MEDIUM,ADD,0,person,test,WEB10147.jpg,"(0.71171738, 0.63863248, 0.01406356, 0.05925926)",None,Visible usable person instance (pedestrian/firefighter/civilian); tight accurate bounding box.,ANTIGRAVITY_VISUAL_QA,2026-09-26T03:55:00+07:00
2811,CAND_002811,MEDIUM,ADJUST_BBOX,0,person,train,WEB03749.jpg,"(0.15800931, 0.69960094, 0.31483971, 0.57281690)","(0.15771458, 0.69960094, 0.31542916, 0.57281690)",Visible valid person instance at image boundary; coordinate clamped to frame edge.,ANTIGRAVITY_VISUAL_QA,2026-09-26T03:55:00+07:00
2812,CAND_002812,MEDIUM,ADD,0,person,train,WEB03850.jpg,"(0.36992188, 0.76527778, 0.03281250, 0.16666667)",None,Visible usable person instance (pedestrian/firefighter/civilian); tight accurate bounding box.,ANTIGRAVITY_VISUAL_QA,2026-09-26T03:55:00+07:00
2813,CAND_002813,MEDIUM,ADD,0,person,train,WEB04698.jpg,"(0.73515625, 0.52916667, 0.03046875, 0.12222222)",None,Visible usable person instance (pedestrian/firefighter/civilian); tight accurate bounding box.,ANTIGRAVITY_VISUAL_QA,2026-09-26T03:55:00+07:00
2814,CAND_002814,MEDIUM,ADJUST_BBOX,0,person,train,WEB09110.jpg,"(0.62734375, 0.93229167, 0.03516250, 0.13283333)","(0.62734375, 0.93293750, 0.03516250, 0.13412500)",Visible valid person instance at image boundary; coordinate clamped to frame edge.,ANTIGRAVITY_VISUAL_QA,2026-09-26T03:55:00+07:00
2815,CAND_002815,MEDIUM,ADD,0,person,train,WEB09217.jpg,"(0.31680000, 0.74974654, 0.02656000, 0.05760369)",None,Visible usable person instance (pedestrian/firefighter/civilian); tight accurate bounding box.,ANTIGRAVITY_VISUAL_QA,2026-09-26T03:55:00+07:00
2817,CAND_002817,MEDIUM,ADD,0,person,test,WEB10666.jpg,"(0.66718750, 0.64570625, 0.03905833, 0.16171250)",None,Visible usable person instance (pedestrian/firefighter/civilian); tight accurate bounding box.,ANTIGRAVITY_VISUAL_QA,2026-09-26T03:55:00+07:00
2818,CAND_002818,MEDIUM,ADJUST_BBOX,0,person,test,WEB11538.jpg,"(0.40713270, 0.88930398, 0.10137441, 0.21917614)","(0.40713270, 0.88985795, 0.10137441, 0.22028409)",Visible valid person instance at image boundary; coordinate clamped to frame edge.,ANTIGRAVITY_VISUAL_QA,2026-09-26T03:55:00+07:00
2819,CAND_002819,MEDIUM,ADJUST_BBOX,0,person,test,WEB11553.jpg,"(0.94687500, 0.97083333, 0.04375000, 0.05555556)","(0.94687500, 0.97152778, 0.04375000, 0.05694444)",Visible valid person instance at image boundary; coordinate clamped to frame edge.,ANTIGRAVITY_VISUAL_QA,2026-09-26T03:55:00+07:00
2820,CAND_002820,MEDIUM,ADD,0,person,train,WEB01158.jpg,"(0.53750000, 0.74444444, 0.04218750, 0.12500000)",None,Visible usable person instance (pedestrian/firefighter/civilian); tight accurate bounding box.,ANTIGRAVITY_VISUAL_QA,2026-09-26T03:55:00+07:00
2821,CAND_002821,MEDIUM,ADD,0,person,train,WEB01419.jpg,"(0.95781250, 0.88611111, 0.03125000, 0.08333333)",None,Visible usable person instance (pedestrian/firefighter/civilian); tight accurate bounding box.,ANTIGRAVITY_VISUAL_QA,2026-09-26T03:55:00+07:00
2823,CAND_002823,MEDIUM,ADD,0,person,train,WEB03714.jpg,"(0.82968676, 0.87250000, 0.04686761, 0.19766355)",None,Visible usable person instance (pedestrian/firefighter/civilian); tight accurate bounding box.,ANTIGRAVITY_VISUAL_QA,2026-09-26T03:55:00+07:00
2824,CAND_002824,MEDIUM,ADD,0,person,train,WEB03896.jpg,"(0.06425781, 0.52777778, 0.02539062, 0.09722222)",None,Visible usable person instance (pedestrian/firefighter/civilian); tight accurate bounding box.,ANTIGRAVITY_VISUAL_QA,2026-09-26T03:55:00+07:00
2826,CAND_002826,MEDIUM,ADD,0,person,train,WEB05410.jpg,"(0.40117188, 0.74305556, 0.02656250, 0.13611111)",None,Visible usable person instance (pedestrian/firefighter/civilian); tight accurate bounding box.,ANTIGRAVITY_VISUAL_QA,2026-09-26T03:55:00+07:00
2828,CAND_002828,MEDIUM,ADD,0,person,train,WEB07197.jpg,"(0.37304688, 0.42621528, 0.03906250, 0.20868056)",None,Visible usable person instance (pedestrian/firefighter/civilian); tight accurate bounding box.,ANTIGRAVITY_VISUAL_QA,2026-09-26T03:55:00+07:00
2831,CAND_002831,MEDIUM,ADD,0,person,train,PublicDataset00885.jpg,"(0.37304286, 0.63372318, 0.06328571, 0.15843348)",None,Visible usable person instance (pedestrian/firefighter/civilian); tight accurate bounding box.,ANTIGRAVITY_VISUAL_QA,2026-09-26T03:55:00+07:00
2832,CAND_002832,MEDIUM,ADD,0,person,train,WEB01158.jpg,"(0.55742187, 0.67916667, 0.02265625, 0.08611111)",None,Visible usable person instance (pedestrian/firefighter/civilian); tight accurate bounding box.,ANTIGRAVITY_VISUAL_QA,2026-09-26T03:55:00+07:00
2833,CAND_002833,MEDIUM,ADD,0,person,train,WEB07169.jpg,"(0.12265831, 0.82085396, 0.05273087, 0.14952970)",None,Visible usable person instance (pedestrian/firefighter/civilian); tight accurate bounding box.,ANTIGRAVITY_VISUAL_QA,2026-09-26T03:55:00+07:00
2834,CAND_002834,MEDIUM,ADJUST_BBOX,0,person,train,WEB09110.jpg,"(0.59609375, 0.93229167, 0.03358750, 0.13283333)","(0.59609375, 0.93293750, 0.03358750, 0.13412500)",Visible valid person instance at image boundary; coordinate clamped to frame edge.,ANTIGRAVITY_VISUAL_QA,2026-09-26T03:55:00+07:00
2835,CAND_002835,MEDIUM,ADD,0,person,val,WEB07601.jpg,"(0.56093654, 0.71540590, 0.01327533, 0.06760148)",None,Visible usable person instance (pedestrian/firefighter/civilian); tight accurate bounding box.,ANTIGRAVITY_VISUAL_QA,2026-09-26T03:55:00+07:00
2836,CAND_002836,MEDIUM,ADD,0,person,test,WEB10214.jpg,"(0.58280984, 0.73244635, 0.01093661, 0.02835479)",None,Visible usable person instance (pedestrian/firefighter/civilian); tight accurate bounding box.,ANTIGRAVITY_VISUAL_QA,2026-09-26T03:55:00+07:00
2841,CAND_002841,MEDIUM,ADD,0,person,train,WEB07214.jpg,"(0.77187500, 0.42638889, 0.04687500, 0.20833333)",None,Visible usable person instance (pedestrian/firefighter/civilian); tight accurate bounding box.,ANTIGRAVITY_VISUAL_QA,2026-09-26T03:55:00+07:00
2842,CAND_002842,MEDIUM,ADD,0,person,test,WEB11449.jpg,"(0.61093876, 0.75831818, 0.02031124, 0.13580000)",None,Visible usable person instance (pedestrian/firefighter/civilian); tight accurate bounding box.,ANTIGRAVITY_VISUAL_QA,2026-09-26T03:55:00+07:00
2843,CAND_002843,MEDIUM,ADJUST_BBOX,0,person,train,WEB02485.jpg,"(0.02724458, 0.88429348, 0.05430341, 0.16236957)","(0.02719814, 0.88429348, 0.05439628, 0.16236957)",Visible valid person instance at image boundary; coordinate clamped to frame edge.,ANTIGRAVITY_VISUAL_QA,2026-09-26T03:55:00+07:00
2845,CAND_002845,MEDIUM,ADD,0,person,train,WEB07191.jpg,"(0.36796875, 0.44652778, 0.02109375, 0.09305556)",None,Visible usable person instance (pedestrian/firefighter/civilian); tight accurate bounding box.,ANTIGRAVITY_VISUAL_QA,2026-09-26T03:55:00+07:00
2846,CAND_002846,MEDIUM,ADD,0,person,train,WEB07288.jpg,"(0.13632511, 0.75802738, 0.02773605, 0.12310789)",None,Visible usable person instance (pedestrian/firefighter/civilian); tight accurate bounding box.,ANTIGRAVITY_VISUAL_QA,2026-09-26T03:55:00+07:00
2847,CAND_002847,MEDIUM,ADD,0,person,train,WEB08985.jpg,"(0.78203000, 0.72830572, 0.01406000, 0.06823795)",None,Visible usable person instance (pedestrian/firefighter/civilian); tight accurate bounding box.,ANTIGRAVITY_VISUAL_QA,2026-09-26T03:55:00+07:00
2848,CAND_002848,MEDIUM,ADD,0,person,val,WEB05346.jpg,"(0.67617187, 0.45625000, 0.17656250, 0.51250000)",None,Visible usable person instance (pedestrian/firefighter/civilian); tight accurate bounding box.,ANTIGRAVITY_VISUAL_QA,2026-09-26T03:55:00+07:00
2849,CAND_002849,MEDIUM,ADD,0,person,train,WEB02882.jpg,"(0.78281414, 0.57774874, 0.02031414, 0.07246206)",None,Visible usable person instance (pedestrian/firefighter/civilian); tight accurate bounding box.,ANTIGRAVITY_VISUAL_QA,2026-09-26T03:55:00+07:00
2851,CAND_002851,MEDIUM,ADD,0,person,train,WEB06504.jpg,"(0.77890625, 0.59479167, 0.01875000, 0.05000000)",None,Visible usable person instance (pedestrian/firefighter/civilian); tight accurate bounding box.,ANTIGRAVITY_VISUAL_QA,2026-09-26T03:55:00+07:00
2853,CAND_002853,MEDIUM,ADD,0,person,train,WEB03932.jpg,"(0.26875000, 0.42638889, 0.03515625, 0.15833333)",None,Visible usable person instance (pedestrian/firefighter/civilian); tight accurate bounding box.,ANTIGRAVITY_VISUAL_QA,2026-09-26T03:55:00+07:00
2854,CAND_002854,MEDIUM,ADD,0,person,train,WEB05412.jpg,"(0.29726562, 0.65694444, 0.01562500, 0.07361111)",None,Visible usable person instance (pedestrian/firefighter/civilian); tight accurate bounding box.,ANTIGRAVITY_VISUAL_QA,2026-09-26T03:55:00+07:00
2855,CAND_002855,MEDIUM,ADD,0,person,train,WEB08422.jpg,"(0.44687500, 0.57222222, 0.02656250, 0.14166667)",None,Visible usable person instance (pedestrian/firefighter/civilian); tight accurate bounding box.,ANTIGRAVITY_VISUAL_QA,2026-09-26T03:55:00+07:00
2857,CAND_002857,MEDIUM,ADJUST_BBOX,0,person,val,WEB08067.jpg,"(0.10576282, 0.84375000, 0.21034615, 0.29765385)","(0.10546795, 0.84375000, 0.21093590, 0.29765385)",Visible valid person instance at image boundary; coordinate clamped to frame edge.,ANTIGRAVITY_VISUAL_QA,2026-09-26T03:55:00+07:00
2858,CAND_002858,MEDIUM,ADD,0,person,train,WEB03482.jpg,"(0.05454286, 0.78161829, 0.04453333, 0.20358491)",None,Visible usable person instance (pedestrian/firefighter/civilian); tight accurate bounding box.,ANTIGRAVITY_VISUAL_QA,2026-09-26T03:55:00+07:00
2859,CAND_002859,MEDIUM,ADD,0,person,train,WEB08438.jpg,"(0.31757812, 0.47777778, 0.02656250, 0.18611111)",None,Visible usable person instance (pedestrian/firefighter/civilian); tight accurate bounding box.,ANTIGRAVITY_VISUAL_QA,2026-09-26T03:55:00+07:00
2860,CAND_002860,MEDIUM,ADJUST_BBOX,0,person,train,WEB09228.jpg,"(0.04348889, 0.86015000, 0.08488889, 0.13750000)","(0.04296667, 0.86015000, 0.08593333, 0.13750000)",Visible valid person instance at image boundary; coordinate clamped to frame edge.,ANTIGRAVITY_VISUAL_QA,2026-09-26T03:55:00+07:00
2861,CAND_002861,MEDIUM,ADD,0,person,val,WEB02760.jpg,"(0.28085938, 0.28151042, 0.01484375, 0.04947917)",None,Visible usable person instance (pedestrian/firefighter/civilian); tight accurate bounding box.,ANTIGRAVITY_VISUAL_QA,2026-09-26T03:55:00+07:00
2862,CAND_002862,MEDIUM,ADD,0,person,val,WEB07394.jpg,"(0.94843610, 0.57365482, 0.03124439, 0.12497462)",None,Visible usable person instance (pedestrian/firefighter/civilian); tight accurate bounding box.,ANTIGRAVITY_VISUAL_QA,2026-09-26T03:55:00+07:00
2863,CAND_002863,MEDIUM,ADD,0,person,test,WEB11241.jpg,"(0.88281250, 0.55833333, 0.01875000, 0.09444444)",None,Visible usable person instance (pedestrian/firefighter/civilian); tight accurate bounding box.,ANTIGRAVITY_VISUAL_QA,2026-09-26T03:55:00+07:00
2864,CAND_002864,MEDIUM,ADD,0,person,train,WEB03967.jpg,"(0.57578488, 0.59393287, 0.02734496, 0.13320138)",None,Visible usable person instance (pedestrian/firefighter/civilian); tight accurate bounding box.,ANTIGRAVITY_VISUAL_QA,2026-09-26T03:55:00+07:00
2865,CAND_002865,MEDIUM,ADD,0,person,train,WEB07192.jpg,"(0.12267969, 0.43680556, 0.05112500, 0.18750000)",None,Visible usable person instance (pedestrian/firefighter/civilian); tight accurate bounding box.,ANTIGRAVITY_VISUAL_QA,2026-09-26T03:55:00+07:00
2867,CAND_002867,MEDIUM,ADD,0,person,val,WEB07637.jpg,"(0.60078076, 0.58346045, 0.01717666, 0.08115819)",None,Visible usable person instance (pedestrian/firefighter/civilian); tight accurate bounding box.,ANTIGRAVITY_VISUAL_QA,2026-09-26T03:55:00+07:00
2868,CAND_002868,MEDIUM,ADD,0,person,train,PublicDataset00896.jpg,"(0.85781429, 0.73752665, 0.08125714, 0.15974414)",None,Visible usable person instance (pedestrian/firefighter/civilian); tight accurate bounding box.,ANTIGRAVITY_VISUAL_QA,2026-09-26T03:55:00+07:00
2869,CAND_002869,MEDIUM,ADD,0,person,train,WEB02997.jpg,"(0.33906250, 0.70138889, 0.02265625, 0.10833333)",None,Visible usable person instance (pedestrian/firefighter/civilian); tight accurate bounding box.,ANTIGRAVITY_VISUAL_QA,2026-09-26T03:55:00+07:00
2870,CAND_002870,MEDIUM,ADD,0,person,train,WEB03482.jpg,"(0.08505714, 0.79411466, 0.04512381, 0.19049347)",None,Visible usable person instance (pedestrian/firefighter/civilian); tight accurate bounding box.,ANTIGRAVITY_VISUAL_QA,2026-09-26T03:55:00+07:00
2872,CAND_002872,MEDIUM,ADD,0,person,train,WEB07195.jpg,"(0.66132813, 0.43055556, 0.03671875, 0.19027778)",None,Visible usable person instance (pedestrian/firefighter/civilian); tight accurate bounding box.,ANTIGRAVITY_VISUAL_QA,2026-09-26T03:55:00+07:00
2873,CAND_002873,MEDIUM,ADD,0,person,train,WEB07204.jpg,"(0.35898438, 0.38333333, 0.02187500, 0.09722222)",None,Visible usable person instance (pedestrian/firefighter/civilian); tight accurate bounding box.,ANTIGRAVITY_VISUAL_QA,2026-09-26T03:55:00+07:00
2874,CAND_002874,MEDIUM,ADD,0,person,train,WEB07243.jpg,"(0.24687500, 0.49531250, 0.03359375, 0.10625000)",None,Visible usable person instance (pedestrian/firefighter/civilian); tight accurate bounding box.,ANTIGRAVITY_VISUAL_QA,2026-09-26T03:55:00+07:00
2875,CAND_002875,MEDIUM,ADD,0,person,train,WEB08709.jpg,"(0.75546384, 0.75980556, 0.03281447, 0.18355556)",None,Visible usable person instance (pedestrian/firefighter/civilian); tight accurate bounding box.,ANTIGRAVITY_VISUAL_QA,2026-09-26T03:55:00+07:00
2876,CAND_002876,MEDIUM,ADD,0,person,train,WEB08714.jpg,"(0.66014937, 0.81293056, 0.03281447, 0.14630556)",None,Visible usable person instance (pedestrian/firefighter/civilian); tight accurate bounding box.,ANTIGRAVITY_VISUAL_QA,2026-09-26T03:55:00+07:00
2877,CAND_002877,MEDIUM,ADD,0,person,train,WEB08896.jpg,"(0.63125000, 0.61805556, 0.02187500, 0.06666667)",None,Visible usable person instance (pedestrian/firefighter/civilian); tight accurate bounding box.,ANTIGRAVITY_VISUAL_QA,2026-09-26T03:55:00+07:00
2878,CAND_002878,MEDIUM,ADD,0,person,val,WEB07997.jpg,"(0.61953125, 0.55520833, 0.03359375, 0.13750000)",None,Visible usable person instance (pedestrian/firefighter/civilian); tight accurate bounding box.,ANTIGRAVITY_VISUAL_QA,2026-09-26T03:55:00+07:00
2879,CAND_002879,MEDIUM,ADD,0,person,test,WEB11354.jpg,"(0.60390816, 0.66991848, 0.09375510, 0.13038043)",None,Visible usable person instance (pedestrian/firefighter/civilian); tight accurate bounding box.,ANTIGRAVITY_VISUAL_QA,2026-09-26T03:55:00+07:00
2881,CAND_002881,MEDIUM,ADD,0,person,train,WEB03028.jpg,"(0.29128788, 0.35117792, 0.43888889, 0.69296540)",None,Visible usable person instance (pedestrian/firefighter/civilian); tight accurate bounding box.,ANTIGRAVITY_VISUAL_QA,2026-09-26T03:55:00+07:00
2882,CAND_002882,MEDIUM,ADD,0,person,train,WEB03935.jpg,"(0.30976562, 0.46180556, 0.04921875, 0.20416667)",None,Visible usable person instance (pedestrian/firefighter/civilian); tight accurate bounding box.,ANTIGRAVITY_VISUAL_QA,2026-09-26T03:55:00+07:00
2883,CAND_002883,MEDIUM,ADD,0,person,train,WEB06380.jpg,"(0.47227199, 0.71484816, 0.02187296, 0.06245119)",None,Visible usable person instance (pedestrian/firefighter/civilian); tight accurate bounding box.,ANTIGRAVITY_VISUAL_QA,2026-09-26T03:55:00+07:00
2884,CAND_002884,MEDIUM,ADD,0,person,train,WEB07200.jpg,"(0.24921875, 0.40156250, 0.03671875, 0.16076389)",None,Visible usable person instance (pedestrian/firefighter/civilian); tight accurate bounding box.,ANTIGRAVITY_VISUAL_QA,2026-09-26T03:55:00+07:00
2885,CAND_002885,MEDIUM,ADD,0,person,train,WEB07209.jpg,"(0.78437500, 0.45555556, 0.04687500, 0.18888889)",None,Visible usable person instance (pedestrian/firefighter/civilian); tight accurate bounding box.,ANTIGRAVITY_VISUAL_QA,2026-09-26T03:55:00+07:00
2886,CAND_002886,MEDIUM,REJECT,0,person,train,WEB08747.jpg,"(0.73551471, 0.54062500, 0.03857843, 0.05936111)",None,Tiny ambiguous silhouette (7x21 px); insufficient pixel resolution to verify human instance.,ANTIGRAVITY_VISUAL_QA,2026-09-26T03:55:00+07:00
2888,CAND_002888,MEDIUM,ADD,0,person,val,WEB07346.jpg,"(0.82812211, 0.60900990, 0.01406105, 0.05016502)",None,Visible usable person instance (pedestrian/firefighter/civilian); tight accurate bounding box.,ANTIGRAVITY_VISUAL_QA,2026-09-26T03:55:00+07:00
2889,CAND_002889,MEDIUM,ADD,0,person,test,WEB11751.jpg,"(0.54140625, 0.57986111, 0.04843750, 0.22361111)",None,Visible usable person instance (pedestrian/firefighter/civilian); tight accurate bounding box.,ANTIGRAVITY_VISUAL_QA,2026-09-26T03:55:00+07:00
2890,CAND_002890,MEDIUM,ADD,0,person,train,WEB02656.jpg,"(0.73750000, 0.59217778, 0.02343333, 0.06666667)",None,Visible usable person instance (pedestrian/firefighter/civilian); tight accurate bounding box.,ANTIGRAVITY_VISUAL_QA,2026-09-26T03:55:00+07:00
2892,CAND_002892,MEDIUM,ADD,0,person,train,WEB03932.jpg,"(0.30527344, 0.42916667, 0.03359375, 0.16111111)",None,Visible usable person instance (pedestrian/firefighter/civilian); tight accurate bounding box.,ANTIGRAVITY_VISUAL_QA,2026-09-26T03:55:00+07:00
2893,CAND_002893,MEDIUM,ADD,0,person,train,WEB07204.jpg,"(0.40781250, 0.40486111, 0.02812500, 0.15833333)",None,Visible usable person instance (pedestrian/firefighter/civilian); tight accurate bounding box.,ANTIGRAVITY_VISUAL_QA,2026-09-26T03:55:00+07:00
2896,CAND_002896,MEDIUM,ADJUST_BBOX,0,person,test,WEB10475.jpg,"(0.80332547, 0.60333333, 0.39023585, 0.75325000)","(0.80410377, 0.60333333, 0.39179245, 0.75325000)",Visible valid person instance at image boundary; coordinate clamped to frame edge.,ANTIGRAVITY_VISUAL_QA,2026-09-26T03:55:00+07:00
2897,CAND_002897,MEDIUM,ADD,0,person,test,WEB11245.jpg,"(0.47656116, 0.83482287, 0.05936695, 0.16413849)",None,Visible usable person instance (pedestrian/firefighter/civilian); tight accurate bounding box.,ANTIGRAVITY_VISUAL_QA,2026-09-26T03:55:00+07:00
2898,CAND_002898,MEDIUM,ADD,0,person,train,WEB01068.jpg,"(0.80937500, 0.62500000, 0.02812500, 0.12638889)",None,Visible usable person instance (pedestrian/firefighter/civilian); tight accurate bounding box.,ANTIGRAVITY_VISUAL_QA,2026-09-26T03:55:00+07:00
2899,CAND_002899,MEDIUM,ADD,0,person,train,WEB05412.jpg,"(0.09882813, 0.69791667, 0.01990625, 0.11111111)",None,Visible usable person instance (pedestrian/firefighter/civilian); tight accurate bounding box.,ANTIGRAVITY_VISUAL_QA,2026-09-26T03:55:00+07:00
2900,CAND_002900,MEDIUM,ADD,0,person,train,WEB06781.jpg,"(0.03933333, 0.57578420, 0.03450000, 0.08281840)",None,Visible usable person instance (pedestrian/firefighter/civilian); tight accurate bounding box.,ANTIGRAVITY_VISUAL_QA,2026-09-26T03:55:00+07:00
2901,CAND_002901,MEDIUM,ADD,0,person,train,WEB09097.jpg,"(0.17968665, 0.92009501, 0.06171662, 0.14574822)",None,Visible usable person instance (pedestrian/firefighter/civilian); tight accurate bounding box.,ANTIGRAVITY_VISUAL_QA,2026-09-26T03:55:00+07:00
2902,CAND_002902,MEDIUM,ADD,0,person,test,WEB11513.jpg,"(0.38632813, 0.71666667, 0.07500000, 0.50555556)",None,Visible usable person instance (pedestrian/firefighter/civilian); tight accurate bounding box.,ANTIGRAVITY_VISUAL_QA,2026-09-26T03:55:00+07:00
2903,CAND_002903,MEDIUM,ADJUST_BBOX,0,person,train,PublicDataset01020.jpg,"(0.02624194, 0.59839096, 0.05219355, 0.36199468)","(0.02616935, 0.59839096, 0.05233871, 0.36199468)",Visible valid person instance at image boundary; coordinate clamped to frame edge.,ANTIGRAVITY_VISUAL_QA,2026-09-26T03:55:00+07:00
2904,CAND_002904,MEDIUM,ADD,0,person,train,WEB03204.jpg,"(0.19541045, 0.57178918, 0.01229986, 0.05908460)",None,Visible usable person instance (pedestrian/firefighter/civilian); tight accurate bounding box.,ANTIGRAVITY_VISUAL_QA,2026-09-26T03:55:00+07:00
2905,CAND_002905,MEDIUM,ADD,0,person,train,WEB06356.jpg,"(0.34492187, 0.52291667, 0.06171875, 0.19166667)",None,Visible usable person instance (pedestrian/firefighter/civilian); tight accurate bounding box.,ANTIGRAVITY_VISUAL_QA,2026-09-26T03:55:00+07:00
2906,CAND_002906,MEDIUM,REJECT,0,person,train,WEB08747.jpg,"(0.44666667, 0.53750000, 0.04411765, 0.06094444)",None,Tiny ambiguous silhouette (9x21 px); insufficient pixel resolution to verify human instance.,ANTIGRAVITY_VISUAL_QA,2026-09-26T03:55:00+07:00
2907,CAND_002907,MEDIUM,ADD,0,person,train,WEB09071.jpg,"(0.69531176, 0.69666364, 0.02968235, 0.13281818)",None,Visible usable person instance (pedestrian/firefighter/civilian); tight accurate bounding box.,ANTIGRAVITY_VISUAL_QA,2026-09-26T03:55:00+07:00
2908,CAND_002908,MEDIUM,ADD,0,person,test,WEB10382.jpg,"(0.40781081, 0.76722065, 0.01093694, 0.03803395)",None,Visible usable person instance (pedestrian/firefighter/civilian); tight accurate bounding box.,ANTIGRAVITY_VISUAL_QA,2026-09-26T03:55:00+07:00
2909,CAND_002909,MEDIUM,ADD,0,person,train,PublicDataset00889.jpg,"(0.46601562, 0.84422701, 0.05390625, 0.19960861)",None,Visible usable person instance (pedestrian/firefighter/civilian); tight accurate bounding box.,ANTIGRAVITY_VISUAL_QA,2026-09-26T03:55:00+07:00
2911,CAND_002911,MEDIUM,ADD,0,person,train,WEB07169.jpg,"(0.08451847, 0.84064356, 0.04618734, 0.10846535)",None,Visible usable person instance (pedestrian/firefighter/civilian); tight accurate bounding box.,ANTIGRAVITY_VISUAL_QA,2026-09-26T03:55:00+07:00
2912,CAND_002912,MEDIUM,ADD,0,person,train,WEB07216.jpg,"(0.79687500, 0.47500000, 0.04843750, 0.20833333)",None,Visible usable person instance (pedestrian/firefighter/civilian); tight accurate bounding box.,ANTIGRAVITY_VISUAL_QA,2026-09-26T03:55:00+07:00
2913,CAND_002913,MEDIUM,ADD,0,person,train,WEB07224.jpg,"(0.98281250, 0.53888889, 0.02500000, 0.09722222)",None,Visible usable person instance (pedestrian/firefighter/civilian); tight accurate bounding box.,ANTIGRAVITY_VISUAL_QA,2026-09-26T03:55:00+07:00
2914,CAND_002914,MEDIUM,ADD,0,person,train,WEB07506.jpg,"(0.65781421, 0.73300847, 0.02030601, 0.13478814)",None,Visible usable person instance (pedestrian/firefighter/civilian); tight accurate bounding box.,ANTIGRAVITY_VISUAL_QA,2026-09-26T03:55:00+07:00
2915,CAND_002915,MEDIUM,ADD,0,person,test,WEB11647.jpg,"(0.91875000, 0.72656250, 0.02031250, 0.11363636)",None,Visible usable person instance (pedestrian/firefighter/civilian); tight accurate bounding box.,ANTIGRAVITY_VISUAL_QA,2026-09-26T03:55:00+07:00
2916,CAND_002916,MEDIUM,ADJUST_BBOX,0,person,train,WEB03362.jpg,"(0.24553648, 0.96406151, 0.04145923, 0.06875394)","(0.24553648, 0.96484227, 0.04145923, 0.07031546)",Visible valid person instance at image boundary; coordinate clamped to frame edge.,ANTIGRAVITY_VISUAL_QA,2026-09-26T03:55:00+07:00
2918,CAND_002918,MEDIUM,ADD,0,person,train,WEB07445.jpg,"(0.39804835, 0.65477855, 0.07420991, 0.14517483)",None,Visible usable person instance (pedestrian/firefighter/civilian); tight accurate bounding box.,ANTIGRAVITY_VISUAL_QA,2026-09-26T03:55:00+07:00
2919,CAND_002919,MEDIUM,ADD,0,person,test,PublicDataset01300.jpg,"(0.08105833, 0.82910000, 0.03241667, 0.11485000)",None,Visible usable person instance (pedestrian/firefighter/civilian); tight accurate bounding box.,ANTIGRAVITY_VISUAL_QA,2026-09-26T03:55:00+07:00
2921,CAND_002921,MEDIUM,ADD,0,person,train,WEB02253.jpg,"(0.33516238, 0.62395181, 0.01484438, 0.09320482)",None,Visible usable person instance (pedestrian/firefighter/civilian); tight accurate bounding box.,ANTIGRAVITY_VISUAL_QA,2026-09-26T03:55:00+07:00
2922,CAND_002922,MEDIUM,ADD,0,person,train,WEB05495.jpg,"(0.73222500, 0.75000000, 0.43335000, 0.30468435)",None,Visible usable person instance (pedestrian/firefighter/civilian); tight accurate bounding box.,ANTIGRAVITY_VISUAL_QA,2026-09-26T03:55:00+07:00
2924,CAND_002924,MEDIUM,ADD,0,person,train,WEB06786.jpg,"(0.94682292, 0.53437500, 0.05797917, 0.05155660)",None,Visible usable person instance (pedestrian/firefighter/civilian); tight accurate bounding box.,ANTIGRAVITY_VISUAL_QA,2026-09-26T03:55:00+07:00
2925,CAND_002925,MEDIUM,ADD,0,person,train,WEB07943.jpg,"(0.28769500, 0.54896000, 0.03711000, 0.16874667)",None,Visible usable person instance (pedestrian/firefighter/civilian); tight accurate bounding box.,ANTIGRAVITY_VISUAL_QA,2026-09-26T03:55:00+07:00
2927,CAND_002927,MEDIUM,ADJUST_BBOX,0,person,train,WEB09110.jpg,"(0.70858750, 0.92904167, 0.03437500, 0.13933333)","(0.70858750, 0.92968750, 0.03437500, 0.14062500)",Visible valid person instance at image boundary; coordinate clamped to frame edge.,ANTIGRAVITY_VISUAL_QA,2026-09-26T03:55:00+07:00
2928,CAND_002928,MEDIUM,ADD,0,person,val,PublicDataset00923.jpg,"(0.25781250, 0.63848968, 0.02110000, 0.09030019)",None,Visible usable person instance (pedestrian/firefighter/civilian); tight accurate bounding box.,ANTIGRAVITY_VISUAL_QA,2026-09-26T03:55:00+07:00
2930,CAND_002930,MEDIUM,ADD,0,person,train,WEB03816.jpg,"(0.73554688, 0.43611111, 0.16640625, 0.63472222)",None,Visible usable person instance (pedestrian/firefighter/civilian); tight accurate bounding box.,ANTIGRAVITY_VISUAL_QA,2026-09-26T03:55:00+07:00
2931,CAND_002931,MEDIUM,ADD,0,person,train,WEB07201.jpg,"(0.76640625, 0.38333333, 0.01718750, 0.07500000)",None,Visible usable person instance (pedestrian/firefighter/civilian); tight accurate bounding box.,ANTIGRAVITY_VISUAL_QA,2026-09-26T03:55:00+07:00
2932,CAND_002932,MEDIUM,ADD,0,person,train,WEB07209.jpg,"(0.36367187, 0.37361111, 0.02109375, 0.09444444)",None,Visible usable person instance (pedestrian/firefighter/civilian); tight accurate bounding box.,ANTIGRAVITY_VISUAL_QA,2026-09-26T03:55:00+07:00
2933,CAND_002933,MEDIUM,ADD,0,person,train,WEB09020.jpg,"(0.62421875, 0.85833333, 0.05156250, 0.11944444)",None,Visible usable person instance (pedestrian/firefighter/civilian); tight accurate bounding box.,ANTIGRAVITY_VISUAL_QA,2026-09-26T03:55:00+07:00
2934,CAND_002934,MEDIUM,ADD,0,person,val,WEB03939.jpg,"(0.14023437, 0.41180556, 0.04453125, 0.14027778)",None,Visible usable person instance (pedestrian/firefighter/civilian); tight accurate bounding box.,ANTIGRAVITY_VISUAL_QA,2026-09-26T03:55:00+07:00
2936,CAND_002936,MEDIUM,REJECT,0,person,train,PublicDataset00932.jpg,"(0.14140000, 0.78751111, 0.03046667, 0.09582222)",None,Tiny ambiguous silhouette (9x21 px); insufficient pixel resolution to verify human instance.,ANTIGRAVITY_VISUAL_QA,2026-09-26T03:55:00+07:00
2939,CAND_002939,MEDIUM,ADD,0,person,train,WEB08448.jpg,"(0.79062500, 0.44044444, 0.05937500, 0.24688889)",None,Visible usable person instance (pedestrian/firefighter/civilian); tight accurate bounding box.,ANTIGRAVITY_VISUAL_QA,2026-09-26T03:55:00+07:00
2940,CAND_002940,MEDIUM,ADD,0,person,train,WEB08941.jpg,"(0.14549505, 0.54179167, 0.08287129, 0.13125000)",None,Visible usable person instance (pedestrian/firefighter/civilian); tight accurate bounding box.,ANTIGRAVITY_VISUAL_QA,2026-09-26T03:55:00+07:00
2942,CAND_002942,MEDIUM,ADD,0,person,val,WEB07664.jpg,"(0.27812245, 0.74065217, 0.02500000, 0.06934783)",None,Visible usable person instance (pedestrian/firefighter/civilian); tight accurate bounding box.,ANTIGRAVITY_VISUAL_QA,2026-09-26T03:55:00+07:00
2943,CAND_002943,MEDIUM,ADD,0,person,test,WEB11113.jpg,"(0.56796875, 0.66927083, 0.03671875, 0.14479167)",None,Visible usable person instance (pedestrian/firefighter/civilian); tight accurate bounding box.,ANTIGRAVITY_VISUAL_QA,2026-09-26T03:55:00+07:00
2946,CAND_002946,MEDIUM,ADD,0,person,train,WEB06781.jpg,"(0.86953125, 0.53515920, 0.03864583, 0.05156840)",None,Visible usable person instance (pedestrian/firefighter/civilian); tight accurate bounding box.,ANTIGRAVITY_VISUAL_QA,2026-09-26T03:55:00+07:00
2947,CAND_002947,MEDIUM,ADD,0,person,val,PublicDataset00923.jpg,"(0.47109375, 0.64258912, 0.01718750, 0.06919325)",None,Visible usable person instance (pedestrian/firefighter/civilian); tight accurate bounding box.,ANTIGRAVITY_VISUAL_QA,2026-09-26T03:55:00+07:00
2948,CAND_002948,MEDIUM,ADD,0,person,val,WEB07611.jpg,"(0.79218254, 0.68406780, 0.01874603, 0.07785311)",None,Visible usable person instance (pedestrian/firefighter/civilian); tight accurate bounding box.,ANTIGRAVITY_VISUAL_QA,2026-09-26T03:55:00+07:00
2951,CAND_002951,MEDIUM,ADD,0,person,train,WEB02656.jpg,"(0.85781667, 0.61563333, 0.02500000, 0.07500000)",None,Visible usable person instance (pedestrian/firefighter/civilian); tight accurate bounding box.,ANTIGRAVITY_VISUAL_QA,2026-09-26T03:55:00+07:00
2952,CAND_002952,MEDIUM,ADD,0,person,train,WEB05942.jpg,"(0.65859375, 0.20156944, 0.04531250, 0.18541667)",None,Visible usable person instance (pedestrian/firefighter/civilian); tight accurate bounding box.,ANTIGRAVITY_VISUAL_QA,2026-09-26T03:55:00+07:00
2953,CAND_002953,MEDIUM,ADD,0,person,train,WEB08433.jpg,"(0.07000000, 0.78611111, 0.04162500, 0.14722222)",None,Visible usable person instance (pedestrian/firefighter/civilian); tight accurate bounding box.,ANTIGRAVITY_VISUAL_QA,2026-09-26T03:55:00+07:00
2954,CAND_002954,MEDIUM,ADD,0,person,val,WEB01946.jpg,"(0.31992073, 0.75444162, 0.02735366, 0.12355330)",None,Visible usable person instance (pedestrian/firefighter/civilian); tight accurate bounding box.,ANTIGRAVITY_VISUAL_QA,2026-09-26T03:55:00+07:00
2955,CAND_002955,MEDIUM,ADJUST_BBOX,0,person,train,WEB08570.jpg,"(0.26333333, 0.94844444, 0.10617647, 0.10000000)","(0.26333333, 0.94922222, 0.10617647, 0.10155556)",Visible valid person instance at image boundary; coordinate clamped to frame edge.,ANTIGRAVITY_VISUAL_QA,2026-09-26T03:55:00+07:00
2956,CAND_002956,MEDIUM,ADD,0,person,train,WEB08861.jpg,"(0.79296875, 0.52916667, 0.02656250, 0.11388889)",None,Visible usable person instance (pedestrian/firefighter/civilian); tight accurate bounding box.,ANTIGRAVITY_VISUAL_QA,2026-09-26T03:55:00+07:00
2957,CAND_002957,MEDIUM,ADD,0,person,train,WEB08865.jpg,"(0.83280945, 0.83600605, 0.02500000, 0.10450832)",None,Visible usable person instance (pedestrian/firefighter/civilian); tight accurate bounding box.,ANTIGRAVITY_VISUAL_QA,2026-09-26T03:55:00+07:00
2958,CAND_002958,MEDIUM,ADD,0,person,train,WEB09318.jpg,"(0.47656250, 0.88423295, 0.02968750, 0.14488636)",None,Visible usable person instance (pedestrian/firefighter/civilian); tight accurate bounding box.,ANTIGRAVITY_VISUAL_QA,2026-09-26T03:55:00+07:00
2959,CAND_002959,MEDIUM,ADD,0,person,train,AoF02399.jpg,"(0.41679688, 0.17356944, 0.11875000, 0.33827778)",None,Visible usable person instance (pedestrian/firefighter/civilian); tight accurate bounding box.,ANTIGRAVITY_VISUAL_QA,2026-09-26T03:55:00+07:00
2961,CAND_002961,MEDIUM,ADD,0,person,train,WEB06335.jpg,"(0.77187914, 0.89895143, 0.02031457, 0.07083885)",None,Visible usable person instance (pedestrian/firefighter/civilian); tight accurate bounding box.,ANTIGRAVITY_VISUAL_QA,2026-09-26T03:55:00+07:00
2962,CAND_002962,MEDIUM,ADD,0,person,train,WEB02384.jpg,"(0.60585937, 0.57638889, 0.04218750, 0.34722222)",None,Visible usable person instance (pedestrian/firefighter/civilian); tight accurate bounding box.,ANTIGRAVITY_VISUAL_QA,2026-09-26T03:55:00+07:00
2963,CAND_002963,MEDIUM,ADD,0,person,train,WEB02897.jpg,"(0.97109595, 0.81703938, 0.05780809, 0.08642757)",None,Visible usable person instance (pedestrian/firefighter/civilian); tight accurate bounding box.,ANTIGRAVITY_VISUAL_QA,2026-09-26T03:55:00+07:00
2964,CAND_002964,MEDIUM,ADJUST_BBOX,0,person,train,WEB04071.jpg,"(0.94687738, 0.65214826, 0.10468631, 0.66520424)","(0.94726711, 0.65214826, 0.10546578, 0.66520424)",Visible valid person instance at image boundary; coordinate clamped to frame edge.,ANTIGRAVITY_VISUAL_QA,2026-09-26T03:55:00+07:00
2965,CAND_002965,MEDIUM,ADD,0,person,train,WEB04121.jpg,"(0.73632812, 0.54722222, 0.03046875, 0.11944444)",None,Visible usable person instance (pedestrian/firefighter/civilian); tight accurate bounding box.,ANTIGRAVITY_VISUAL_QA,2026-09-26T03:55:00+07:00
2966,CAND_002966,MEDIUM,ADD,0,person,train,WEB08438.jpg,"(0.13769531, 0.47152778, 0.02323438, 0.14166667)",None,Visible usable person instance (pedestrian/firefighter/civilian); tight accurate bounding box.,ANTIGRAVITY_VISUAL_QA,2026-09-26T03:55:00+07:00
2967,CAND_002967,MEDIUM,ADD,0,person,train,WEB08895.jpg,"(0.57421875, 0.54444444, 0.02031250, 0.06111111)",None,Visible usable person instance (pedestrian/firefighter/civilian); tight accurate bounding box.,ANTIGRAVITY_VISUAL_QA,2026-09-26T03:55:00+07:00
2969,CAND_002969,MEDIUM,ADJUST_BBOX,0,person,val,WEB03040.jpg,"(0.66718750, 0.81180556, 0.17656250, 0.36805556)","(0.66718750, 0.81388889, 0.17656250, 0.37222222)",Visible valid person instance at image boundary; coordinate clamped to frame edge.,ANTIGRAVITY_VISUAL_QA,2026-09-26T03:55:00+07:00
2970,CAND_002970,MEDIUM,ADD,0,person,test,WEB11749.jpg,"(0.71093750, 0.79166667, 0.03281250, 0.19444444)",None,Visible usable person instance (pedestrian/firefighter/civilian); tight accurate bounding box.,ANTIGRAVITY_VISUAL_QA,2026-09-26T03:55:00+07:00
2972,CAND_002972,MEDIUM,ADD,0,person,train,AoF03594.jpg,"(0.35371094, 0.25555556, 0.01523437, 0.06250000)",None,Visible usable person instance (pedestrian/firefighter/civilian); tight accurate bounding box.,ANTIGRAVITY_VISUAL_QA,2026-09-26T03:55:00+07:00
2974,CAND_002974,MEDIUM,ADD,0,person,train,WEB07753.jpg,"(0.31483750, 0.48627002, 0.02187500, 0.10581236)",None,Visible usable person instance (pedestrian/firefighter/civilian); tight accurate bounding box.,ANTIGRAVITY_VISUAL_QA,2026-09-26T03:55:00+07:00
2975,CAND_002975,MEDIUM,ADD,0,person,train,WEB07947.jpg,"(0.34882812, 0.75833333, 0.03281250, 0.16388889)",None,Visible usable person instance (pedestrian/firefighter/civilian); tight accurate bounding box.,ANTIGRAVITY_VISUAL_QA,2026-09-26T03:55:00+07:00
2976,CAND_002976,MEDIUM,ADD,0,person,train,WEB08921.jpg,"(0.28750000, 0.75000000, 0.14843750, 0.46306818)",None,Visible usable person instance (pedestrian/firefighter/civilian); tight accurate bounding box.,ANTIGRAVITY_VISUAL_QA,2026-09-26T03:55:00+07:00
2977,CAND_002977,MEDIUM,ADD,0,person,train,WEB09288.jpg,"(0.93437963, 0.55897222, 0.04375926, 0.16172222)",None,Visible usable person instance (pedestrian/firefighter/civilian); tight accurate bounding box.,ANTIGRAVITY_VISUAL_QA,2026-09-26T03:55:00+07:00
2978,CAND_002978,MEDIUM,ADD,0,person,train,WEB09349.jpg,"(0.40390625, 0.62642045, 0.02578125, 0.06250000)",None,Visible usable person instance (pedestrian/firefighter/civilian); tight accurate bounding box.,ANTIGRAVITY_VISUAL_QA,2026-09-26T03:55:00+07:00
2979,CAND_002979,MEDIUM,ADD,0,person,train,WEB09898.jpg,"(0.68945312, 0.57222222, 0.03437500, 0.17222222)",None,Visible usable person instance (pedestrian/firefighter/civilian); tight accurate bounding box.,ANTIGRAVITY_VISUAL_QA,2026-09-26T03:55:00+07:00
2980,CAND_002980,MEDIUM,ADD,0,person,val,PublicDataset01018.jpg,"(0.97264881, 0.65210586, 0.02812500, 0.11587838)",None,Visible usable person instance (pedestrian/firefighter/civilian); tight accurate bounding box.,ANTIGRAVITY_VISUAL_QA,2026-09-26T03:55:00+07:00
2981,CAND_002981,MEDIUM,ADD,0,person,test,WEB11052.jpg,"(0.41796875, 0.60208333, 0.05156250, 0.14166667)",None,Visible usable person instance (pedestrian/firefighter/civilian); tight accurate bounding box.,ANTIGRAVITY_VISUAL_QA,2026-09-26T03:55:00+07:00
2983,CAND_002983,MEDIUM,ADD,0,person,train,WEB06286.jpg,"(0.07446094, 0.90104167, 0.11357813, 0.18333333)",None,Visible usable person instance (pedestrian/firefighter/civilian); tight accurate bounding box.,ANTIGRAVITY_VISUAL_QA,2026-09-26T03:55:00+07:00
2984,CAND_002984,MEDIUM,ADD,0,person,train,WEB07195.jpg,"(0.49062500, 0.44375000, 0.06562500, 0.25277778)",None,Visible usable person instance (pedestrian/firefighter/civilian); tight accurate bounding box.,ANTIGRAVITY_VISUAL_QA,2026-09-26T03:55:00+07:00
2985,CAND_002985,MEDIUM,REJECT,0,person,test,WEB10391.jpg,"(0.95781250, 0.47320644, 0.00937500, 0.04685212)",None,Tiny ambiguous silhouette (9x32 px); insufficient pixel resolution to verify human instance.,ANTIGRAVITY_VISUAL_QA,2026-09-26T03:55:00+07:00
2987,CAND_002987,MEDIUM,ADD,0,person,train,WEB05317.jpg,"(0.63671875, 0.85902778, 0.04375000, 0.20416667)",None,Visible usable person instance (pedestrian/firefighter/civilian); tight accurate bounding box.,ANTIGRAVITY_VISUAL_QA,2026-09-26T03:55:00+07:00
2988,CAND_002988,MEDIUM,ADD,0,person,train,WEB06786.jpg,"(0.09592708, 0.57813090, 0.08006250, 0.10312500)",None,Visible usable person instance (pedestrian/firefighter/civilian); tight accurate bounding box.,ANTIGRAVITY_VISUAL_QA,2026-09-26T03:55:00+07:00
2989,CAND_002989,MEDIUM,ADD,0,person,train,WEB07308.jpg,"(0.13965000, 0.84256959, 0.04141429, 0.15340471)",None,Visible usable person instance (pedestrian/firefighter/civilian); tight accurate bounding box.,ANTIGRAVITY_VISUAL_QA,2026-09-26T03:55:00+07:00
2990,CAND_002990,MEDIUM,ADD,0,person,train,WEB08448.jpg,"(0.40390625, 0.47500000, 0.03750000, 0.18055556)",None,Visible usable person instance (pedestrian/firefighter/civilian); tight accurate bounding box.,ANTIGRAVITY_VISUAL_QA,2026-09-26T03:55:00+07:00
2991,CAND_002991,MEDIUM,ADD,0,person,train,WEB03135.jpg,"(0.24531250, 0.52638889, 0.05468750, 0.11944444)",None,Visible usable person instance (pedestrian/firefighter/civilian); tight accurate bounding box.,ANTIGRAVITY_VISUAL_QA,2026-09-26T03:55:00+07:00
2992,CAND_002992,MEDIUM,ADD,0,person,train,WEB06786.jpg,"(0.87436458, 0.55156250, 0.05106250, 0.08281840)",None,Visible usable person instance (pedestrian/firefighter/civilian); tight accurate bounding box.,ANTIGRAVITY_VISUAL_QA,2026-09-26T03:55:00+07:00
2993,CAND_002993,MEDIUM,ADD,0,person,train,WEB07909.jpg,"(0.51992187, 0.64687500, 0.01640625, 0.07812500)",None,Visible usable person instance (pedestrian/firefighter/civilian); tight accurate bounding box.,ANTIGRAVITY_VISUAL_QA,2026-09-26T03:55:00+07:00
2996,CAND_002996,MEDIUM,ADD,0,person,test,WEB10223.jpg,"(0.82187440, 0.74906706, 0.01874396, 0.07778426)",None,Visible usable person instance (pedestrian/firefighter/civilian); tight accurate bounding box.,ANTIGRAVITY_VISUAL_QA,2026-09-26T03:55:00+07:00
2997,CAND_002997,MEDIUM,ADD,0,person,test,WEB11120.jpg,"(0.51875000, 0.60972222, 0.02031250, 0.08333333)",None,Visible usable person instance (pedestrian/firefighter/civilian); tight accurate bounding box.,ANTIGRAVITY_VISUAL_QA,2026-09-26T03:55:00+07:00
2999,CAND_002999,MEDIUM,ADD,0,person,train,WEB03482.jpg,"(0.35781429, 0.74769231, 0.03359048, 0.16191582)",None,Visible usable person instance (pedestrian/firefighter/civilian); tight accurate bounding box.,ANTIGRAVITY_VISUAL_QA,2026-09-26T03:55:00+07:00
3000,CAND_003000,MEDIUM,ADD,0,person,train,WEB03920.jpg,"(0.30957031, 0.51111111, 0.02578125, 0.09166667)",None,Visible usable person instance (pedestrian/firefighter/civilian); tight accurate bounding box.,ANTIGRAVITY_VISUAL_QA,2026-09-26T03:55:00+07:00
3001,CAND_003001,MEDIUM,ADD,0,person,train,WEB03930.jpg,"(0.30039063, 0.38072917, 0.04453125, 0.19687500)",None,Visible usable person instance (pedestrian/firefighter/civilian); tight accurate bounding box.,ANTIGRAVITY_VISUAL_QA,2026-09-26T03:55:00+07:00
3003,CAND_003003,MEDIUM,ADD,0,person,train,WEB06781.jpg,"(0.07453125, 0.57968750, 0.04693750, 0.07656840)",None,Visible usable person instance (pedestrian/firefighter/civilian); tight accurate bounding box.,ANTIGRAVITY_VISUAL_QA,2026-09-26T03:55:00+07:00
3006,CAND_003006,MEDIUM,ADD,0,person,train,WEB09034.jpg,"(0.53125000, 0.45138889, 0.02031250, 0.07777778)",None,Visible usable person instance (pedestrian/firefighter/civilian); tight accurate bounding box.,ANTIGRAVITY_VISUAL_QA,2026-09-26T03:55:00+07:00
3007,CAND_003007,MEDIUM,ADD,0,person,val,WEB03941.jpg,"(0.56015625, 0.50000000, 0.05312500, 0.23055556)",None,Visible usable person instance (pedestrian/firefighter/civilian); tight accurate bounding box.,ANTIGRAVITY_VISUAL_QA,2026-09-26T03:55:00+07:00
3008,CAND_003008,MEDIUM,ADD,0,person,val,WEB07217.jpg,"(0.72812500, 0.67222222, 0.06562500, 0.25555556)",None,Visible usable person instance (pedestrian/firefighter/civilian); tight accurate bounding box.,ANTIGRAVITY_VISUAL_QA,2026-09-26T03:55:00+07:00
3009,CAND_003009,MEDIUM,ADD,0,person,val,WEB08962.jpg,"(0.06586719, 0.77668539, 0.02773437, 0.10112360)",None,Visible usable person instance (pedestrian/firefighter/civilian); tight accurate bounding box.,ANTIGRAVITY_VISUAL_QA,2026-09-26T03:55:00+07:00
3010,CAND_003010,MEDIUM,ADD,0,person,val,WEB08994.jpg,"(0.50156250, 0.62206297, 0.07655833, 0.26433271)",None,Visible usable person instance (pedestrian/firefighter/civilian); tight accurate bounding box.,ANTIGRAVITY_VISUAL_QA,2026-09-26T03:55:00+07:00
3011,CAND_003011,MEDIUM,ADD,0,person,train,PublicDataset00890.jpg,"(0.89062500, 0.68283758, 0.04375000, 0.20420208)",None,Visible usable person instance (pedestrian/firefighter/civilian); tight accurate bounding box.,ANTIGRAVITY_VISUAL_QA,2026-09-26T03:55:00+07:00
3012,CAND_003012,MEDIUM,ADD,0,person,train,WEB01412.jpg,"(0.91171875, 0.92638889, 0.02968750, 0.08750000)",None,Visible usable person instance (pedestrian/firefighter/civilian); tight accurate bounding box.,ANTIGRAVITY_VISUAL_QA,2026-09-26T03:55:00+07:00
3013,CAND_003013,MEDIUM,REJECT,0,person,train,WEB06573.jpg,"(0.10800806, 0.97500000, 0.01250000, 0.05000000)",None,"Unusable extreme frame edge truncation (1.2%w x 5.0%h, aspect=3.00) showing only marginal body sliver.",ANTIGRAVITY_VISUAL_QA,2026-09-26T03:55:00+07:00
3014,CAND_003014,MEDIUM,ADD,0,person,train,WEB09249.jpg,"(0.13789062, 0.65571848, 0.02148438, 0.07272727)",None,Visible usable person instance (pedestrian/firefighter/civilian); tight accurate bounding box.,ANTIGRAVITY_VISUAL_QA,2026-09-26T03:55:00+07:00
3015,CAND_003015,MEDIUM,ADD,0,person,val,WEB07295.jpg,"(0.29668548, 0.47743553, 0.03008065, 0.16656160)",None,Visible usable person instance (pedestrian/firefighter/civilian); tight accurate bounding box.,ANTIGRAVITY_VISUAL_QA,2026-09-26T03:55:00+07:00
3016,CAND_003016,MEDIUM,ADD,0,person,val,WEB07601.jpg,"(0.09179632, 0.74778598, 0.01640737, 0.06760148)",None,Visible usable person instance (pedestrian/firefighter/civilian); tight accurate bounding box.,ANTIGRAVITY_VISUAL_QA,2026-09-26T03:55:00+07:00
3017,CAND_003017,MEDIUM,ADD,0,person,test,WEB11196.jpg,"(0.97812500, 0.43055556, 0.04375000, 0.27777778)",None,Visible usable person instance (pedestrian/firefighter/civilian); tight accurate bounding box.,ANTIGRAVITY_VISUAL_QA,2026-09-26T03:55:00+07:00
3018,CAND_003018,MEDIUM,ADD,0,person,train,PublicDataset00865.jpg,"(0.46445625, 0.61971831, 0.02343750, 0.15492958)",None,Visible usable person instance (pedestrian/firefighter/civilian); tight accurate bounding box.,ANTIGRAVITY_VISUAL_QA,2026-09-26T03:55:00+07:00
3019,CAND_003019,MEDIUM,ADD,0,person,train,WEB03482.jpg,"(0.38554762, 0.77031205, 0.03827619, 0.19049347)",None,Visible usable person instance (pedestrian/firefighter/civilian); tight accurate bounding box.,ANTIGRAVITY_VISUAL_QA,2026-09-26T03:55:00+07:00
3020,CAND_003020,MEDIUM,ADD,0,person,train,WEB03850.jpg,"(0.25253906, 0.74236111, 0.03320312, 0.12916667)",None,Visible usable person instance (pedestrian/firefighter/civilian); tight accurate bounding box.,ANTIGRAVITY_VISUAL_QA,2026-09-26T03:55:00+07:00
3021,CAND_003021,MEDIUM,ADD,0,person,train,WEB03931.jpg,"(0.40224609, 0.42100694, 0.05800781, 0.26354167)",None,Visible usable person instance (pedestrian/firefighter/civilian); tight accurate bounding box.,ANTIGRAVITY_VISUAL_QA,2026-09-26T03:55:00+07:00
3022,CAND_003022,MEDIUM,ADD,0,person,train,WEB06259.jpg,"(0.31757812, 0.59791667, 0.03671875, 0.18750000)",None,Visible usable person instance (pedestrian/firefighter/civilian); tight accurate bounding box.,ANTIGRAVITY_VISUAL_QA,2026-09-26T03:55:00+07:00
3024,CAND_003024,MEDIUM,ADD,0,person,train,WEB07203.jpg,"(0.30527344, 0.48472222, 0.04921875, 0.27777778)",None,Visible usable person instance (pedestrian/firefighter/civilian); tight accurate bounding box.,ANTIGRAVITY_VISUAL_QA,2026-09-26T03:55:00+07:00
3025,CAND_003025,MEDIUM,ADD,0,person,val,PublicDataset01037.jpg,"(0.81270000, 0.92794393, 0.04960000, 0.14411215)",None,Visible usable person instance (pedestrian/firefighter/civilian); tight accurate bounding box.,ANTIGRAVITY_VISUAL_QA,2026-09-26T03:55:00+07:00
3026,CAND_003026,MEDIUM,ADD,0,person,val,WEB07295.jpg,"(0.14413710, 0.49131805, 0.04414516, 0.19707736)",None,Visible usable person instance (pedestrian/firefighter/civilian); tight accurate bounding box.,ANTIGRAVITY_VISUAL_QA,2026-09-26T03:55:00+07:00
3027,CAND_003027,MEDIUM,ADD,0,person,test,WEB10117.jpg,"(0.42812500, 0.67187500, 0.02656250, 0.05937500)",None,Visible usable person instance (pedestrian/firefighter/civilian); tight accurate bounding box.,ANTIGRAVITY_VISUAL_QA,2026-09-26T03:55:00+07:00
3028,CAND_003028,MEDIUM,ADD,0,person,train,AoF02400.jpg,"(0.41757813, 0.17356944, 0.11875000, 0.33827778)",None,Visible usable person instance (pedestrian/firefighter/civilian); tight accurate bounding box.,ANTIGRAVITY_VISUAL_QA,2026-09-26T03:55:00+07:00
3029,CAND_003029,MEDIUM,ADD,0,person,train,WEB07955.jpg,"(0.39414332, 0.87153257, 0.02656250, 0.16528736)",None,Visible usable person instance (pedestrian/firefighter/civilian); tight accurate bounding box.,ANTIGRAVITY_VISUAL_QA,2026-09-26T03:55:00+07:00
3030,CAND_003030,MEDIUM,ADD,0,person,train,WEB09296.jpg,"(0.26635468, 0.48827778, 0.03463054, 0.05077778)",None,Visible usable person instance (pedestrian/firefighter/civilian); tight accurate bounding box.,ANTIGRAVITY_VISUAL_QA,2026-09-26T03:55:00+07:00
3031,CAND_003031,MEDIUM,ADD,0,person,val,WEB08962.jpg,"(0.22929688, 0.71769663, 0.04687500, 0.09269663)",None,Visible usable person instance (pedestrian/firefighter/civilian); tight accurate bounding box.,ANTIGRAVITY_VISUAL_QA,2026-09-26T03:55:00+07:00
3032,CAND_003032,MEDIUM,ADJUST_BBOX,0,person,train,PublicDataset00337.jpg,"(0.83202083, 0.78176389, 0.33437500, 0.41563889)","(0.83241667, 0.78176389, 0.33516667, 0.41563889)",Visible valid person instance at image boundary; coordinate clamped to frame edge.,ANTIGRAVITY_VISUAL_QA,2026-09-26T03:55:00+07:00
3033,CAND_003033,MEDIUM,ADD,0,person,train,PublicDataset00981.jpg,"(0.16738750, 0.57615819, 0.05312500, 0.17419962)",None,Visible usable person instance (pedestrian/firefighter/civilian); tight accurate bounding box.,ANTIGRAVITY_VISUAL_QA,2026-09-26T03:55:00+07:00
3034,CAND_003034,MEDIUM,ADD,0,person,train,WEB03948.jpg,"(0.09101563, 0.46250000, 0.03690625, 0.15694444)",None,Visible usable person instance (pedestrian/firefighter/civilian); tight accurate bounding box.,ANTIGRAVITY_VISUAL_QA,2026-09-26T03:55:00+07:00
3035,CAND_003035,MEDIUM,ADD,0,person,train,WEB07215.jpg,"(0.49140625, 0.44583333, 0.04843750, 0.20277778)",None,Visible usable person instance (pedestrian/firefighter/civilian); tight accurate bounding box.,ANTIGRAVITY_VISUAL_QA,2026-09-26T03:55:00+07:00
3036,CAND_003036,MEDIUM,REJECT,0,person,train,WEB08748.jpg,"(0.50735294, 0.49062500, 0.03588235, 0.05780556)",None,Tiny ambiguous silhouette (7x20 px); insufficient pixel resolution to verify human instance.,ANTIGRAVITY_VISUAL_QA,2026-09-26T03:55:00+07:00
3038,CAND_003038,MEDIUM,ADJUST_BBOX,0,person,train,PublicDataset00340.jpg,"(0.83202083, 0.77916667, 0.33437500, 0.41455556)","(0.83241667, 0.77916667, 0.33516667, 0.41455556)",Visible valid person instance at image boundary; coordinate clamped to frame edge.,ANTIGRAVITY_VISUAL_QA,2026-09-26T03:55:00+07:00
3041,CAND_003041,MEDIUM,ADD,0,person,train,WEB07973.jpg,"(0.07426875, 0.46677950, 0.08936250, 0.39379110)",None,Visible usable person instance (pedestrian/firefighter/civilian); tight accurate bounding box.,ANTIGRAVITY_VISUAL_QA,2026-09-26T03:55:00+07:00
3042,CAND_003042,MEDIUM,ADD,0,person,val,WEB07218.jpg,"(0.72031250, 0.53611111, 0.03750000, 0.19861111)",None,Visible usable person instance (pedestrian/firefighter/civilian); tight accurate bounding box.,ANTIGRAVITY_VISUAL_QA,2026-09-26T03:55:00+07:00
3043,CAND_003043,MEDIUM,ADD,0,person,test,WEB11447.jpg,"(0.44568750, 0.58125000, 0.29687500, 0.20862500)",None,Visible usable person instance (pedestrian/firefighter/civilian); tight accurate bounding box.,ANTIGRAVITY_VISUAL_QA,2026-09-26T03:55:00+07:00
3044,CAND_003044,MEDIUM,ADD,0,person,train,WEB05411.jpg,"(0.23398437, 0.69722222, 0.02500000, 0.10972222)",None,Visible usable person instance (pedestrian/firefighter/civilian); tight accurate bounding box.,ANTIGRAVITY_VISUAL_QA,2026-09-26T03:55:00+07:00
3045,CAND_003045,MEDIUM,ADD,0,person,train,WEB07213.jpg,"(0.49687500, 0.45694444, 0.04375000, 0.20138889)",None,Visible usable person instance (pedestrian/firefighter/civilian); tight accurate bounding box.,ANTIGRAVITY_VISUAL_QA,2026-09-26T03:55:00+07:00
3046,CAND_003046,MEDIUM,REJECT,0,person,val,WEB02813.jpg,"(0.71640625, 0.69947917, 0.01328125, 0.04479167)",None,Tiny ambiguous silhouette (8x21 px); insufficient pixel resolution to verify human instance.,ANTIGRAVITY_VISUAL_QA,2026-09-26T03:55:00+07:00
3047,CAND_003047,MEDIUM,ADD,0,person,train,PublicDataset00883.jpg,"(0.64635417, 0.58476562, 0.04062500, 0.09453125)",None,Visible usable person instance (pedestrian/firefighter/civilian); tight accurate bounding box.,ANTIGRAVITY_VISUAL_QA,2026-09-26T03:55:00+07:00
3048,CAND_003048,MEDIUM,ADD,0,person,train,WEB02918.jpg,"(0.16806743, 0.84960826, 0.02422602, 0.13594017)",None,Visible usable person instance (pedestrian/firefighter/civilian); tight accurate bounding box.,ANTIGRAVITY_VISUAL_QA,2026-09-26T03:55:00+07:00
3049,CAND_003049,MEDIUM,ADD,0,person,train,WEB05572.jpg,"(0.95648958, 0.42978774, 0.08006250, 0.21386792)",None,Visible usable person instance (pedestrian/firefighter/civilian); tight accurate bounding box.,ANTIGRAVITY_VISUAL_QA,2026-09-26T03:55:00+07:00
3050,CAND_003050,MEDIUM,ADD,0,person,train,WEB07191.jpg,"(0.10214844, 0.43472222, 0.02265625, 0.09444444)",None,Visible usable person instance (pedestrian/firefighter/civilian); tight accurate bounding box.,ANTIGRAVITY_VISUAL_QA,2026-09-26T03:55:00+07:00
3051,CAND_003051,MEDIUM,ADD,0,person,train,WEB07210.jpg,"(0.32578125, 0.44513889, 0.02421875, 0.09305556)",None,Visible usable person instance (pedestrian/firefighter/civilian); tight accurate bounding box.,ANTIGRAVITY_VISUAL_QA,2026-09-26T03:55:00+07:00
3052,CAND_003052,MEDIUM,ADD,0,person,train,WEB07722.jpg,"(0.05717727, 0.83438611, 0.08477273, 0.31652666)",None,Visible usable person instance (pedestrian/firefighter/civilian); tight accurate bounding box.,ANTIGRAVITY_VISUAL_QA,2026-09-26T03:55:00+07:00
3053,CAND_003053,MEDIUM,ADD,0,person,train,WEB08985.jpg,"(0.80234500, 0.72712349, 0.01407000, 0.05412651)",None,Visible usable person instance (pedestrian/firefighter/civilian); tight accurate bounding box.,ANTIGRAVITY_VISUAL_QA,2026-09-26T03:55:00+07:00
3054,CAND_003054,MEDIUM,ADJUST_BBOX,0,person,train,WEB06028.jpg,"(0.87500789, 0.93118947, 0.07500000, 0.13555789)","(0.87500789, 0.93170526, 0.07500000, 0.13658947)",Visible valid person instance at image boundary; coordinate clamped to frame edge.,ANTIGRAVITY_VISUAL_QA,2026-09-26T03:55:00+07:00
3055,CAND_003055,MEDIUM,ADD,0,person,train,WEB07241.jpg,"(0.84687500, 0.94652778, 0.02812500, 0.10694444)",None,Visible usable person instance (pedestrian/firefighter/civilian); tight accurate bounding box.,ANTIGRAVITY_VISUAL_QA,2026-09-26T03:55:00+07:00
3056,CAND_003056,MEDIUM,ADD,0,person,train,WEB08421.jpg,"(0.61640625, 0.57708333, 0.04687500, 0.25000000)",None,Visible usable person instance (pedestrian/firefighter/civilian); tight accurate bounding box.,ANTIGRAVITY_VISUAL_QA,2026-09-26T03:55:00+07:00
3057,CAND_003057,MEDIUM,ADD,0,person,train,WEB09375.jpg,"(0.54453125, 0.50277778, 0.02578125, 0.10833333)",None,Visible usable person instance (pedestrian/firefighter/civilian); tight accurate bounding box.,ANTIGRAVITY_VISUAL_QA,2026-09-26T03:55:00+07:00
3058,CAND_003058,MEDIUM,ADD,0,person,val,WEB08958.jpg,"(0.37910156, 0.75983146, 0.05273438, 0.31741573)",None,Visible usable person instance (pedestrian/firefighter/civilian); tight accurate bounding box.,ANTIGRAVITY_VISUAL_QA,2026-09-26T03:55:00+07:00
3059,CAND_003059,MEDIUM,ADD,0,person,train,WEB01154.jpg,"(0.35000000, 0.85277778, 0.05703125, 0.19583333)",None,Visible usable person instance (pedestrian/firefighter/civilian); tight accurate bounding box.,ANTIGRAVITY_VISUAL_QA,2026-09-26T03:55:00+07:00
3062,CAND_003062,MEDIUM,REJECT,0,person,train,WEB06349.jpg,"(0.00867500, 0.56487696, 0.01730000, 0.10487696)",None,"Unusable extreme frame edge truncation (1.7%w x 10.5%h, aspect=3.39) showing only marginal body sliver.",ANTIGRAVITY_VISUAL_QA,2026-09-26T03:55:00+07:00
3063,CAND_003063,MEDIUM,ADD,0,person,train,WEB08841.jpg,"(0.18955469, 0.47361111, 0.02051562, 0.09722222)",None,Visible usable person instance (pedestrian/firefighter/civilian); tight accurate bounding box.,ANTIGRAVITY_VISUAL_QA,2026-09-26T03:55:00+07:00
3065,CAND_003065,MEDIUM,ADD,0,person,test,WEB10035.jpg,"(0.16933683, 0.82591108, 0.02539122, 0.24706997)",None,Visible usable person instance (pedestrian/firefighter/civilian); tight accurate bounding box.,ANTIGRAVITY_VISUAL_QA,2026-09-26T03:55:00+07:00
3067,CAND_003067,MEDIUM,ADD,0,person,test,WEB11805.jpg,"(0.63359375, 0.70053191, 0.16639583, 0.34148936)",None,Visible usable person instance (pedestrian/firefighter/civilian); tight accurate bounding box.,ANTIGRAVITY_VISUAL_QA,2026-09-26T03:55:00+07:00
3068,CAND_003068,MEDIUM,ADD,0,person,val,WEB07218.jpg,"(0.75585938, 0.47777778, 0.01953125, 0.08611111)",None,Visible usable person instance (pedestrian/firefighter/civilian); tight accurate bounding box.,ANTIGRAVITY_VISUAL_QA,2026-09-26T03:55:00+07:00
3069,CAND_003069,MEDIUM,ADD,0,person,val,WEB07780.jpg,"(0.40780830, 0.70853676, 0.04921856, 0.18819118)",None,Visible usable person instance (pedestrian/firefighter/civilian); tight accurate bounding box.,ANTIGRAVITY_VISUAL_QA,2026-09-26T03:55:00+07:00
3070,CAND_003070,MEDIUM,ADD,0,person,test,WEB11372.jpg,"(0.48828125, 0.64583333, 0.05156250, 0.23333333)",None,Visible usable person instance (pedestrian/firefighter/civilian); tight accurate bounding box.,ANTIGRAVITY_VISUAL_QA,2026-09-26T03:55:00+07:00
3072,CAND_003072,MEDIUM,ADJUST_BBOX,0,person,test,WEB11795.jpg,"(0.24648438, 0.04895833, 0.05000000, 0.09513889)","(0.24648438, 0.04826389, 0.05000000, 0.09652778)",Visible valid person instance at image boundary; coordinate clamped to frame edge.,ANTIGRAVITY_VISUAL_QA,2026-09-26T03:55:00+07:00
3075,CAND_003075,MEDIUM,ADD,0,person,train,WEB03482.jpg,"(0.25702857, 0.77507257, 0.05937143, 0.18811321)",None,Visible usable person instance (pedestrian/firefighter/civilian); tight accurate bounding box.,ANTIGRAVITY_VISUAL_QA,2026-09-26T03:55:00+07:00
3076,CAND_003076,MEDIUM,ADD,0,person,train,WEB03928.jpg,"(0.55468750, 0.35711806, 0.04062500, 0.28020833)",None,Visible usable person instance (pedestrian/firefighter/civilian); tight accurate bounding box.,ANTIGRAVITY_VISUAL_QA,2026-09-26T03:55:00+07:00
3077,CAND_003077,MEDIUM,ADD,0,person,train,WEB07180.jpg,"(0.18886951, 0.33043142, 0.08202842, 0.43745575)",None,Visible usable person instance (pedestrian/firefighter/civilian); tight accurate bounding box.,ANTIGRAVITY_VISUAL_QA,2026-09-26T03:55:00+07:00
3078,CAND_003078,MEDIUM,ADD,0,person,train,WEB08196.jpg,"(0.56210938, 0.85625000, 0.02734375, 0.15535714)",None,Visible usable person instance (pedestrian/firefighter/civilian); tight accurate bounding box.,ANTIGRAVITY_VISUAL_QA,2026-09-26T03:55:00+07:00
3080,CAND_003080,MEDIUM,ADD,0,person,train,WEB08438.jpg,"(0.28046875, 0.47569444, 0.02734375, 0.17361111)",None,Visible usable person instance (pedestrian/firefighter/civilian); tight accurate bounding box.,ANTIGRAVITY_VISUAL_QA,2026-09-26T03:55:00+07:00
3082,CAND_003082,MEDIUM,ADD,0,person,val,WEB04287.jpg,"(0.08598259, 0.58216698, 0.16201493, 0.45018762)",None,Visible usable person instance (pedestrian/firefighter/civilian); tight accurate bounding box.,ANTIGRAVITY_VISUAL_QA,2026-09-26T03:55:00+07:00
3083,CAND_003083,MEDIUM,ADD,0,person,val,WEB07217.jpg,"(0.82812500, 0.64583333, 0.03437500, 0.18611111)",None,Visible usable person instance (pedestrian/firefighter/civilian); tight accurate bounding box.,ANTIGRAVITY_VISUAL_QA,2026-09-26T03:55:00+07:00
3084,CAND_003084,MEDIUM,ADD,0,person,test,WEB10473.jpg,"(0.22812500, 0.38541667, 0.02460937, 0.12916667)",None,Visible usable person instance (pedestrian/firefighter/civilian); tight accurate bounding box.,ANTIGRAVITY_VISUAL_QA,2026-09-26T03:55:00+07:00
3086,CAND_003086,MEDIUM,ADD,0,person,train,WEB03814.jpg,"(0.40078125, 0.78611111, 0.03203125, 0.12777778)",None,Visible usable person instance (pedestrian/firefighter/civilian); tight accurate bounding box.,ANTIGRAVITY_VISUAL_QA,2026-09-26T03:55:00+07:00
3087,CAND_003087,MEDIUM,ADD,0,person,train,WEB08712.jpg,"(0.69101415, 0.85848611, 0.02891509, 0.14352778)",None,Visible usable person instance (pedestrian/firefighter/civilian); tight accurate bounding box.,ANTIGRAVITY_VISUAL_QA,2026-09-26T03:55:00+07:00
3088,CAND_003088,MEDIUM,ADD,0,person,test,PublicDataset01300.jpg,"(0.72812500, 0.81270000, 0.02031667, 0.08085000)",None,Visible usable person instance (pedestrian/firefighter/civilian); tight accurate bounding box.,ANTIGRAVITY_VISUAL_QA,2026-09-26T03:55:00+07:00
3089,CAND_003089,MEDIUM,ADD,0,person,test,WEB10459.jpg,"(0.01460426, 0.87617202, 0.02235921, 0.14943289)",None,Visible usable person instance (pedestrian/firefighter/civilian); tight accurate bounding box.,ANTIGRAVITY_VISUAL_QA,2026-09-26T03:55:00+07:00
3090,CAND_003090,MEDIUM,ADJUST_BBOX,0,person,test,WEB11439.jpg,"(0.40351562, 0.86684783, 0.08281250, 0.26358696)","(0.40351562, 0.86752717, 0.08281250, 0.26494565)",Visible valid person instance at image boundary; coordinate clamped to frame edge.,ANTIGRAVITY_VISUAL_QA,2026-09-26T03:55:00+07:00
3092,CAND_003092,MEDIUM,ADD,0,person,train,WEB03482.jpg,"(0.46328095, 0.76018868, 0.02968571, 0.15715530)",None,Visible usable person instance (pedestrian/firefighter/civilian); tight accurate bounding box.,ANTIGRAVITY_VISUAL_QA,2026-09-26T03:55:00+07:00
3094,CAND_003094,MEDIUM,ADD,0,person,train,WEB07928.jpg,"(0.74140625, 0.53593750, 0.03125000, 0.08020833)",None,Visible usable person instance (pedestrian/firefighter/civilian); tight accurate bounding box.,ANTIGRAVITY_VISUAL_QA,2026-09-26T03:55:00+07:00
3096,CAND_003096,MEDIUM,ADD,0,person,train,WEB01410.jpg,"(0.93906250, 0.91250000, 0.03437500, 0.10000000)",None,Visible usable person instance (pedestrian/firefighter/civilian); tight accurate bounding box.,ANTIGRAVITY_VISUAL_QA,2026-09-26T03:55:00+07:00
3097,CAND_003097,MEDIUM,ADD,0,person,train,WEB03178.jpg,"(0.27969072, 0.90741158, 0.06484536, 0.18517685)",None,Visible usable person instance (pedestrian/firefighter/civilian); tight accurate bounding box.,ANTIGRAVITY_VISUAL_QA,2026-09-26T03:55:00+07:00
3098,CAND_003098,MEDIUM,REJECT,0,person,train,WEB03499.jpg,"(0.32890744, 0.67766949, 0.01094466, 0.02313559)",None,Tiny ambiguous silhouette (11x16 px); insufficient pixel resolution to verify human instance.,ANTIGRAVITY_VISUAL_QA,2026-09-26T03:55:00+07:00
3099,CAND_003099,MEDIUM,ADD,0,person,train,WEB03828.jpg,"(0.44257812, 0.72569444, 0.04375000, 0.15833333)",None,Visible usable person instance (pedestrian/firefighter/civilian); tight accurate bounding box.,ANTIGRAVITY_VISUAL_QA,2026-09-26T03:55:00+07:00
3100,CAND_003100,MEDIUM,ADD,0,person,train,WEB06242.jpg,"(0.08481250, 0.78490000, 0.01757500, 0.05833333)",None,Visible usable person instance (pedestrian/firefighter/civilian); tight accurate bounding box.,ANTIGRAVITY_VISUAL_QA,2026-09-26T03:55:00+07:00
3101,CAND_003101,MEDIUM,ADD,0,person,train,WEB09393.jpg,"(0.81386719, 0.64630682, 0.06914062, 0.29971591)",None,Visible usable person instance (pedestrian/firefighter/civilian); tight accurate bounding box.,ANTIGRAVITY_VISUAL_QA,2026-09-26T03:55:00+07:00
3103,CAND_003103,MEDIUM,ADJUST_BBOX,0,person,train,WEB07472.jpg,"(0.79765625, 0.93765586, 0.07343750, 0.12219451)","(0.79765625, 0.93827930, 0.07343750, 0.12344140)",Visible valid person instance at image boundary; coordinate clamped to frame edge.,ANTIGRAVITY_VISUAL_QA,2026-09-26T03:55:00+07:00
3104,CAND_003104,MEDIUM,ADD,0,person,train,WEB08422.jpg,"(0.35664062, 0.66527778, 0.10078125, 0.33888889)",None,Visible usable person instance (pedestrian/firefighter/civilian); tight accurate bounding box.,ANTIGRAVITY_VISUAL_QA,2026-09-26T03:55:00+07:00
3105,CAND_003105,MEDIUM,ADD,0,person,train,WEB08863.jpg,"(0.51250000, 0.47916667, 0.02500000, 0.10833333)",None,Visible usable person instance (pedestrian/firefighter/civilian); tight accurate bounding box.,ANTIGRAVITY_VISUAL_QA,2026-09-26T03:55:00+07:00
3107,CAND_003107,MEDIUM,ADD,0,person,val,PublicDataset00923.jpg,"(0.37851250, 0.63908068, 0.01797500, 0.07035647)",None,Visible usable person instance (pedestrian/firefighter/civilian); tight accurate bounding box.,ANTIGRAVITY_VISUAL_QA,2026-09-26T03:55:00+07:00
3108,CAND_003108,MEDIUM,ADD,0,person,val,WEB06497.jpg,"(0.79296875, 0.60520833, 0.01562500, 0.04895833)",None,Visible usable person instance (pedestrian/firefighter/civilian); tight accurate bounding box.,ANTIGRAVITY_VISUAL_QA,2026-09-26T03:55:00+07:00
3109,CAND_003109,MEDIUM,ADD,0,person,train,WEB03947.jpg,"(0.22128906, 0.44583333, 0.03203125, 0.11944444)",None,Visible usable person instance (pedestrian/firefighter/civilian); tight accurate bounding box.,ANTIGRAVITY_VISUAL_QA,2026-09-26T03:55:00+07:00
3110,CAND_003110,MEDIUM,ADD,0,person,train,WEB04921.jpg,"(0.38358911, 0.66836111, 0.51797030, 0.33672222)",None,Visible usable person instance (pedestrian/firefighter/civilian); tight accurate bounding box.,ANTIGRAVITY_VISUAL_QA,2026-09-26T03:55:00+07:00
3111,CAND_003111,MEDIUM,ADD,0,person,train,WEB05432.jpg,"(0.53835859, 0.66015278, 0.22439394, 0.47186111)",None,Visible usable person instance (pedestrian/firefighter/civilian); tight accurate bounding box.,ANTIGRAVITY_VISUAL_QA,2026-09-26T03:55:00+07:00
3112,CAND_003112,MEDIUM,ADD,0,person,train,WEB07288.jpg,"(0.29882511, 0.72577295, 0.02968884, 0.05628019)",None,Visible usable person instance (pedestrian/firefighter/civilian); tight accurate bounding box.,ANTIGRAVITY_VISUAL_QA,2026-09-26T03:55:00+07:00
3113,CAND_003113,MEDIUM,ADD,0,person,val,WEB07218.jpg,"(0.68281250, 0.54444444, 0.04218750, 0.18333333)",None,Visible usable person instance (pedestrian/firefighter/civilian); tight accurate bounding box.,ANTIGRAVITY_VISUAL_QA,2026-09-26T03:55:00+07:00
3114,CAND_003114,MEDIUM,ADD,0,person,test,WEB10117.jpg,"(0.59140625, 0.59322917, 0.02187500, 0.04479167)",None,Visible usable person instance (pedestrian/firefighter/civilian); tight accurate bounding box.,ANTIGRAVITY_VISUAL_QA,2026-09-26T03:55:00+07:00
3115,CAND_003115,MEDIUM,REJECT,0,person,test,WEB10872.jpg,"(0.07039583, 0.63672170, 0.14008333, 0.71250000)",None,"Unusable extreme frame edge truncation (14.0%w x 71.2%h, aspect=8.99) showing only marginal body sliver.",ANTIGRAVITY_VISUAL_QA,2026-09-26T03:55:00+07:00
3116,CAND_003116,MEDIUM,ADD,0,person,test,WEB11237.jpg,"(0.73007813, 0.46041667, 0.05156250, 0.20694444)",None,Visible usable person instance (pedestrian/firefighter/civilian); tight accurate bounding box.,ANTIGRAVITY_VISUAL_QA,2026-09-26T03:55:00+07:00
3117,CAND_003117,MEDIUM,ADD,0,person,test,WEB11538.jpg,"(0.30390995, 0.87947443, 0.08750395, 0.23042614)",None,Visible usable person instance (pedestrian/firefighter/civilian); tight accurate bounding box.,ANTIGRAVITY_VISUAL_QA,2026-09-26T03:55:00+07:00
3119,CAND_003119,MEDIUM,ADD,0,person,train,WEB04021.jpg,"(0.77187500, 0.81111111, 0.05468750, 0.19722222)",None,Visible usable person instance (pedestrian/firefighter/civilian); tight accurate bounding box.,ANTIGRAVITY_VISUAL_QA,2026-09-26T03:55:00+07:00
3120,CAND_003120,MEDIUM,ADD,0,person,train,WEB05066.jpg,"(0.28964844, 0.63636364, 0.03632813, 0.13352273)",None,Visible usable person instance (pedestrian/firefighter/civilian); tight accurate bounding box.,ANTIGRAVITY_VISUAL_QA,2026-09-26T03:55:00+07:00
3121,CAND_003121,MEDIUM,ADD,0,person,train,WEB06028.jpg,"(0.85156151, 0.80709474, 0.05936909, 0.13347368)",None,Visible usable person instance (pedestrian/firefighter/civilian); tight accurate bounding box.,ANTIGRAVITY_VISUAL_QA,2026-09-26T03:55:00+07:00
3122,CAND_003122,MEDIUM,ADD,0,person,train,WEB07196.jpg,"(0.59843750, 0.49166667, 0.05000000, 0.16666667)",None,Visible usable person instance (pedestrian/firefighter/civilian); tight accurate bounding box.,ANTIGRAVITY_VISUAL_QA,2026-09-26T03:55:00+07:00
3123,CAND_003123,MEDIUM,ADD,0,person,train,WEB07537.jpg,"(0.48750000, 0.43951473, 0.03203125, 0.12201040)",None,Visible usable person instance (pedestrian/firefighter/civilian); tight accurate bounding box.,ANTIGRAVITY_VISUAL_QA,2026-09-26T03:55:00+07:00
3124,CAND_003124,MEDIUM,ADD,0,person,train,WEB08206.jpg,"(0.78125000, 0.47916667, 0.03750000, 0.05416667)",None,Visible usable person instance (pedestrian/firefighter/civilian); tight accurate bounding box.,ANTIGRAVITY_VISUAL_QA,2026-09-26T03:55:00+07:00
3125,CAND_003125,MEDIUM,ADD,0,person,train,WEB08959.jpg,"(0.06899219, 0.75421348, 0.02382812, 0.09550562)",None,Visible usable person instance (pedestrian/firefighter/civilian); tight accurate bounding box.,ANTIGRAVITY_VISUAL_QA,2026-09-26T03:55:00+07:00
3126,CAND_003126,MEDIUM,ADD,0,person,val,WEB03944.jpg,"(0.88437500, 0.41527778, 0.08437500, 0.25277778)",None,Visible usable person instance (pedestrian/firefighter/civilian); tight accurate bounding box.,ANTIGRAVITY_VISUAL_QA,2026-09-26T03:55:00+07:00
3128,CAND_003128,MEDIUM,ADD,0,person,train,PublicDataset00890.jpg,"(0.23418125, 0.67044381, 0.02812500, 0.12158640)",None,Visible usable person instance (pedestrian/firefighter/civilian); tight accurate bounding box.,ANTIGRAVITY_VISUAL_QA,2026-09-26T03:55:00+07:00
3129,CAND_003129,MEDIUM,ADD,0,person,train,WEB07202.jpg,"(0.56718750, 0.45833333, 0.05468750, 0.21388889)",None,Visible usable person instance (pedestrian/firefighter/civilian); tight accurate bounding box.,ANTIGRAVITY_VISUAL_QA,2026-09-26T03:55:00+07:00
3130,CAND_003130,MEDIUM,ADD,0,person,val,WEB02461.jpg,"(0.84062500, 0.53125000, 0.01406250, 0.06041667)",None,Visible usable person instance (pedestrian/firefighter/civilian); tight accurate bounding box.,ANTIGRAVITY_VISUAL_QA,2026-09-26T03:55:00+07:00
3131,CAND_003131,MEDIUM,ADD,0,person,test,WEB11239.jpg,"(0.35039063, 0.39027778, 0.02343750, 0.09444444)",None,Visible usable person instance (pedestrian/firefighter/civilian); tight accurate bounding box.,ANTIGRAVITY_VISUAL_QA,2026-09-26T03:55:00+07:00
3132,CAND_003132,MEDIUM,ADD,0,person,train,WEB03814.jpg,"(0.47578125, 0.77777778, 0.02890625, 0.13888889)",None,Visible usable person instance (pedestrian/firefighter/civilian); tight accurate bounding box.,ANTIGRAVITY_VISUAL_QA,2026-09-26T03:55:00+07:00
3133,CAND_003133,MEDIUM,ADD,0,person,train,WEB06113.jpg,"(0.93593500, 0.77688498, 0.01875000, 0.05990415)",None,Visible usable person instance (pedestrian/firefighter/civilian); tight accurate bounding box.,ANTIGRAVITY_VISUAL_QA,2026-09-26T03:55:00+07:00
3134,CAND_003134,MEDIUM,ADD,0,person,train,WEB06799.jpg,"(0.20357292, 0.71171580, 0.19322917, 0.52812500)",None,Visible usable person instance (pedestrian/firefighter/civilian); tight accurate bounding box.,ANTIGRAVITY_VISUAL_QA,2026-09-26T03:55:00+07:00
3135,CAND_003135,MEDIUM,ADD,0,person,train,WEB07230.jpg,"(0.37246094, 0.36319444, 0.03046875, 0.12777778)",None,Visible usable person instance (pedestrian/firefighter/civilian); tight accurate bounding box.,ANTIGRAVITY_VISUAL_QA,2026-09-26T03:55:00+07:00
3136,CAND_003136,MEDIUM,ADJUST_BBOX,0,person,train,WEB07241.jpg,"(0.09208594, 0.95902778, 0.02382812, 0.08055556)","(0.09208594, 0.95937500, 0.02382812, 0.08125000)",Visible valid person instance at image boundary; coordinate clamped to frame edge.,ANTIGRAVITY_VISUAL_QA,2026-09-26T03:55:00+07:00
3138,CAND_003138,MEDIUM,REJECT,0,person,train,WEB09413.jpg,"(0.12323591, 0.52941472, 0.01524008, 0.05882943)",None,Tiny ambiguous silhouette (7x17 px); insufficient pixel resolution to verify human instance.,ANTIGRAVITY_VISUAL_QA,2026-09-26T03:55:00+07:00
3141,CAND_003141,MEDIUM,ADD,0,person,train,WEB07909.jpg,"(0.66328125, 0.63437500, 0.01093750, 0.06875000)",None,Visible usable person instance (pedestrian/firefighter/civilian); tight accurate bounding box.,ANTIGRAVITY_VISUAL_QA,2026-09-26T03:55:00+07:00
3142,CAND_003142,MEDIUM,ADD,0,person,train,WEB08941.jpg,"(0.24782178, 0.55898611, 0.08633663, 0.12108333)",None,Visible usable person instance (pedestrian/firefighter/civilian); tight accurate bounding box.,ANTIGRAVITY_VISUAL_QA,2026-09-26T03:55:00+07:00
3143,CAND_003143,MEDIUM,ADD,0,person,train,WEB09281.jpg,"(0.45234375, 0.78194444, 0.03750000, 0.23472222)",None,Visible usable person instance (pedestrian/firefighter/civilian); tight accurate bounding box.,ANTIGRAVITY_VISUAL_QA,2026-09-26T03:55:00+07:00
3144,CAND_003144,MEDIUM,ADD,0,person,val,WEB07793.jpg,"(0.26875000, 0.58593182, 0.02460000, 0.10086364)",None,Visible usable person instance (pedestrian/firefighter/civilian); tight accurate bounding box.,ANTIGRAVITY_VISUAL_QA,2026-09-26T03:55:00+07:00
3145,CAND_003145,MEDIUM,ADD,0,person,test,WEB10558.jpg,"(0.09479167, 0.50078125, 0.12152778, 0.18593750)",None,Visible usable person instance (pedestrian/firefighter/civilian); tight accurate bounding box.,ANTIGRAVITY_VISUAL_QA,2026-09-26T03:55:00+07:00
3146,CAND_003146,MEDIUM,ADJUST_BBOX,0,person,test,WEB11110.jpg,"(0.35336111, 0.83750000, 0.38383333, 0.32186869)","(0.35336111, 0.83828283, 0.38383333, 0.32343434)",Visible valid person instance at image boundary; coordinate clamped to frame edge.,ANTIGRAVITY_VISUAL_QA,2026-09-26T03:55:00+07:00
3147,CAND_003147,MEDIUM,ADD,0,person,train,WEB05411.jpg,"(0.09057812, 0.64861111, 0.02159375, 0.07916667)",None,Visible usable person instance (pedestrian/firefighter/civilian); tight accurate bounding box.,ANTIGRAVITY_VISUAL_QA,2026-09-26T03:55:00+07:00
3148,CAND_003148,MEDIUM,ADD,0,person,train,WEB05412.jpg,"(0.40664062, 0.64305556, 0.01640625, 0.06388889)",None,Visible usable person instance (pedestrian/firefighter/civilian); tight accurate bounding box.,ANTIGRAVITY_VISUAL_QA,2026-09-26T03:55:00+07:00
3149,CAND_003149,MEDIUM,ADD,0,person,train,WEB07210.jpg,"(0.85312500, 0.44166667, 0.01875000, 0.07777778)",None,Visible usable person instance (pedestrian/firefighter/civilian); tight accurate bounding box.,ANTIGRAVITY_VISUAL_QA,2026-09-26T03:55:00+07:00
3150,CAND_003150,MEDIUM,ADD,0,person,train,WEB07214.jpg,"(0.45585938, 0.39878472, 0.05468750, 0.19409722)",None,Visible usable person instance (pedestrian/firefighter/civilian); tight accurate bounding box.,ANTIGRAVITY_VISUAL_QA,2026-09-26T03:55:00+07:00
3151,CAND_003151,MEDIUM,ADD,0,person,test,WEB10223.jpg,"(0.88437198, 0.75496356, 0.01562319, 0.06718659)",None,Visible usable person instance (pedestrian/firefighter/civilian); tight accurate bounding box.,ANTIGRAVITY_VISUAL_QA,2026-09-26T03:55:00+07:00
3152,CAND_003152,MEDIUM,ADD,0,person,test,WEB11354.jpg,"(0.62890816, 0.67269022, 0.04218367, 0.13038043)",None,Visible usable person instance (pedestrian/firefighter/civilian); tight accurate bounding box.,ANTIGRAVITY_VISUAL_QA,2026-09-26T03:55:00+07:00
3153,CAND_003153,MEDIUM,ADD,0,person,train,WEB02918.jpg,"(0.37734093, 0.86250000, 0.02343780, 0.11249288)",None,Visible usable person instance (pedestrian/firefighter/civilian); tight accurate bounding box.,ANTIGRAVITY_VISUAL_QA,2026-09-26T03:55:00+07:00
3154,CAND_003154,MEDIUM,ADD,0,person,train,WEB07213.jpg,"(0.40546875, 0.43611111, 0.03828125, 0.14722222)",None,Visible usable person instance (pedestrian/firefighter/civilian); tight accurate bounding box.,ANTIGRAVITY_VISUAL_QA,2026-09-26T03:55:00+07:00
3155,CAND_003155,MEDIUM,ADD,0,person,train,WEB07221.jpg,"(0.71875000, 0.51388889, 0.02968750, 0.18055556)",None,Visible usable person instance (pedestrian/firefighter/civilian); tight accurate bounding box.,ANTIGRAVITY_VISUAL_QA,2026-09-26T03:55:00+07:00
3156,CAND_003156,MEDIUM,ADD,0,person,train,WEB07704.jpg,"(0.61913813, 0.64827586, 0.10937215, 0.41784990)",None,Visible usable person instance (pedestrian/firefighter/civilian); tight accurate bounding box.,ANTIGRAVITY_VISUAL_QA,2026-09-26T03:55:00+07:00
3157,CAND_003157,MEDIUM,ADD,0,person,test,WEB10992.jpg,"(0.70937500, 0.66770833, 0.06562500, 0.15000000)",None,Visible usable person instance (pedestrian/firefighter/civilian); tight accurate bounding box.,ANTIGRAVITY_VISUAL_QA,2026-09-26T03:55:00+07:00
3158,CAND_003158,MEDIUM,ADD,0,person,test,WEB11130.jpg,"(0.67906250, 0.64297170, 0.06762500, 0.10625000)",None,Visible usable person instance (pedestrian/firefighter/civilian); tight accurate bounding box.,ANTIGRAVITY_VISUAL_QA,2026-09-26T03:55:00+07:00
3160,CAND_003160,MEDIUM,ADJUST_BBOX,0,person,train,WEB01153.jpg,"(0.02748437, 0.45451389, 0.05459375, 0.48819444)","(0.02739063, 0.45451389, 0.05478125, 0.48819444)",Visible valid person instance at image boundary; coordinate clamped to frame edge.,ANTIGRAVITY_VISUAL_QA,2026-09-26T03:55:00+07:00
3161,CAND_003161,MEDIUM,ADD,0,person,train,WEB01154.jpg,"(0.53046875, 0.69844444, 0.02500000, 0.11700000)",None,Visible usable person instance (pedestrian/firefighter/civilian); tight accurate bounding box.,ANTIGRAVITY_VISUAL_QA,2026-09-26T03:55:00+07:00
3162,CAND_003162,MEDIUM,ADD,0,person,train,WEB02285.jpg,"(0.40390394, 0.97185124, 0.04140394, 0.05629752)",None,Visible usable person instance (pedestrian/firefighter/civilian); tight accurate bounding box.,ANTIGRAVITY_VISUAL_QA,2026-09-26T03:55:00+07:00
3164,CAND_003164,MEDIUM,ADD,0,person,train,WEB07602.jpg,"(0.46562402, 0.91483240, 0.02344774, 0.09793296)",None,Visible usable person instance (pedestrian/firefighter/civilian); tight accurate bounding box.,ANTIGRAVITY_VISUAL_QA,2026-09-26T03:55:00+07:00
3165,CAND_003165,MEDIUM,ADD,0,person,train,PublicDataset00999.jpg,"(0.47577500, 0.88364333, 0.05781667, 0.16514223)",None,Visible usable person instance (pedestrian/firefighter/civilian); tight accurate bounding box.,ANTIGRAVITY_VISUAL_QA,2026-09-26T03:55:00+07:00
3166,CAND_003166,MEDIUM,ADD,0,person,train,WEB03717.jpg,"(0.85234320, 0.86636364, 0.03749112, 0.13850816)",None,Visible usable person instance (pedestrian/firefighter/civilian); tight accurate bounding box.,ANTIGRAVITY_VISUAL_QA,2026-09-26T03:55:00+07:00
3167,CAND_003167,MEDIUM,ADD,0,person,train,WEB03922.jpg,"(0.45000000, 0.50972222, 0.02109375, 0.11388889)",None,Visible usable person instance (pedestrian/firefighter/civilian); tight accurate bounding box.,ANTIGRAVITY_VISUAL_QA,2026-09-26T03:55:00+07:00
3168,CAND_003168,MEDIUM,ADD,0,person,train,WEB06028.jpg,"(0.36250000, 0.80032632, 0.07266562, 0.15328421)",None,Visible usable person instance (pedestrian/firefighter/civilian); tight accurate bounding box.,ANTIGRAVITY_VISUAL_QA,2026-09-26T03:55:00+07:00
3169,CAND_003169,MEDIUM,REJECT,0,person,train,WEB08750.jpg,"(0.58316176, 0.55859722, 0.03583333, 0.05625000)",None,Tiny ambiguous silhouette (7x20 px); insufficient pixel resolution to verify human instance.,ANTIGRAVITY_VISUAL_QA,2026-09-26T03:55:00+07:00
3170,CAND_003170,MEDIUM,ADD,0,person,test,PublicDataset01311.jpg,"(0.44882917, 0.89238750, 0.02109167, 0.09257500)",None,Visible usable person instance (pedestrian/firefighter/civilian); tight accurate bounding box.,ANTIGRAVITY_VISUAL_QA,2026-09-26T03:55:00+07:00
3171,CAND_003171,MEDIUM,ADD,0,person,train,WEB01153.jpg,"(0.31484375, 0.70694444, 0.02812500, 0.13194444)",None,Visible usable person instance (pedestrian/firefighter/civilian); tight accurate bounding box.,ANTIGRAVITY_VISUAL_QA,2026-09-26T03:55:00+07:00
3172,CAND_003172,MEDIUM,ADD,0,person,train,WEB01500.jpg,"(0.43437500, 0.59652778, 0.02578125, 0.11111111)",None,Visible usable person instance (pedestrian/firefighter/civilian); tight accurate bounding box.,ANTIGRAVITY_VISUAL_QA,2026-09-26T03:55:00+07:00
3173,CAND_003173,MEDIUM,ADD,0,person,train,WEB02566.jpg,"(0.03646875, 0.94791667, 0.02568750, 0.09583333)",None,Visible usable person instance (pedestrian/firefighter/civilian); tight accurate bounding box.,ANTIGRAVITY_VISUAL_QA,2026-09-26T03:55:00+07:00
3174,CAND_003174,MEDIUM,ADD,0,person,train,WEB04698.jpg,"(0.38085938, 0.51527778, 0.01953125, 0.09444444)",None,Visible usable person instance (pedestrian/firefighter/civilian); tight accurate bounding box.,ANTIGRAVITY_VISUAL_QA,2026-09-26T03:55:00+07:00
3175,CAND_003175,MEDIUM,ADD,0,person,train,WEB05546.jpg,"(0.31445312, 0.65000000, 0.04023438, 0.11666667)",None,Visible usable person instance (pedestrian/firefighter/civilian); tight accurate bounding box.,ANTIGRAVITY_VISUAL_QA,2026-09-26T03:55:00+07:00
3177,CAND_003177,MEDIUM,ADD,0,person,train,WEB07678.jpg,"(0.55156408, 0.84808257, 0.02187689, 0.09517431)",None,Visible usable person instance (pedestrian/firefighter/civilian); tight accurate bounding box.,ANTIGRAVITY_VISUAL_QA,2026-09-26T03:55:00+07:00
3179,CAND_003179,MEDIUM,ADD,0,person,train,WEB09325.jpg,"(0.65546875, 0.56597222, 0.02890625, 0.09722222)",None,Visible usable person instance (pedestrian/firefighter/civilian); tight accurate bounding box.,ANTIGRAVITY_VISUAL_QA,2026-09-26T03:55:00+07:00
3180,CAND_003180,MEDIUM,ADD,0,person,train,WEB03850.jpg,"(0.15351562, 0.75972222, 0.03945312, 0.20000000)",None,Visible usable person instance (pedestrian/firefighter/civilian); tight accurate bounding box.,ANTIGRAVITY_VISUAL_QA,2026-09-26T03:55:00+07:00
3181,CAND_003181,MEDIUM,ADD,0,person,train,WEB04609.jpg,"(0.31132813, 0.68750000, 0.02615625, 0.10277778)",None,Visible usable person instance (pedestrian/firefighter/civilian); tight accurate bounding box.,ANTIGRAVITY_VISUAL_QA,2026-09-26T03:55:00+07:00
3182,CAND_003182,MEDIUM,ADD,0,person,train,WEB06797.jpg,"(0.87367708, 0.61093750, 0.20427083, 0.20781840)",None,Visible usable person instance (pedestrian/firefighter/civilian); tight accurate bounding box.,ANTIGRAVITY_VISUAL_QA,2026-09-26T03:55:00+07:00
3183,CAND_003183,MEDIUM,ADD,0,person,train,WEB08543.jpg,"(0.86093894, 0.88944773, 0.02187788, 0.08694280)",None,Visible usable person instance (pedestrian/firefighter/civilian); tight accurate bounding box.,ANTIGRAVITY_VISUAL_QA,2026-09-26T03:55:00+07:00
3184,CAND_003184,MEDIUM,ADD,0,person,val,WEB09287.jpg,"(0.82187037, 0.59238889, 0.04374074, 0.07616667)",None,Visible usable person instance (pedestrian/firefighter/civilian); tight accurate bounding box.,ANTIGRAVITY_VISUAL_QA,2026-09-26T03:55:00+07:00
3185,CAND_003185,MEDIUM,ADD,0,person,train,WEB07214.jpg,"(0.32773438, 0.41527778, 0.05312500, 0.19583333)",None,Visible usable person instance (pedestrian/firefighter/civilian); tight accurate bounding box.,ANTIGRAVITY_VISUAL_QA,2026-09-26T03:55:00+07:00
3186,CAND_003186,MEDIUM,ADD,0,person,train,WEB07224.jpg,"(0.74453125, 0.57777778, 0.03671875, 0.17361111)",None,Visible usable person instance (pedestrian/firefighter/civilian); tight accurate bounding box.,ANTIGRAVITY_VISUAL_QA,2026-09-26T03:55:00+07:00
3188,CAND_003188,MEDIUM,ADD,0,person,train,WEB03923.jpg,"(0.24765625, 0.48333333, 0.03203125, 0.16388889)",None,Visible usable person instance (pedestrian/firefighter/civilian); tight accurate bounding box.,ANTIGRAVITY_VISUAL_QA,2026-09-26T03:55:00+07:00
3189,CAND_003189,MEDIUM,ADD,0,person,train,WEB03950.jpg,"(0.14316406, 0.57847222, 0.03085938, 0.14305556)",None,Visible usable person instance (pedestrian/firefighter/civilian); tight accurate bounding box.,ANTIGRAVITY_VISUAL_QA,2026-09-26T03:55:00+07:00
3190,CAND_003190,MEDIUM,ADJUST_BBOX,0,person,train,WEB04012.jpg,"(0.81718750, 0.51481250, 0.36406840, 0.93716667)","(0.81757665, 0.51481250, 0.36484670, 0.93716667)",Visible valid person instance at image boundary; coordinate clamped to frame edge.,ANTIGRAVITY_VISUAL_QA,2026-09-26T03:55:00+07:00
3191,CAND_003191,MEDIUM,ADD,0,person,train,WEB04153.jpg,"(0.30996094, 0.48125000, 0.39414063, 0.95000000)",None,Visible usable person instance (pedestrian/firefighter/civilian); tight accurate bounding box.,ANTIGRAVITY_VISUAL_QA,2026-09-26T03:55:00+07:00
3192,CAND_003192,MEDIUM,ADJUST_BBOX,0,person,train,WEB07470.jpg,"(0.83281139, 0.89423165, 0.04688019, 0.20694954)","(0.83281139, 0.89537844, 0.04688019, 0.20924312)",Visible valid person instance at image boundary; coordinate clamped to frame edge.,ANTIGRAVITY_VISUAL_QA,2026-09-26T03:55:00+07:00
3193,CAND_003193,MEDIUM,ADD,0,person,train,WEB07592.jpg,"(0.48202532, 0.73785714, 0.02500000, 0.14798319)",None,Visible usable person instance (pedestrian/firefighter/civilian); tight accurate bounding box.,ANTIGRAVITY_VISUAL_QA,2026-09-26T03:55:00+07:00
3194,CAND_003194,MEDIUM,ADD,0,person,train,WEB07898.jpg,"(0.58593511, 0.80287356, 0.04530534, 0.16038314)",None,Visible usable person instance (pedestrian/firefighter/civilian); tight accurate bounding box.,ANTIGRAVITY_VISUAL_QA,2026-09-26T03:55:00+07:00
3195,CAND_003195,MEDIUM,ADD,0,person,train,WEB07962.jpg,"(0.45781250, 0.59097222, 0.07500000, 0.32083333)",None,Visible usable person instance (pedestrian/firefighter/civilian); tight accurate bounding box.,ANTIGRAVITY_VISUAL_QA,2026-09-26T03:55:00+07:00
3196,CAND_003196,MEDIUM,REJECT,0,person,train,WEB08748.jpg,"(0.37431373, 0.48868056, 0.04686275, 0.06641667)",None,Tiny ambiguous silhouette (9x23 px); insufficient pixel resolution to verify human instance.,ANTIGRAVITY_VISUAL_QA,2026-09-26T03:55:00+07:00
3197,CAND_003197,MEDIUM,ADD,0,person,train,WEB08900.jpg,"(0.56679687, 0.70972222, 0.02343750, 0.16944444)",None,Visible usable person instance (pedestrian/firefighter/civilian); tight accurate bounding box.,ANTIGRAVITY_VISUAL_QA,2026-09-26T03:55:00+07:00
3199,CAND_003199,MEDIUM,ADD,0,person,test,WEB10606.jpg,"(0.45469355, 0.67203390, 0.06093548, 0.22048426)",None,Visible usable person instance (pedestrian/firefighter/civilian); tight accurate bounding box.,ANTIGRAVITY_VISUAL_QA,2026-09-26T03:55:00+07:00
3200,CAND_003200,MEDIUM,ADD,0,person,train,WEB05495.jpg,"(0.78665625, 0.70703111, 0.15583750, 0.19375114)",None,Visible usable person instance (pedestrian/firefighter/civilian); tight accurate bounding box.,ANTIGRAVITY_VISUAL_QA,2026-09-26T03:55:00+07:00
3201,CAND_003201,MEDIUM,ADD,0,person,train,WEB06034.jpg,"(0.61719079, 0.77334924, 0.01875000, 0.06230916)",None,Visible usable person instance (pedestrian/firefighter/civilian); tight accurate bounding box.,ANTIGRAVITY_VISUAL_QA,2026-09-26T03:55:00+07:00
3203,CAND_003203,MEDIUM,ADJUST_BBOX,0,person,train,WEB07934.jpg,"(0.04257813, 0.67459239, 0.08465625, 0.58967391)","(0.04245313, 0.67459239, 0.08490625, 0.58967391)",Visible valid person instance at image boundary; coordinate clamped to frame edge.,ANTIGRAVITY_VISUAL_QA,2026-09-26T03:55:00+07:00
3204,CAND_003204,MEDIUM,ADD,0,person,train,WEB09099.jpg,"(0.45017557, 0.74101643, 0.08596947, 0.16640657)",None,Visible usable person instance (pedestrian/firefighter/civilian); tight accurate bounding box.,ANTIGRAVITY_VISUAL_QA,2026-09-26T03:55:00+07:00
3205,CAND_003205,MEDIUM,ADD,0,person,val,WEB07752.jpg,"(0.75000000, 0.59019318, 0.03750000, 0.16620455)",None,Visible usable person instance (pedestrian/firefighter/civilian); tight accurate bounding box.,ANTIGRAVITY_VISUAL_QA,2026-09-26T03:55:00+07:00
3206,CAND_003206,MEDIUM,ADD,0,person,val,WEB08961.jpg,"(0.72500000, 0.73314607, 0.02500000, 0.10674157)",None,Visible usable person instance (pedestrian/firefighter/civilian); tight accurate bounding box.,ANTIGRAVITY_VISUAL_QA,2026-09-26T03:55:00+07:00
3207,CAND_003207,MEDIUM,ADD,0,person,test,WEB11338.jpg,"(0.30625196, 0.71438028, 0.04374022, 0.09845070)",None,Visible usable person instance (pedestrian/firefighter/civilian); tight accurate bounding box.,ANTIGRAVITY_VISUAL_QA,2026-09-26T03:55:00+07:00
3209,CAND_003209,MEDIUM,ADD,0,person,test,WEB11620.jpg,"(0.73750000, 0.70943056, 0.02264151, 0.12975000)",None,Visible usable person instance (pedestrian/firefighter/civilian); tight accurate bounding box.,ANTIGRAVITY_VISUAL_QA,2026-09-26T03:55:00+07:00
3210,CAND_003210,MEDIUM,ADD,0,person,train,WEB06335.jpg,"(0.66406457, 0.91432671, 0.02657285, 0.09218543)",None,Visible usable person instance (pedestrian/firefighter/civilian); tight accurate bounding box.,ANTIGRAVITY_VISUAL_QA,2026-09-26T03:55:00+07:00
3211,CAND_003211,MEDIUM,ADD,0,person,train,WEB07476.jpg,"(0.18222420, 0.89991841, 0.05078292, 0.20016317)",None,Visible usable person instance (pedestrian/firefighter/civilian); tight accurate bounding box.,ANTIGRAVITY_VISUAL_QA,2026-09-26T03:55:00+07:00
3212,CAND_003212,MEDIUM,ADD,0,person,train,WEB01153.jpg,"(0.26835938, 0.66979167, 0.01915625, 0.09097222)",None,Visible usable person instance (pedestrian/firefighter/civilian); tight accurate bounding box.,ANTIGRAVITY_VISUAL_QA,2026-09-26T03:55:00+07:00
3213,CAND_003213,MEDIUM,ADD,0,person,train,WEB02918.jpg,"(0.30215100, 0.85781339, 0.01835708, 0.07500000)",None,Visible usable person instance (pedestrian/firefighter/civilian); tight accurate bounding box.,ANTIGRAVITY_VISUAL_QA,2026-09-26T03:55:00+07:00
3214,CAND_003214,MEDIUM,ADD,0,person,train,WEB06307.jpg,"(0.52187500, 0.65024615, 0.03125000, 0.05769231)",None,Visible usable person instance (pedestrian/firefighter/civilian); tight accurate bounding box.,ANTIGRAVITY_VISUAL_QA,2026-09-26T03:55:00+07:00
3215,CAND_003215,MEDIUM,ADD,0,person,test,PublicDataset01311.jpg,"(0.50664167, 0.88242500, 0.02735000, 0.10195000)",None,Visible usable person instance (pedestrian/firefighter/civilian); tight accurate bounding box.,ANTIGRAVITY_VISUAL_QA,2026-09-26T03:55:00+07:00
3217,CAND_003217,MEDIUM,ADD,0,person,train,WEB02918.jpg,"(0.36210826, 0.86132479, 0.02188034, 0.11250712)",None,Visible usable person instance (pedestrian/firefighter/civilian); tight accurate bounding box.,ANTIGRAVITY_VISUAL_QA,2026-09-26T03:55:00+07:00
3218,CAND_003218,MEDIUM,ADD,0,person,train,WEB03482.jpg,"(0.88671905, 0.80899855, 0.04686667, 0.24168360)",None,Visible usable person instance (pedestrian/firefighter/civilian); tight accurate bounding box.,ANTIGRAVITY_VISUAL_QA,2026-09-26T03:55:00+07:00
3219,CAND_003219,MEDIUM,REJECT,0,person,train,WEB03978.jpg,"(0.44531250, 0.54199219, 0.01250000, 0.05156250)",None,Tiny ambiguous silhouette (9x26 px); insufficient pixel resolution to verify human instance.,ANTIGRAVITY_VISUAL_QA,2026-09-26T03:55:00+07:00
3220,CAND_003220,MEDIUM,ADD,0,person,train,WEB04017.jpg,"(0.32317183, 0.62734496, 0.28177003, 0.29922481)",None,Visible usable person instance (pedestrian/firefighter/civilian); tight accurate bounding box.,ANTIGRAVITY_VISUAL_QA,2026-09-26T03:55:00+07:00
3222,CAND_003222,MEDIUM,ADD,0,person,test,WEB10118.jpg,"(0.10060938, 0.88437500, 0.14096875, 0.21666667)",None,Visible usable person instance (pedestrian/firefighter/civilian); tight accurate bounding box.,ANTIGRAVITY_VISUAL_QA,2026-09-26T03:55:00+07:00
3223,CAND_003223,MEDIUM,ADD,0,person,test,WEB11392.jpg,"(0.87187821, 0.80155769, 0.03124359, 0.07734615)",None,Visible usable person instance (pedestrian/firefighter/civilian); tight accurate bounding box.,ANTIGRAVITY_VISUAL_QA,2026-09-26T03:55:00+07:00
3224,CAND_003224,MEDIUM,ADJUST_BBOX,0,person,test,WEB11749.jpg,"(0.90703125, 0.85000000, 0.06718750, 0.29722222)","(0.90703125, 0.85069444, 0.06718750, 0.29861111)",Visible valid person instance at image boundary; coordinate clamped to frame edge.,ANTIGRAVITY_VISUAL_QA,2026-09-26T03:55:00+07:00
3225,CAND_003225,MEDIUM,REJECT,0,person,train,PublicDataset00932.jpg,"(0.47031667, 0.76562222, 0.02576667, 0.08955556)",None,Tiny ambiguous silhouette (7x20 px); insufficient pixel resolution to verify human instance.,ANTIGRAVITY_VISUAL_QA,2026-09-26T03:55:00+07:00
3226,CAND_003226,MEDIUM,ADD,0,person,train,WEB07133.jpg,"(0.68632812, 0.67708333, 0.01250000, 0.06666667)",None,Visible usable person instance (pedestrian/firefighter/civilian); tight accurate bounding box.,ANTIGRAVITY_VISUAL_QA,2026-09-26T03:55:00+07:00
3227,CAND_003227,MEDIUM,ADD,0,person,train,WEB07193.jpg,"(0.44921875, 0.42638889, 0.07265625, 0.27500000)",None,Visible usable person instance (pedestrian/firefighter/civilian); tight accurate bounding box.,ANTIGRAVITY_VISUAL_QA,2026-09-26T03:55:00+07:00
3228,CAND_003228,MEDIUM,ADJUST_BBOX,0,person,train,WEB07573.jpg,"(0.49960909, 0.96071890, 0.02421818, 0.07497577)","(0.49960909, 0.96161551, 0.02421818, 0.07676898)",Visible valid person instance at image boundary; coordinate clamped to frame edge.,ANTIGRAVITY_VISUAL_QA,2026-09-26T03:55:00+07:00
3229,CAND_003229,MEDIUM,ADJUST_BBOX,0,person,train,WEB07602.jpg,"(0.65351794, 0.96100559, 0.04531981, 0.07553073)","(0.65351794, 0.96162011, 0.04531981, 0.07675978)",Visible valid person instance at image boundary; coordinate clamped to frame edge.,ANTIGRAVITY_VISUAL_QA,2026-09-26T03:55:00+07:00
3230,CAND_003230,MEDIUM,REJECT,0,person,train,WEB08313.jpg,"(0.39218750, 0.61388889, 0.01287500, 0.06666667)",None,Tiny ambiguous silhouette (8x24 px); insufficient pixel resolution to verify human instance.,ANTIGRAVITY_VISUAL_QA,2026-09-26T03:55:00+07:00
3231,CAND_003231,MEDIUM,ADD,0,person,val,WEB03938.jpg,"(0.30585937, 0.40833333, 0.05781250, 0.23611111)",None,Visible usable person instance (pedestrian/firefighter/civilian); tight accurate bounding box.,ANTIGRAVITY_VISUAL_QA,2026-09-26T03:55:00+07:00
3232,CAND_003232,MEDIUM,ADD,0,person,train,AoF03424.jpg,"(0.17949219, 0.69861111, 0.07187500, 0.21111111)",None,Visible usable person instance (pedestrian/firefighter/civilian); tight accurate bounding box.,ANTIGRAVITY_VISUAL_QA,2026-09-26T03:55:00+07:00
3235,CAND_003235,MEDIUM,ADD,0,person,train,WEB08428.jpg,"(0.16523437, 0.87777778, 0.09728125, 0.23333333)",None,Visible usable person instance (pedestrian/firefighter/civilian); tight accurate bounding box.,ANTIGRAVITY_VISUAL_QA,2026-09-26T03:55:00+07:00
3236,CAND_003236,MEDIUM,ADD,0,person,train,WEB08448.jpg,"(0.66328125, 0.48888889, 0.05468750, 0.30833333)",None,Visible usable person instance (pedestrian/firefighter/civilian); tight accurate bounding box.,ANTIGRAVITY_VISUAL_QA,2026-09-26T03:55:00+07:00
3237,CAND_003237,MEDIUM,ADD,0,person,test,WEB11652.jpg,"(0.59062500, 0.74027778, 0.02031250, 0.11111111)",None,Visible usable person instance (pedestrian/firefighter/civilian); tight accurate bounding box.,ANTIGRAVITY_VISUAL_QA,2026-09-26T03:55:00+07:00
3238,CAND_003238,MEDIUM,ADD,0,person,train,WEB06781.jpg,"(0.79501042, 0.54531250, 0.03864583, 0.05937500)",None,Visible usable person instance (pedestrian/firefighter/civilian); tight accurate bounding box.,ANTIGRAVITY_VISUAL_QA,2026-09-26T03:55:00+07:00
3239,CAND_003239,MEDIUM,ADD,0,person,train,WEB07165.jpg,"(0.65038333, 0.84943787, 0.04063333, 0.18301775)",None,Visible usable person instance (pedestrian/firefighter/civilian); tight accurate bounding box.,ANTIGRAVITY_VISUAL_QA,2026-09-26T03:55:00+07:00
3240,CAND_003240,MEDIUM,ADD,0,person,train,WEB08656.jpg,"(0.20955882, 0.78788889, 0.13852941, 0.07422222)",None,Visible usable person instance (pedestrian/firefighter/civilian); tight accurate bounding box.,ANTIGRAVITY_VISUAL_QA,2026-09-26T03:55:00+07:00
3241,CAND_003241,MEDIUM,ADD,0,person,train,WEB09318.jpg,"(0.44960937, 0.87855114, 0.01796875, 0.10937500)",None,Visible usable person instance (pedestrian/firefighter/civilian); tight accurate bounding box.,ANTIGRAVITY_VISUAL_QA,2026-09-26T03:55:00+07:00
3242,CAND_003242,MEDIUM,ADD,0,person,val,WEB07945.jpg,"(0.58906008, 0.49610155, 0.02968992, 0.14710843)",None,Visible usable person instance (pedestrian/firefighter/civilian); tight accurate bounding box.,ANTIGRAVITY_VISUAL_QA,2026-09-26T03:55:00+07:00
3243,CAND_003243,MEDIUM,ADJUST_BBOX,0,person,test,WEB11446.jpg,"(0.58984733, 0.95923835, 0.04766412, 0.08069892)","(0.58984733, 0.95944444, 0.04766412, 0.08111111)",Visible valid person instance at image boundary; coordinate clamped to frame edge.,ANTIGRAVITY_VISUAL_QA,2026-09-26T03:55:00+07:00
3244,CAND_003244,MEDIUM,ADD,0,person,train,WEB07308.jpg,"(0.08256429, 0.84314775, 0.04287143, 0.15927195)",None,Visible usable person instance (pedestrian/firefighter/civilian); tight accurate bounding box.,ANTIGRAVITY_VISUAL_QA,2026-09-26T03:55:00+07:00
3245,CAND_003245,MEDIUM,ADD,0,person,train,WEB08154.jpg,"(0.02055965, 0.68167458, 0.01923417, 0.08819477)",None,Visible usable person instance (pedestrian/firefighter/civilian); tight accurate bounding box.,ANTIGRAVITY_VISUAL_QA,2026-09-26T03:55:00+07:00
3246,CAND_003246,MEDIUM,ADD,0,person,test,WEB11557.jpg,"(0.50781250, 0.49027778, 0.05156250, 0.25277778)",None,Visible usable person instance (pedestrian/firefighter/civilian); tight accurate bounding box.,ANTIGRAVITY_VISUAL_QA,2026-09-26T03:55:00+07:00
3247,CAND_003247,MEDIUM,ADD,0,person,train,WEB03931.jpg,"(0.54843750, 0.37916667, 0.04218750, 0.17638889)",None,Visible usable person instance (pedestrian/firefighter/civilian); tight accurate bounding box.,ANTIGRAVITY_VISUAL_QA,2026-09-26T03:55:00+07:00
3248,CAND_003248,MEDIUM,ADD,0,person,train,WEB07232.jpg,"(0.51562500, 0.30972222, 0.05312500, 0.25000000)",None,Visible usable person instance (pedestrian/firefighter/civilian); tight accurate bounding box.,ANTIGRAVITY_VISUAL_QA,2026-09-26T03:55:00+07:00
3249,CAND_003249,MEDIUM,ADD,0,person,train,WEB08432.jpg,"(0.12939844, 0.59722222, 0.03770312, 0.14166667)",None,Visible usable person instance (pedestrian/firefighter/civilian); tight accurate bounding box.,ANTIGRAVITY_VISUAL_QA,2026-09-26T03:55:00+07:00
3250,CAND_003250,MEDIUM,ADD,0,person,train,WEB08693.jpg,"(0.79375000, 0.64861111, 0.02968750, 0.11111111)",None,Visible usable person instance (pedestrian/firefighter/civilian); tight accurate bounding box.,ANTIGRAVITY_VISUAL_QA,2026-09-26T03:55:00+07:00
3251,CAND_003251,MEDIUM,ADD,0,person,train,WEB09337.jpg,"(0.88750000, 0.55717577, 0.02656028, 0.22858362)",None,Visible usable person instance (pedestrian/firefighter/civilian); tight accurate bounding box.,ANTIGRAVITY_VISUAL_QA,2026-09-26T03:55:00+07:00
3252,CAND_003252,MEDIUM,ADD,0,person,test,PublicDataset01298.jpg,"(0.28320417, 0.46874674, 0.01172500, 0.04039164)",None,Visible usable person instance (pedestrian/firefighter/civilian); tight accurate bounding box.,ANTIGRAVITY_VISUAL_QA,2026-09-26T03:55:00+07:00
3253,CAND_003253,MEDIUM,ADD,0,person,test,WEB11667.jpg,"(0.53437500, 0.76544944, 0.03359375, 0.09269663)",None,Visible usable person instance (pedestrian/firefighter/civilian); tight accurate bounding box.,ANTIGRAVITY_VISUAL_QA,2026-09-26T03:55:00+07:00
3254,CAND_003254,MEDIUM,ADD,0,person,train,PublicDataset00865.jpg,"(0.32148750, 0.61971831, 0.03750000, 0.15258216)",None,Visible usable person instance (pedestrian/firefighter/civilian); tight accurate bounding box.,ANTIGRAVITY_VISUAL_QA,2026-09-26T03:55:00+07:00
3255,CAND_003255,MEDIUM,ADD,0,person,train,WEB04162.jpg,"(0.38710937, 0.65486111, 0.16718750, 0.47083333)",None,Visible usable person instance (pedestrian/firefighter/civilian); tight accurate bounding box.,ANTIGRAVITY_VISUAL_QA,2026-09-26T03:55:00+07:00
3256,CAND_003256,MEDIUM,ADD,0,person,train,WEB09284.jpg,"(0.51014815, 0.78866667, 0.02500000, 0.09844444)",None,Visible usable person instance (pedestrian/firefighter/civilian); tight accurate bounding box.,ANTIGRAVITY_VISUAL_QA,2026-09-26T03:55:00+07:00
3257,CAND_003257,MEDIUM,ADD,0,person,val,WEB06305.jpg,"(0.81250000, 0.50733415, 0.03280000, 0.12321867)",None,Visible usable person instance (pedestrian/firefighter/civilian); tight accurate bounding box.,ANTIGRAVITY_VISUAL_QA,2026-09-26T03:55:00+07:00
3258,CAND_003258,MEDIUM,ADD,0,person,test,WEB11652.jpg,"(0.35664062, 0.77777778, 0.03009375, 0.22500000)",None,Visible usable person instance (pedestrian/firefighter/civilian); tight accurate bounding box.,ANTIGRAVITY_VISUAL_QA,2026-09-26T03:55:00+07:00
3260,CAND_003260,MEDIUM,ADD,0,person,train,WEB01634.jpg,"(0.60000000, 0.81944444, 0.06093750, 0.30555556)",None,Visible usable person instance (pedestrian/firefighter/civilian); tight accurate bounding box.,ANTIGRAVITY_VISUAL_QA,2026-09-26T03:55:00+07:00
3261,CAND_003261,MEDIUM,ADD,0,person,train,WEB03209.jpg,"(0.61406642, 0.85656089, 0.01562657, 0.05133791)",None,Visible usable person instance (pedestrian/firefighter/civilian); tight accurate bounding box.,ANTIGRAVITY_VISUAL_QA,2026-09-26T03:55:00+07:00
3262,CAND_003262,MEDIUM,ADD,0,person,train,WEB03830.jpg,"(0.32695313, 0.58333333, 0.01875000, 0.07500000)",None,Visible usable person instance (pedestrian/firefighter/civilian); tight accurate bounding box.,ANTIGRAVITY_VISUAL_QA,2026-09-26T03:55:00+07:00
3263,CAND_003263,MEDIUM,ADD,0,person,train,WEB05411.jpg,"(0.07256250, 0.65138889, 0.01581250, 0.07916667)",None,Visible usable person instance (pedestrian/firefighter/civilian); tight accurate bounding box.,ANTIGRAVITY_VISUAL_QA,2026-09-26T03:55:00+07:00
3264,CAND_003264,MEDIUM,ADJUST_BBOX,0,person,train,WEB05411.jpg,"(0.01079688, 0.69166667, 0.02153125, 0.09166667)","(0.01078125, 0.69166667, 0.02156250, 0.09166667)",Visible valid person instance at image boundary; coordinate clamped to frame edge.,ANTIGRAVITY_VISUAL_QA,2026-09-26T03:55:00+07:00
3265,CAND_003265,MEDIUM,ADD,0,person,train,WEB08448.jpg,"(0.96093750, 0.42847222, 0.06562500, 0.28611111)",None,Visible usable person instance (pedestrian/firefighter/civilian); tight accurate bounding box.,ANTIGRAVITY_VISUAL_QA,2026-09-26T03:55:00+07:00
3266,CAND_003266,MEDIUM,ADD,0,person,train,WEB08713.jpg,"(0.76718553, 0.79568056, 0.03125786, 0.20702778)",None,Visible usable person instance (pedestrian/firefighter/civilian); tight accurate bounding box.,ANTIGRAVITY_VISUAL_QA,2026-09-26T03:55:00+07:00
3267,CAND_003267,MEDIUM,ADD,0,person,val,WEB02635.jpg,"(0.81250000, 0.85128120, 0.02187345, 0.06915141)",None,Visible usable person instance (pedestrian/firefighter/civilian); tight accurate bounding box.,ANTIGRAVITY_VISUAL_QA,2026-09-26T03:55:00+07:00
3268,CAND_003268,MEDIUM,ADD,0,person,val,WEB07637.jpg,"(0.27363565, 0.63244350, 0.03241325, 0.17629944)",None,Visible usable person instance (pedestrian/firefighter/civilian); tight accurate bounding box.,ANTIGRAVITY_VISUAL_QA,2026-09-26T03:55:00+07:00
3270,CAND_003270,MEDIUM,ADD,0,person,test,WEB11016.jpg,"(0.63984604, 0.48779570, 0.02187683, 0.16041475)",None,Visible usable person instance (pedestrian/firefighter/civilian); tight accurate bounding box.,ANTIGRAVITY_VISUAL_QA,2026-09-26T03:55:00+07:00
3271,CAND_003271,MEDIUM,ADJUST_BBOX,0,person,train,WEB03714.jpg,"(0.97890662, 0.90261682, 0.04218676, 0.19149533)","(0.97890662, 0.90343458, 0.04218676, 0.19313084)",Visible valid person instance at image boundary; coordinate clamped to frame edge.,ANTIGRAVITY_VISUAL_QA,2026-09-26T03:55:00+07:00
3272,CAND_003272,MEDIUM,ADD,0,person,train,WEB06286.jpg,"(0.75546875, 0.95208333, 0.11875000, 0.09583333)",None,Visible usable person instance (pedestrian/firefighter/civilian); tight accurate bounding box.,ANTIGRAVITY_VISUAL_QA,2026-09-26T03:55:00+07:00
3273,CAND_003273,MEDIUM,ADD,0,person,train,WEB07947.jpg,"(0.37226562, 0.75833333, 0.04531250, 0.15000000)",None,Visible usable person instance (pedestrian/firefighter/civilian); tight accurate bounding box.,ANTIGRAVITY_VISUAL_QA,2026-09-26T03:55:00+07:00
3274,CAND_003274,MEDIUM,ADD,0,person,val,WEB07394.jpg,"(0.59296525, 0.55183587, 0.02187220, 0.10140440)",None,Visible usable person instance (pedestrian/firefighter/civilian); tight accurate bounding box.,ANTIGRAVITY_VISUAL_QA,2026-09-26T03:55:00+07:00
3275,CAND_003275,MEDIUM,ADD,0,person,test,WEB11388.jpg,"(0.33906250, 0.45408467, 0.01640000, 0.06006865)",None,Visible usable person instance (pedestrian/firefighter/civilian); tight accurate bounding box.,ANTIGRAVITY_VISUAL_QA,2026-09-26T03:55:00+07:00
3276,CAND_003276,MEDIUM,ADJUST_BBOX,0,person,train,WEB07972.jpg,"(0.83358974, 0.92575922, 0.08280830, 0.14436009)","(0.83358974, 0.92678959, 0.08280830, 0.14642082)",Visible valid person instance at image boundary; coordinate clamped to frame edge.,ANTIGRAVITY_VISUAL_QA,2026-09-26T03:55:00+07:00
3277,CAND_003277,MEDIUM,ADD,0,person,train,WEB08196.jpg,"(0.85546875, 0.87321429, 0.05156250, 0.24642857)",None,Visible usable person instance (pedestrian/firefighter/civilian); tight accurate bounding box.,ANTIGRAVITY_VISUAL_QA,2026-09-26T03:55:00+07:00
3278,CAND_003278,MEDIUM,ADD,0,person,train,WEB08950.jpg,"(0.12929688, 0.76544944, 0.02500000, 0.09129213)",None,Visible usable person instance (pedestrian/firefighter/civilian); tight accurate bounding box.,ANTIGRAVITY_VISUAL_QA,2026-09-26T03:55:00+07:00
3279,CAND_003279,MEDIUM,ADD,0,person,train,WEB08959.jpg,"(0.23339844, 0.69522472, 0.04648438, 0.09269663)",None,Visible usable person instance (pedestrian/firefighter/civilian); tight accurate bounding box.,ANTIGRAVITY_VISUAL_QA,2026-09-26T03:55:00+07:00
3280,CAND_003280,MEDIUM,ADD,0,person,train,WEB09375.jpg,"(0.29843750, 0.69513889, 0.06640625, 0.29861111)",None,Visible usable person instance (pedestrian/firefighter/civilian); tight accurate bounding box.,ANTIGRAVITY_VISUAL_QA,2026-09-26T03:55:00+07:00
3281,CAND_003281,MEDIUM,ADD,0,person,test,WEB10992.jpg,"(0.92656250, 0.69687500, 0.05625000, 0.20000000)",None,Visible usable person instance (pedestrian/firefighter/civilian); tight accurate bounding box.,ANTIGRAVITY_VISUAL_QA,2026-09-26T03:55:00+07:00
3282,CAND_003282,MEDIUM,ADD,0,person,test,WEB11658.jpg,"(0.44648437, 0.54048295, 0.05937500, 0.20596591)",None,Visible usable person instance (pedestrian/firefighter/civilian); tight accurate bounding box.,ANTIGRAVITY_VISUAL_QA,2026-09-26T03:55:00+07:00
3283,CAND_003283,MEDIUM,ADD,0,person,train,WEB08233.jpg,"(0.92968750, 0.91250000, 0.02031250, 0.08888889)",None,Visible usable person instance (pedestrian/firefighter/civilian); tight accurate bounding box.,ANTIGRAVITY_VISUAL_QA,2026-09-26T03:55:00+07:00
3284,CAND_003284,MEDIUM,ADD,0,person,train,AoF02401.jpg,"(0.41787109, 0.17356944, 0.11738281, 0.33827778)",None,Visible usable person instance (pedestrian/firefighter/civilian); tight accurate bounding box.,ANTIGRAVITY_VISUAL_QA,2026-09-26T03:55:00+07:00
3285,CAND_003285,MEDIUM,ADD,0,person,train,WEB03482.jpg,"(0.82109524, 0.75958636, 0.04062857, 0.19287373)",None,Visible usable person instance (pedestrian/firefighter/civilian); tight accurate bounding box.,ANTIGRAVITY_VISUAL_QA,2026-09-26T03:55:00+07:00
3286,CAND_003286,MEDIUM,ADD,0,person,train,WEB04031.jpg,"(0.71055000, 0.57562112, 0.02422000, 0.11767081)",None,Visible usable person instance (pedestrian/firefighter/civilian); tight accurate bounding box.,ANTIGRAVITY_VISUAL_QA,2026-09-26T03:55:00+07:00
3287,CAND_003287,MEDIUM,ADD,0,person,train,WEB07002.jpg,"(0.14316406, 0.91666667, 0.04609375, 0.15277778)",None,Visible usable person instance (pedestrian/firefighter/civilian); tight accurate bounding box.,ANTIGRAVITY_VISUAL_QA,2026-09-26T03:55:00+07:00
3288,CAND_003288,MEDIUM,ADD,0,person,train,WEB07202.jpg,"(0.93984375, 0.45972222, 0.01718750, 0.07777778)",None,Visible usable person instance (pedestrian/firefighter/civilian); tight accurate bounding box.,ANTIGRAVITY_VISUAL_QA,2026-09-26T03:55:00+07:00
3291,CAND_003291,MEDIUM,ADD,0,person,test,WEB10844.jpg,"(0.50703333, 0.50752226, 0.05157778, 0.19510386)",None,Visible usable person instance (pedestrian/firefighter/civilian); tight accurate bounding box.,ANTIGRAVITY_VISUAL_QA,2026-09-26T03:55:00+07:00
3293,CAND_003293,MEDIUM,ADD,0,person,train,WEB08959.jpg,"(0.23339844, 0.79915730, 0.04882812, 0.30337079)",None,Visible usable person instance (pedestrian/firefighter/civilian); tight accurate bounding box.,ANTIGRAVITY_VISUAL_QA,2026-09-26T03:55:00+07:00
3294,CAND_003294,MEDIUM,ADD,0,person,train,WEB02422.jpg,"(0.35937500, 0.63194444, 0.02031250, 0.05694444)",None,Visible usable person instance (pedestrian/firefighter/civilian); tight accurate bounding box.,ANTIGRAVITY_VISUAL_QA,2026-09-26T03:55:00+07:00
3295,CAND_003295,MEDIUM,ADD,0,person,train,WEB03042.jpg,"(0.15595312, 0.44236111, 0.26309375, 0.56250000)",None,Visible usable person instance (pedestrian/firefighter/civilian); tight accurate bounding box.,ANTIGRAVITY_VISUAL_QA,2026-09-26T03:55:00+07:00
3297,CAND_003297,MEDIUM,ADD,0,person,train,WEB05338.jpg,"(0.70859375, 0.63636364, 0.03203125, 0.13636364)",None,Visible usable person instance (pedestrian/firefighter/civilian); tight accurate bounding box.,ANTIGRAVITY_VISUAL_QA,2026-09-26T03:55:00+07:00
3298,CAND_003298,MEDIUM,ADD,0,person,test,WEB11131.jpg,"(0.71632292, 0.34961085, 0.03864583, 0.03983491)",None,Visible usable person instance (pedestrian/firefighter/civilian); tight accurate bounding box.,ANTIGRAVITY_VISUAL_QA,2026-09-26T03:55:00+07:00
3299,CAND_003299,MEDIUM,ADD,0,person,train,WEB01079.jpg,"(0.59101563, 0.56250000, 0.02500000, 0.12500000)",None,Visible usable person instance (pedestrian/firefighter/civilian); tight accurate bounding box.,ANTIGRAVITY_VISUAL_QA,2026-09-26T03:55:00+07:00
3300,CAND_003300,MEDIUM,ADD,0,person,train,WEB02859.jpg,"(0.95468373, 0.64971791, 0.02187751, 0.09878702)",None,Visible usable person instance (pedestrian/firefighter/civilian); tight accurate bounding box.,ANTIGRAVITY_VISUAL_QA,2026-09-26T03:55:00+07:00
3302,CAND_003302,MEDIUM,ADD,0,person,train,WEB08895.jpg,"(0.60468750, 0.53888889, 0.02812500, 0.06388889)",None,Visible usable person instance (pedestrian/firefighter/civilian); tight accurate bounding box.,ANTIGRAVITY_VISUAL_QA,2026-09-26T03:55:00+07:00
3304,CAND_003304,MEDIUM,ADD,0,person,val,WEB07664.jpg,"(0.25078061, 0.73926630, 0.02382653, 0.07628623)",None,Visible usable person instance (pedestrian/firefighter/civilian); tight accurate bounding box.,ANTIGRAVITY_VISUAL_QA,2026-09-26T03:55:00+07:00
3305,CAND_003305,MEDIUM,ADD,0,person,test,WEB10214.jpg,"(0.71093661, 0.71591559, 0.01250710, 0.04725322)",None,Visible usable person instance (pedestrian/firefighter/civilian); tight accurate bounding box.,ANTIGRAVITY_VISUAL_QA,2026-09-26T03:55:00+07:00
3306,CAND_003306,MEDIUM,ADD,0,person,test,WEB10377.jpg,"(0.50781221, 0.51630528, 0.01718310, 0.05697575)",None,Visible usable person instance (pedestrian/firefighter/civilian); tight accurate bounding box.,ANTIGRAVITY_VISUAL_QA,2026-09-26T03:55:00+07:00
3308,CAND_003308,MEDIUM,ADD,0,person,train,WEB03193.jpg,"(0.94374844, 0.83503295, 0.03438048, 0.11619440)",None,Visible usable person instance (pedestrian/firefighter/civilian); tight accurate bounding box.,ANTIGRAVITY_VISUAL_QA,2026-09-26T03:55:00+07:00
3312,CAND_003312,MEDIUM,ADD,0,person,train,WEB08711.jpg,"(0.72226415, 0.80051389, 0.02968553, 0.14352778)",None,Visible usable person instance (pedestrian/firefighter/civilian); tight accurate bounding box.,ANTIGRAVITY_VISUAL_QA,2026-09-26T03:55:00+07:00
3313,CAND_003313,MEDIUM,REJECT,0,person,test,WEB10530.jpg,"(0.80000000, 0.73063000, 0.04845000, 0.11626000)",None,False positive person detection on flame region (IoU=0.30 with GT fire).,ANTIGRAVITY_VISUAL_QA,2026-09-26T03:55:00+07:00
3314,CAND_003314,MEDIUM,ADD,0,person,train,PublicDataset00885.jpg,"(0.20737143, 0.76104077, 0.13057143, 0.46590129)",None,Visible usable person instance (pedestrian/firefighter/civilian); tight accurate bounding box.,ANTIGRAVITY_VISUAL_QA,2026-09-26T03:55:00+07:00
3315,CAND_003315,MEDIUM,ADD,0,person,train,WEB02840.jpg,"(0.57070458, 0.68826435, 0.02890558, 0.19831776)",None,Visible usable person instance (pedestrian/firefighter/civilian); tight accurate bounding box.,ANTIGRAVITY_VISUAL_QA,2026-09-26T03:55:00+07:00
3316,CAND_003316,MEDIUM,ADD,0,person,train,WEB05412.jpg,"(0.10681250, 0.68888889, 0.02662500, 0.12638889)",None,Visible usable person instance (pedestrian/firefighter/civilian); tight accurate bounding box.,ANTIGRAVITY_VISUAL_QA,2026-09-26T03:55:00+07:00
3317,CAND_003317,MEDIUM,ADD,0,person,train,WEB07195.jpg,"(0.63984375, 0.42638889, 0.03281250, 0.19166667)",None,Visible usable person instance (pedestrian/firefighter/civilian); tight accurate bounding box.,ANTIGRAVITY_VISUAL_QA,2026-09-26T03:55:00+07:00
3320,CAND_003320,MEDIUM,ADD,0,person,train,WEB07180.jpg,"(0.18651809, 0.21338496, 0.07812661, 0.20469027)",None,Visible usable person instance (pedestrian/firefighter/civilian); tight accurate bounding box.,ANTIGRAVITY_VISUAL_QA,2026-09-26T03:55:00+07:00
3321,CAND_003321,MEDIUM,ADJUST_BBOX,0,person,train,WEB07716.jpg,"(0.07363050, 0.96608779, 0.02968851, 0.06664122)","(0.07363050, 0.96638359, 0.02968851, 0.06723282)",Visible valid person instance at image boundary; coordinate clamped to frame edge.,ANTIGRAVITY_VISUAL_QA,2026-09-26T03:55:00+07:00
3322,CAND_003322,MEDIUM,ADD,0,person,train,WEB09097.jpg,"(0.23788828, 0.91532067, 0.05313351, 0.16071259)",None,Visible usable person instance (pedestrian/firefighter/civilian); tight accurate bounding box.,ANTIGRAVITY_VISUAL_QA,2026-09-26T03:55:00+07:00
3323,CAND_003323,MEDIUM,ADD,0,person,train,WEB09351.jpg,"(0.90546875, 0.73333333, 0.02187500, 0.11805556)",None,Visible usable person instance (pedestrian/firefighter/civilian); tight accurate bounding box.,ANTIGRAVITY_VISUAL_QA,2026-09-26T03:55:00+07:00
3324,CAND_003324,MEDIUM,ADD,0,person,test,WEB10140.jpg,"(0.32343632, 0.53609428, 0.04218159, 0.20858586)",None,Visible usable person instance (pedestrian/firefighter/civilian); tight accurate bounding box.,ANTIGRAVITY_VISUAL_QA,2026-09-26T03:55:00+07:00
3325,CAND_003325,MEDIUM,ADD,0,person,train,PublicDataset00867.jpg,"(0.06113333, 0.77648374, 0.02070000, 0.09337398)",None,Visible usable person instance (pedestrian/firefighter/civilian); tight accurate bounding box.,ANTIGRAVITY_VISUAL_QA,2026-09-26T03:55:00+07:00
3326,CAND_003326,MEDIUM,REJECT,0,person,train,WEB05411.jpg,"(0.64570313, 0.68750000, 0.01406250, 0.04583333)",None,Tiny ambiguous silhouette (9x16 px); insufficient pixel resolution to verify human instance.,ANTIGRAVITY_VISUAL_QA,2026-09-26T03:55:00+07:00
3327,CAND_003327,MEDIUM,ADD,0,person,train,WEB05549.jpg,"(0.07309375, 0.76458333, 0.08818750, 0.24722222)",None,Visible usable person instance (pedestrian/firefighter/civilian); tight accurate bounding box.,ANTIGRAVITY_VISUAL_QA,2026-09-26T03:55:00+07:00
3328,CAND_003328,MEDIUM,ADD,0,person,train,WEB08477.jpg,"(0.49491603, 0.68671829, 0.05661069, 0.21092920)",None,Visible usable person instance (pedestrian/firefighter/civilian); tight accurate bounding box.,ANTIGRAVITY_VISUAL_QA,2026-09-26T03:55:00+07:00
3329,CAND_003329,MEDIUM,ADD,0,person,train,WEB09405.jpg,"(0.22519531, 0.23680556, 0.03085938, 0.09513889)",None,Visible usable person instance (pedestrian/firefighter/civilian); tight accurate bounding box.,ANTIGRAVITY_VISUAL_QA,2026-09-26T03:55:00+07:00
3330,CAND_003330,MEDIUM,ADD,0,person,train,WEB02464.jpg,"(0.42109286, 0.74379534, 0.01561429, 0.07225389)",None,Visible usable person instance (pedestrian/firefighter/civilian); tight accurate bounding box.,ANTIGRAVITY_VISUAL_QA,2026-09-26T03:55:00+07:00
3333,CAND_003333,MEDIUM,ADD,0,person,train,WEB07678.jpg,"(0.32070636, 0.80404587, 0.04296670, 0.06533945)",None,Visible usable person instance (pedestrian/firefighter/civilian); tight accurate bounding box.,ANTIGRAVITY_VISUAL_QA,2026-09-26T03:55:00+07:00
3334,CAND_003334,MEDIUM,ADD,0,person,train,WEB09141.jpg,"(0.09032884, 0.90017084, 0.03067454, 0.08653759)",None,Visible usable person instance (pedestrian/firefighter/civilian); tight accurate bounding box.,ANTIGRAVITY_VISUAL_QA,2026-09-26T03:55:00+07:00
3336,CAND_003336,MEDIUM,ADD,0,person,val,WEB08961.jpg,"(0.12190625, 0.80898876, 0.05737500, 0.29494382)",None,Visible usable person instance (pedestrian/firefighter/civilian); tight accurate bounding box.,ANTIGRAVITY_VISUAL_QA,2026-09-26T03:55:00+07:00
3337,CAND_003337,MEDIUM,ADD,0,person,train,WEB01409.jpg,"(0.91406250, 0.93333333, 0.03125000, 0.08888889)",None,Visible usable person instance (pedestrian/firefighter/civilian); tight accurate bounding box.,ANTIGRAVITY_VISUAL_QA,2026-09-26T03:55:00+07:00
3338,CAND_003338,MEDIUM,REJECT,0,person,train,WEB02915.jpg,"(0.49336015, 0.70754967, 0.01016089, 0.03135762)",None,Tiny ambiguous silhouette (8x18 px); insufficient pixel resolution to verify human instance.,ANTIGRAVITY_VISUAL_QA,2026-09-26T03:55:00+07:00
3339,CAND_003339,MEDIUM,ADD,0,person,train,WEB03850.jpg,"(0.33066406, 0.76805556, 0.02773437, 0.15694444)",None,Visible usable person instance (pedestrian/firefighter/civilian); tight accurate bounding box.,ANTIGRAVITY_VISUAL_QA,2026-09-26T03:55:00+07:00
3340,CAND_003340,MEDIUM,ADD,0,person,train,WEB06286.jpg,"(0.11582031, 0.85104167, 0.03164062, 0.07708333)",None,Visible usable person instance (pedestrian/firefighter/civilian); tight accurate bounding box.,ANTIGRAVITY_VISUAL_QA,2026-09-26T03:55:00+07:00
3341,CAND_003341,MEDIUM,ADD,0,person,train,WEB06566.jpg,"(0.12587857, 0.45250000, 0.05038571, 0.25677665)",None,Visible usable person instance (pedestrian/firefighter/civilian); tight accurate bounding box.,ANTIGRAVITY_VISUAL_QA,2026-09-26T03:55:00+07:00
3342,CAND_003342,MEDIUM,ADJUST_BBOX,0,person,train,WEB06798.jpg,"(0.05140625, 0.67343750, 0.10006250, 0.16873821)","(0.05071875, 0.67343750, 0.10143750, 0.16873821)",Visible valid person instance at image boundary; coordinate clamped to frame edge.,ANTIGRAVITY_VISUAL_QA,2026-09-26T03:55:00+07:00
3343,CAND_003343,MEDIUM,ADD,0,person,train,WEB07194.jpg,"(0.71992188, 0.31736111, 0.01796875, 0.06944444)",None,Visible usable person instance (pedestrian/firefighter/civilian); tight accurate bounding box.,ANTIGRAVITY_VISUAL_QA,2026-09-26T03:55:00+07:00
3344,CAND_003344,MEDIUM,ADD,0,person,train,WEB07909.jpg,"(0.63828125, 0.63671875, 0.01093750, 0.06406250)",None,Visible usable person instance (pedestrian/firefighter/civilian); tight accurate bounding box.,ANTIGRAVITY_VISUAL_QA,2026-09-26T03:55:00+07:00
3345,CAND_003345,MEDIUM,ADD,0,person,train,WEB08713.jpg,"(0.78515723, 0.79637500, 0.04688679, 0.20702778)",None,Visible usable person instance (pedestrian/firefighter/civilian); tight accurate bounding box.,ANTIGRAVITY_VISUAL_QA,2026-09-26T03:55:00+07:00
3346,CAND_003346,MEDIUM,ADD,0,person,train,WEB09286.jpg,"(0.48359259, 0.92948611, 0.04374074, 0.14102778)",None,Visible usable person instance (pedestrian/firefighter/civilian); tight accurate bounding box.,ANTIGRAVITY_VISUAL_QA,2026-09-26T03:55:00+07:00
3348,CAND_003348,MEDIUM,ADD,0,person,test,WEB09961.jpg,"(0.46484375, 0.65763889, 0.01718750, 0.07777778)",None,Visible usable person instance (pedestrian/firefighter/civilian); tight accurate bounding box.,ANTIGRAVITY_VISUAL_QA,2026-09-26T03:55:00+07:00
3349,CAND_003349,MEDIUM,ADD,0,person,train,WEB03523.jpg,"(0.60859473, 0.91057103, 0.02813049, 0.10582173)",None,Visible usable person instance (pedestrian/firefighter/civilian); tight accurate bounding box.,ANTIGRAVITY_VISUAL_QA,2026-09-26T03:55:00+07:00
3350,CAND_003350,MEDIUM,ADD,0,person,train,WEB04968.jpg,"(0.51718514, 0.77911000, 0.03280856, 0.10422000)",None,Visible usable person instance (pedestrian/firefighter/civilian); tight accurate bounding box.,ANTIGRAVITY_VISUAL_QA,2026-09-26T03:55:00+07:00
3351,CAND_003351,MEDIUM,ADD,0,person,train,WEB07214.jpg,"(0.37890625, 0.39600694, 0.03359375, 0.15243056)",None,Visible usable person instance (pedestrian/firefighter/civilian); tight accurate bounding box.,ANTIGRAVITY_VISUAL_QA,2026-09-26T03:55:00+07:00
3352,CAND_003352,MEDIUM,ADD,0,person,train,WEB08861.jpg,"(0.04995313, 0.50694444, 0.01962500, 0.08888889)",None,Visible usable person instance (pedestrian/firefighter/civilian); tight accurate bounding box.,ANTIGRAVITY_VISUAL_QA,2026-09-26T03:55:00+07:00
3354,CAND_003354,MEDIUM,ADD,0,person,val,WEB04579.jpg,"(0.76913750, 0.76877376, 0.03750000, 0.12119772)",None,Visible usable person instance (pedestrian/firefighter/civilian); tight accurate bounding box.,ANTIGRAVITY_VISUAL_QA,2026-09-26T03:55:00+07:00
3355,CAND_003355,MEDIUM,ADD,0,person,test,WEB11237.jpg,"(0.83828125, 0.39583333, 0.01718750, 0.07500000)",None,Visible usable person instance (pedestrian/firefighter/civilian); tight accurate bounding box.,ANTIGRAVITY_VISUAL_QA,2026-09-26T03:55:00+07:00
3356,CAND_003356,MEDIUM,ADD,0,person,train,PublicDataset00896.jpg,"(0.62421429, 0.58535181, 0.02031429, 0.08396588)",None,Visible usable person instance (pedestrian/firefighter/civilian); tight accurate bounding box.,ANTIGRAVITY_VISUAL_QA,2026-09-26T03:55:00+07:00
3357,CAND_003357,MEDIUM,ADD,0,person,train,WEB05550.jpg,"(0.28183594, 0.78611111, 0.10468750, 0.41388889)",None,Visible usable person instance (pedestrian/firefighter/civilian); tight accurate bounding box.,ANTIGRAVITY_VISUAL_QA,2026-09-26T03:55:00+07:00
3358,CAND_003358,MEDIUM,ADD,0,person,train,WEB07470.jpg,"(0.19374852, 0.73790138, 0.03632266, 0.12236239)",None,Visible usable person instance (pedestrian/firefighter/civilian); tight accurate bounding box.,ANTIGRAVITY_VISUAL_QA,2026-09-26T03:55:00+07:00
3359,CAND_003359,MEDIUM,ADD,0,person,train,WEB08426.jpg,"(0.91406250, 0.82500000, 0.06250000, 0.32777778)",None,Visible usable person instance (pedestrian/firefighter/civilian); tight accurate bounding box.,ANTIGRAVITY_VISUAL_QA,2026-09-26T03:55:00+07:00
3360,CAND_003360,MEDIUM,ADD,0,person,train,WEB08896.jpg,"(0.64804688, 0.61666667, 0.01953125, 0.06944444)",None,Visible usable person instance (pedestrian/firefighter/civilian); tight accurate bounding box.,ANTIGRAVITY_VISUAL_QA,2026-09-26T03:55:00+07:00
3361,CAND_003361,MEDIUM,ADD,0,person,train,WEB09317.jpg,"(0.13007812, 0.74722222, 0.01054688, 0.08333333)",None,Visible usable person instance (pedestrian/firefighter/civilian); tight accurate bounding box.,ANTIGRAVITY_VISUAL_QA,2026-09-26T03:55:00+07:00
3362,CAND_003362,MEDIUM,ADD,0,person,val,WEB08447.jpg,"(0.76640625, 0.81250000, 0.03593750, 0.12777778)",None,Visible usable person instance (pedestrian/firefighter/civilian); tight accurate bounding box.,ANTIGRAVITY_VISUAL_QA,2026-09-26T03:55:00+07:00
3367,CAND_003367,MEDIUM,ADD,0,person,train,WEB01609.jpg,"(0.92812500, 0.49930556, 0.02812500, 0.10555556)",None,Visible usable person instance (pedestrian/firefighter/civilian); tight accurate bounding box.,ANTIGRAVITY_VISUAL_QA,2026-09-26T03:55:00+07:00
3368,CAND_003368,MEDIUM,ADD,0,person,train,WEB06161.jpg,"(0.82578125, 0.79791111, 0.07031250, 0.24444444)",None,Visible usable person instance (pedestrian/firefighter/civilian); tight accurate bounding box.,ANTIGRAVITY_VISUAL_QA,2026-09-26T03:55:00+07:00
3370,CAND_003370,MEDIUM,ADD,0,person,train,WEB06797.jpg,"(0.77015625, 0.52343750, 0.04139583, 0.05781840)",None,Visible usable person instance (pedestrian/firefighter/civilian); tight accurate bounding box.,ANTIGRAVITY_VISUAL_QA,2026-09-26T03:55:00+07:00
3371,CAND_003371,MEDIUM,ADD,0,person,train,WEB07625.jpg,"(0.87187500, 0.41730114, 0.25625000, 0.39977273)",None,Visible usable person instance (pedestrian/firefighter/civilian); tight accurate bounding box.,ANTIGRAVITY_VISUAL_QA,2026-09-26T03:55:00+07:00
3372,CAND_003372,MEDIUM,REJECT,0,person,train,WEB08893.jpg,"(0.36679688, 0.75000000, 0.01484375, 0.07083333)",None,Tiny ambiguous silhouette (9x25 px); insufficient pixel resolution to verify human instance.,ANTIGRAVITY_VISUAL_QA,2026-09-26T03:55:00+07:00
3374,CAND_003374,MEDIUM,ADD,0,person,val,WEB03942.jpg,"(0.43828125, 0.40833333, 0.02421875, 0.10833333)",None,Visible usable person instance (pedestrian/firefighter/civilian); tight accurate bounding box.,ANTIGRAVITY_VISUAL_QA,2026-09-26T03:55:00+07:00
3377,CAND_003377,MEDIUM,ADD,0,person,train,WEB01501.jpg,"(0.30937500, 0.74583333, 0.05000000, 0.15833333)",None,Visible usable person instance (pedestrian/firefighter/civilian); tight accurate bounding box.,ANTIGRAVITY_VISUAL_QA,2026-09-26T03:55:00+07:00
3378,CAND_003378,MEDIUM,REJECT,0,person,train,WEB07716.jpg,"(0.00759398, 0.75788168, 0.01503759, 0.09438931)",None,"Unusable extreme frame edge truncation (1.5%w x 9.4%h, aspect=3.53) showing only marginal body sliver.",ANTIGRAVITY_VISUAL_QA,2026-09-26T03:55:00+07:00
3380,CAND_003380,MEDIUM,ADD,0,person,train,WEB08949.jpg,"(0.06206250, 0.79073034, 0.02675000, 0.09831461)",None,Visible usable person instance (pedestrian/firefighter/civilian); tight accurate bounding box.,ANTIGRAVITY_VISUAL_QA,2026-09-26T03:55:00+07:00
3381,CAND_003381,MEDIUM,ADD,0,person,val,WEB03736.jpg,"(0.67422222, 0.51227833, 0.04218519, 0.11431034)",None,Visible usable person instance (pedestrian/firefighter/civilian); tight accurate bounding box.,ANTIGRAVITY_VISUAL_QA,2026-09-26T03:55:00+07:00
3382,CAND_003382,MEDIUM,ADD,0,person,val,WEB07237.jpg,"(0.57187500, 0.67661290, 0.17812500, 0.32419355)",None,Visible usable person instance (pedestrian/firefighter/civilian); tight accurate bounding box.,ANTIGRAVITY_VISUAL_QA,2026-09-26T03:55:00+07:00
3383,CAND_003383,MEDIUM,ADD,0,person,train,PublicDataset00866.jpg,"(0.13397606, 0.32239362, 0.03125000, 0.10939716)",None,Visible usable person instance (pedestrian/firefighter/civilian); tight accurate bounding box.,ANTIGRAVITY_VISUAL_QA,2026-09-26T03:55:00+07:00
3385,CAND_003385,MEDIUM,ADD,0,person,train,WEB03597.jpg,"(0.07314039, 0.54996694, 0.03359606, 0.08072727)",None,Visible usable person instance (pedestrian/firefighter/civilian); tight accurate bounding box.,ANTIGRAVITY_VISUAL_QA,2026-09-26T03:55:00+07:00
3386,CAND_003386,MEDIUM,ADD,0,person,train,WEB04535.jpg,"(0.32636719, 0.69861111, 0.02500000, 0.10000000)",None,Visible usable person instance (pedestrian/firefighter/civilian); tight accurate bounding box.,ANTIGRAVITY_VISUAL_QA,2026-09-26T03:55:00+07:00
3387,CAND_003387,MEDIUM,ADD,0,person,train,WEB05942.jpg,"(0.51015625, 0.17838889, 0.08906250, 0.18488889)",None,Visible usable person instance (pedestrian/firefighter/civilian); tight accurate bounding box.,ANTIGRAVITY_VISUAL_QA,2026-09-26T03:55:00+07:00
3389,CAND_003389,MEDIUM,ADD,0,person,train,WEB08422.jpg,"(0.65312500, 0.53611111, 0.03125000, 0.19166667)",None,Visible usable person instance (pedestrian/firefighter/civilian); tight accurate bounding box.,ANTIGRAVITY_VISUAL_QA,2026-09-26T03:55:00+07:00
3390,CAND_003390,MEDIUM,ADD,0,person,train,WEB08426.jpg,"(0.77695313, 0.83958333, 0.05234375, 0.30000000)",None,Visible usable person instance (pedestrian/firefighter/civilian); tight accurate bounding box.,ANTIGRAVITY_VISUAL_QA,2026-09-26T03:55:00+07:00
3392,CAND_003392,MEDIUM,ADD,0,person,val,WEB04346.jpg,"(0.73984694, 0.25600218, 0.06249271, 0.18215686)",None,Visible usable person instance (pedestrian/firefighter/civilian); tight accurate bounding box.,ANTIGRAVITY_VISUAL_QA,2026-09-26T03:55:00+07:00
3393,CAND_003393,MEDIUM,ADD,0,person,train,WEB06787.jpg,"(0.36575000, 0.58906250, 0.04416667, 0.08281840)",None,Visible usable person instance (pedestrian/firefighter/civilian); tight accurate bounding box.,ANTIGRAVITY_VISUAL_QA,2026-09-26T03:55:00+07:00
3394,CAND_003394,MEDIUM,ADD,0,person,train,WEB07165.jpg,"(0.29648333, 0.81059172, 0.04376667, 0.17337278)",None,Visible usable person instance (pedestrian/firefighter/civilian); tight accurate bounding box.,ANTIGRAVITY_VISUAL_QA,2026-09-26T03:55:00+07:00
3395,CAND_003395,MEDIUM,ADD,0,person,train,WEB08422.jpg,"(0.39023438, 0.51111111, 0.02968750, 0.08611111)",None,Visible usable person instance (pedestrian/firefighter/civilian); tight accurate bounding box.,ANTIGRAVITY_VISUAL_QA,2026-09-26T03:55:00+07:00
3396,CAND_003396,MEDIUM,ADD,0,person,train,WEB09884.jpg,"(0.96250000, 0.49583333, 0.02187500, 0.10833333)",None,Visible usable person instance (pedestrian/firefighter/civilian); tight accurate bounding box.,ANTIGRAVITY_VISUAL_QA,2026-09-26T03:55:00+07:00
3398,CAND_003398,MEDIUM,ADD,0,person,test,WEB11241.jpg,"(0.74375000, 0.60763889, 0.03437500, 0.17361111)",None,Visible usable person instance (pedestrian/firefighter/civilian); tight accurate bounding box.,ANTIGRAVITY_VISUAL_QA,2026-09-26T03:55:00+07:00
3399,CAND_003399,MEDIUM,ADD,0,person,test,WEB11316.jpg,"(0.43945279, 0.39180000, 0.12032189, 0.29678095)",None,Visible usable person instance (pedestrian/firefighter/civilian); tight accurate bounding box.,ANTIGRAVITY_VISUAL_QA,2026-09-26T03:55:00+07:00
3400,CAND_003400,MEDIUM,ADD,0,person,train,WEB03501.jpg,"(0.64492210, 0.91134910, 0.01093484, 0.03988873)",None,Visible usable person instance (pedestrian/firefighter/civilian); tight accurate bounding box.,ANTIGRAVITY_VISUAL_QA,2026-09-26T03:55:00+07:00
3402,CAND_003402,MEDIUM,ADD,0,person,train,WEB04766.jpg,"(0.28789063, 0.49698864, 0.54843750, 0.65943182)",None,Visible usable person instance (pedestrian/firefighter/civilian); tight accurate bounding box.,ANTIGRAVITY_VISUAL_QA,2026-09-26T03:55:00+07:00
3404,CAND_003404,MEDIUM,ADD,0,person,train,WEB07224.jpg,"(0.40390625, 0.53611111, 0.03281250, 0.14305556)",None,Visible usable person instance (pedestrian/firefighter/civilian); tight accurate bounding box.,ANTIGRAVITY_VISUAL_QA,2026-09-26T03:55:00+07:00
3405,CAND_003405,MEDIUM,ADD,0,person,train,WEB08173.jpg,"(0.88437500, 0.56107955, 0.04375000, 0.25284091)",None,Visible usable person instance (pedestrian/firefighter/civilian); tight accurate bounding box.,ANTIGRAVITY_VISUAL_QA,2026-09-26T03:55:00+07:00
3406,CAND_003406,MEDIUM,ADD,0,person,train,WEB08710.jpg,"(0.69610063, 0.82675000, 0.02500000, 0.13527778)",None,Visible usable person instance (pedestrian/firefighter/civilian); tight accurate bounding box.,ANTIGRAVITY_VISUAL_QA,2026-09-26T03:55:00+07:00
3410,CAND_003410,MEDIUM,ADD,0,person,test,WEB11113.jpg,"(0.53750000, 0.64739583, 0.02968750, 0.08958333)",None,Visible usable person instance (pedestrian/firefighter/civilian); tight accurate bounding box.,ANTIGRAVITY_VISUAL_QA,2026-09-26T03:55:00+07:00
3411,CAND_003411,MEDIUM,ADD,0,person,train,WEB03499.jpg,"(0.45312500, 0.79908898, 0.02812023, 0.14108757)",None,Visible usable person instance (pedestrian/firefighter/civilian); tight accurate bounding box.,ANTIGRAVITY_VISUAL_QA,2026-09-26T03:55:00+07:00
3412,CAND_003412,MEDIUM,ADD,0,person,train,WEB06652.jpg,"(0.47734000, 0.77343333, 0.02500000, 0.09113333)",None,Visible usable person instance (pedestrian/firefighter/civilian); tight accurate bounding box.,ANTIGRAVITY_VISUAL_QA,2026-09-26T03:55:00+07:00
3413,CAND_003413,MEDIUM,ADD,0,person,val,WEB08958.jpg,"(0.21562500, 0.71067416, 0.02500000, 0.09831461)",None,Visible usable person instance (pedestrian/firefighter/civilian); tight accurate bounding box.,ANTIGRAVITY_VISUAL_QA,2026-09-26T03:55:00+07:00
3414,CAND_003414,MEDIUM,ADD,0,person,test,WEB11641.jpg,"(0.51250000, 0.44027778, 0.02343750, 0.12777778)",None,Visible usable person instance (pedestrian/firefighter/civilian); tight accurate bounding box.,ANTIGRAVITY_VISUAL_QA,2026-09-26T03:55:00+07:00
3415,CAND_003415,MEDIUM,ADD,0,person,test,WEB11705.jpg,"(0.61953000, 0.59460924, 0.02812000, 0.13600355)",None,Visible usable person instance (pedestrian/firefighter/civilian); tight accurate bounding box.,ANTIGRAVITY_VISUAL_QA,2026-09-26T03:55:00+07:00
3417,CAND_003417,MEDIUM,ADD,0,person,train,WEB08424.jpg,"(0.94843750, 0.63905556, 0.10312500, 0.69411111)",None,Visible usable person instance (pedestrian/firefighter/civilian); tight accurate bounding box.,ANTIGRAVITY_VISUAL_QA,2026-09-26T03:55:00+07:00
3418,CAND_003418,MEDIUM,REJECT,0,person,test,WEB11485.jpg,"(0.83281840, 0.95648958, 0.01875000, 0.08143750)",None,"Unusable extreme frame edge truncation (1.9%w x 8.1%h, aspect=2.46) showing only marginal body sliver.",ANTIGRAVITY_VISUAL_QA,2026-09-26T03:55:00+07:00
3420,CAND_003420,MEDIUM,ADD,0,person,train,WEB03457.jpg,"(0.88906608, 0.43702857, 0.00937445, 0.04814286)",None,Visible usable person instance (pedestrian/firefighter/civilian); tight accurate bounding box.,ANTIGRAVITY_VISUAL_QA,2026-09-26T03:55:00+07:00
3421,CAND_003421,MEDIUM,ADD,0,person,train,WEB03830.jpg,"(0.35917969, 0.58125000, 0.01992187, 0.05138889)",None,Visible usable person instance (pedestrian/firefighter/civilian); tight accurate bounding box.,ANTIGRAVITY_VISUAL_QA,2026-09-26T03:55:00+07:00
3422,CAND_003422,MEDIUM,ADD,0,person,train,WEB07203.jpg,"(0.84375000, 0.48472222, 0.04687500, 0.20555556)",None,Visible usable person instance (pedestrian/firefighter/civilian); tight accurate bounding box.,ANTIGRAVITY_VISUAL_QA,2026-09-26T03:55:00+07:00
3423,CAND_003423,MEDIUM,ADD,0,person,train,WEB07972.jpg,"(0.73125153, 0.87856833, 0.04452991, 0.21514100)",None,Visible usable person instance (pedestrian/firefighter/civilian); tight accurate bounding box.,ANTIGRAVITY_VISUAL_QA,2026-09-26T03:55:00+07:00
3426,CAND_003426,MEDIUM,ADD,0,person,train,WEB02377.jpg,"(0.76640961, 0.62206126, 0.01562579, 0.04296358)",None,Visible usable person instance (pedestrian/firefighter/civilian); tight accurate bounding box.,ANTIGRAVITY_VISUAL_QA,2026-09-26T03:55:00+07:00
3429,CAND_003429,MEDIUM,ADJUST_BBOX,0,person,train,WEB04194.jpg,"(0.60703074, 0.85257317, 0.08438511, 0.29441463)","(0.60703074, 0.85268293, 0.08438511, 0.29463415)",Visible valid person instance at image boundary; coordinate clamped to frame edge.,ANTIGRAVITY_VISUAL_QA,2026-09-26T03:55:00+07:00
3430,CAND_003430,MEDIUM,ADD,0,person,train,WEB07445.jpg,"(0.37890920, 0.61463869, 0.02656840, 0.09883450)",None,Visible usable person instance (pedestrian/firefighter/civilian); tight accurate bounding box.,ANTIGRAVITY_VISUAL_QA,2026-09-26T03:55:00+07:00
3431,CAND_003431,MEDIUM,ADD,0,person,train,WEB07650.jpg,"(0.84062232, 0.84319048, 0.06250358, 0.26133333)",None,Visible usable person instance (pedestrian/firefighter/civilian); tight accurate bounding box.,ANTIGRAVITY_VISUAL_QA,2026-09-26T03:55:00+07:00
3433,CAND_003433,MEDIUM,ADD,0,person,train,WEB09325.jpg,"(0.70234375, 0.57500000, 0.01875000, 0.09166667)",None,Visible usable person instance (pedestrian/firefighter/civilian); tight accurate bounding box.,ANTIGRAVITY_VISUAL_QA,2026-09-26T03:55:00+07:00
3434,CAND_003434,MEDIUM,ADD,0,person,val,WEB07394.jpg,"(0.47734305, 0.59428934, 0.04219731, 0.08962775)",None,Visible usable person instance (pedestrian/firefighter/civilian); tight accurate bounding box.,ANTIGRAVITY_VISUAL_QA,2026-09-26T03:55:00+07:00
3435,CAND_003435,MEDIUM,ADD,0,person,test,WEB11641.jpg,"(0.38378906, 0.42638889, 0.02539062, 0.13611111)",None,Visible usable person instance (pedestrian/firefighter/civilian); tight accurate bounding box.,ANTIGRAVITY_VISUAL_QA,2026-09-26T03:55:00+07:00
3436,CAND_003436,MEDIUM,ADD,0,person,train,WEB03256.jpg,"(0.58085816, 0.87844193, 0.01719149, 0.10609065)",None,Visible usable person instance (pedestrian/firefighter/civilian); tight accurate bounding box.,ANTIGRAVITY_VISUAL_QA,2026-09-26T03:55:00+07:00
3437,CAND_003437,MEDIUM,ADD,0,person,train,WEB03950.jpg,"(0.36015625, 0.60763889, 0.04414063, 0.20000000)",None,Visible usable person instance (pedestrian/firefighter/civilian); tight accurate bounding box.,ANTIGRAVITY_VISUAL_QA,2026-09-26T03:55:00+07:00
3438,CAND_003438,MEDIUM,ADD,0,person,train,WEB07191.jpg,"(0.56523437, 0.46388889, 0.03281250, 0.11944444)",None,Visible usable person instance (pedestrian/firefighter/civilian); tight accurate bounding box.,ANTIGRAVITY_VISUAL_QA,2026-09-26T03:55:00+07:00
3439,CAND_003439,MEDIUM,ADD,0,person,val,WEB07601.jpg,"(0.86171955, 0.77666052, 0.01561924, 0.05915129)",None,Visible usable person instance (pedestrian/firefighter/civilian); tight accurate bounding box.,ANTIGRAVITY_VISUAL_QA,2026-09-26T03:55:00+07:00
3440,CAND_003440,MEDIUM,ADD,0,person,val,WEB09287.jpg,"(0.14179630, 0.61875000, 0.03985185, 0.15000000)",None,Visible usable person instance (pedestrian/firefighter/civilian); tight accurate bounding box.,ANTIGRAVITY_VISUAL_QA,2026-09-26T03:55:00+07:00
3441,CAND_003441,MEDIUM,ADD,0,person,test,WEB11452.jpg,"(0.15898248, 0.70861664, 0.04648248, 0.09329114)",None,Visible usable person instance (pedestrian/firefighter/civilian); tight accurate bounding box.,ANTIGRAVITY_VISUAL_QA,2026-09-26T03:55:00+07:00
3443,CAND_003443,MEDIUM,ADD,0,person,train,PublicDataset00946.jpg,"(0.88906667, 0.67110000, 0.03906667, 0.09453333)",None,Visible usable person instance (pedestrian/firefighter/civilian); tight accurate bounding box.,ANTIGRAVITY_VISUAL_QA,2026-09-26T03:55:00+07:00
3444,CAND_003444,MEDIUM,ADD,0,person,train,WEB03831.jpg,"(0.31250000, 0.73888889, 0.03945312, 0.15000000)",None,Visible usable person instance (pedestrian/firefighter/civilian); tight accurate bounding box.,ANTIGRAVITY_VISUAL_QA,2026-09-26T03:55:00+07:00
3446,CAND_003446,MEDIUM,ADD,0,person,train,WEB09351.jpg,"(0.87656250, 0.74166667, 0.02187500, 0.09722222)",None,Visible usable person instance (pedestrian/firefighter/civilian); tight accurate bounding box.,ANTIGRAVITY_VISUAL_QA,2026-09-26T03:55:00+07:00
3447,CAND_003447,MEDIUM,ADD,0,person,val,WEB07997.jpg,"(0.95625000, 0.53906250, 0.05000000, 0.12500000)",None,Visible usable person instance (pedestrian/firefighter/civilian); tight accurate bounding box.,ANTIGRAVITY_VISUAL_QA,2026-09-26T03:55:00+07:00
3448,CAND_003448,MEDIUM,ADD,0,person,test,WEB11652.jpg,"(0.48281250, 0.74375000, 0.02187500, 0.11527778)",None,Visible usable person instance (pedestrian/firefighter/civilian); tight accurate bounding box.,ANTIGRAVITY_VISUAL_QA,2026-09-26T03:55:00+07:00
3449,CAND_003449,MEDIUM,ADD,0,person,train,WEB03011.jpg,"(0.70000000, 0.61944444, 0.03593750, 0.07777778)",None,Visible usable person instance (pedestrian/firefighter/civilian); tight accurate bounding box.,ANTIGRAVITY_VISUAL_QA,2026-09-26T03:55:00+07:00
3450,CAND_003450,MEDIUM,ADD,0,person,train,WEB03950.jpg,"(0.81269531, 0.64444444, 0.07773437, 0.25000000)",None,Visible usable person instance (pedestrian/firefighter/civilian); tight accurate bounding box.,ANTIGRAVITY_VISUAL_QA,2026-09-26T03:55:00+07:00
3452,CAND_003452,MEDIUM,ADD,0,person,train,WEB05741.jpg,"(0.81875191, 0.28969388, 0.01563553, 0.04579592)",None,Visible usable person instance (pedestrian/firefighter/civilian); tight accurate bounding box.,ANTIGRAVITY_VISUAL_QA,2026-09-26T03:55:00+07:00
3453,CAND_003453,MEDIUM,ADD,0,person,train,WEB08897.jpg,"(0.56718750, 0.85972222, 0.01875000, 0.11111111)",None,Visible usable person instance (pedestrian/firefighter/civilian); tight accurate bounding box.,ANTIGRAVITY_VISUAL_QA,2026-09-26T03:55:00+07:00
3454,CAND_003454,MEDIUM,ADD,0,person,val,WEB08961.jpg,"(0.02352344, 0.75561798, 0.02601562, 0.09831461)",None,Visible usable person instance (pedestrian/firefighter/civilian); tight accurate bounding box.,ANTIGRAVITY_VISUAL_QA,2026-09-26T03:55:00+07:00
3457,CAND_003457,MEDIUM,ADD,0,person,test,WEB11084.jpg,"(0.14540179, 0.70820352, 0.04303571, 0.09452261)",None,Visible usable person instance (pedestrian/firefighter/civilian); tight accurate bounding box.,ANTIGRAVITY_VISUAL_QA,2026-09-26T03:55:00+07:00
3458,CAND_003458,MEDIUM,ADD,0,person,test,WEB11652.jpg,"(0.54179687, 0.76527778, 0.02734375, 0.17361111)",None,Visible usable person instance (pedestrian/firefighter/civilian); tight accurate bounding box.,ANTIGRAVITY_VISUAL_QA,2026-09-26T03:55:00+07:00
3459,CAND_003459,MEDIUM,ADD,0,person,train,WEB07169.jpg,"(0.19589710, 0.81352723, 0.03124011, 0.16418317)",None,Visible usable person instance (pedestrian/firefighter/civilian); tight accurate bounding box.,ANTIGRAVITY_VISUAL_QA,2026-09-26T03:55:00+07:00
3460,CAND_003460,MEDIUM,ADD,0,person,train,WEB07204.jpg,"(0.88984375, 0.38194444, 0.01718750, 0.07916667)",None,Visible usable person instance (pedestrian/firefighter/civilian); tight accurate bounding box.,ANTIGRAVITY_VISUAL_QA,2026-09-26T03:55:00+07:00
3461,CAND_003461,MEDIUM,ADD,0,person,train,WEB08959.jpg,"(0.16581250, 0.80758427, 0.05937500, 0.29775281)",None,Visible usable person instance (pedestrian/firefighter/civilian); tight accurate bounding box.,ANTIGRAVITY_VISUAL_QA,2026-09-26T03:55:00+07:00
3462,CAND_003462,MEDIUM,ADD,0,person,train,WEB03797.jpg,"(0.28046875, 0.28611111, 0.02734375, 0.11111111)",None,Visible usable person instance (pedestrian/firefighter/civilian); tight accurate bounding box.,ANTIGRAVITY_VISUAL_QA,2026-09-26T03:55:00+07:00
3463,CAND_003463,MEDIUM,ADD,0,person,train,WEB06068.jpg,"(0.43710938, 0.62638889, 0.02656250, 0.13055556)",None,Visible usable person instance (pedestrian/firefighter/civilian); tight accurate bounding box.,ANTIGRAVITY_VISUAL_QA,2026-09-26T03:55:00+07:00
3464,CAND_003464,MEDIUM,ADD,0,person,train,WEB07194.jpg,"(0.86640625, 0.37013889, 0.02812500, 0.16527778)",None,Visible usable person instance (pedestrian/firefighter/civilian); tight accurate bounding box.,ANTIGRAVITY_VISUAL_QA,2026-09-26T03:55:00+07:00
3465,CAND_003465,MEDIUM,ADD,0,person,train,WEB07214.jpg,"(0.80000000, 0.42777778, 0.03281250, 0.18888889)",None,Visible usable person instance (pedestrian/firefighter/civilian); tight accurate bounding box.,ANTIGRAVITY_VISUAL_QA,2026-09-26T03:55:00+07:00
3466,CAND_003466,MEDIUM,ADD,0,person,train,WEB07472.jpg,"(0.56835938, 0.43640898, 0.01875000, 0.06982544)",None,Visible usable person instance (pedestrian/firefighter/civilian); tight accurate bounding box.,ANTIGRAVITY_VISUAL_QA,2026-09-26T03:55:00+07:00
3467,CAND_003467,MEDIUM,ADD,0,person,train,WEB07898.jpg,"(0.54648855, 0.87070881, 0.05858779, 0.18781609)",None,Visible usable person instance (pedestrian/firefighter/civilian); tight accurate bounding box.,ANTIGRAVITY_VISUAL_QA,2026-09-26T03:55:00+07:00
3468,CAND_003468,MEDIUM,ADD,0,person,val,WEB07601.jpg,"(0.89609007, 0.94642066, 0.03750256, 0.10715867)",None,Visible usable person instance (pedestrian/firefighter/civilian); tight accurate bounding box.,ANTIGRAVITY_VISUAL_QA,2026-09-26T03:55:00+07:00
3469,CAND_003469,MEDIUM,ADD,0,person,val,WEB07656.jpg,"(0.90625000, 0.80584239, 0.07343878, 0.14980072)",None,Visible usable person instance (pedestrian/firefighter/civilian); tight accurate bounding box.,ANTIGRAVITY_VISUAL_QA,2026-09-26T03:55:00+07:00
3470,CAND_003470,MEDIUM,ADD,0,person,test,WEB11557.jpg,"(0.73710937, 0.48819444, 0.06562500, 0.37916667)",None,Visible usable person instance (pedestrian/firefighter/civilian); tight accurate bounding box.,ANTIGRAVITY_VISUAL_QA,2026-09-26T03:55:00+07:00
3471,CAND_003471,MEDIUM,ADD,0,person,train,WEB03966.jpg,"(0.83515000, 0.72361111, 0.14375000, 0.30415556)",None,Visible usable person instance (pedestrian/firefighter/civilian); tight accurate bounding box.,ANTIGRAVITY_VISUAL_QA,2026-09-26T03:55:00+07:00
3472,CAND_003472,MEDIUM,ADD,0,person,train,WEB06977.jpg,"(0.10038542, 0.49270833, 0.02793750, 0.11980556)",None,Visible usable person instance (pedestrian/firefighter/civilian); tight accurate bounding box.,ANTIGRAVITY_VISUAL_QA,2026-09-26T03:55:00+07:00
3473,CAND_003473,MEDIUM,ADD,0,person,train,WEB07955.jpg,"(0.62812500, 0.87361111, 0.02109914, 0.12224138)",None,Visible usable person instance (pedestrian/firefighter/civilian); tight accurate bounding box.,ANTIGRAVITY_VISUAL_QA,2026-09-26T03:55:00+07:00
3474,CAND_003474,MEDIUM,ADJUST_BBOX,0,person,train,WEB08421.jpg,"(0.01942969, 0.74027778, 0.03842188, 0.22777778)","(0.01932031, 0.74027778, 0.03864062, 0.22777778)",Visible valid person instance at image boundary; coordinate clamped to frame edge.,ANTIGRAVITY_VISUAL_QA,2026-09-26T03:55:00+07:00
3475,CAND_003475,MEDIUM,ADD,0,person,train,WEB08831.jpg,"(0.06835938, 0.44583333, 0.01640625, 0.07222222)",None,Visible usable person instance (pedestrian/firefighter/civilian); tight accurate bounding box.,ANTIGRAVITY_VISUAL_QA,2026-09-26T03:55:00+07:00
3476,CAND_003476,MEDIUM,ADD,0,person,train,WEB08900.jpg,"(0.48828125, 0.68055556, 0.02187500, 0.13055556)",None,Visible usable person instance (pedestrian/firefighter/civilian); tight accurate bounding box.,ANTIGRAVITY_VISUAL_QA,2026-09-26T03:55:00+07:00
3478,CAND_003478,MEDIUM,REJECT,0,person,val,WEB08723.jpg,"(0.44437500, 0.66795833, 0.02535000, 0.02969444)",None,Tiny ambiguous silhouette (5x10 px); insufficient pixel resolution to verify human instance.,ANTIGRAVITY_VISUAL_QA,2026-09-26T03:55:00+07:00
3479,CAND_003479,MEDIUM,ADD,0,person,train,WEB01499.jpg,"(0.38281250, 0.65277778, 0.05468750, 0.15833333)",None,Visible usable person instance (pedestrian/firefighter/civilian); tight accurate bounding box.,ANTIGRAVITY_VISUAL_QA,2026-09-26T03:55:00+07:00
3480,CAND_003480,MEDIUM,ADD,0,person,train,WEB03482.jpg,"(0.97031429, 0.80483309, 0.03438095, 0.15239478)",None,Visible usable person instance (pedestrian/firefighter/civilian); tight accurate bounding box.,ANTIGRAVITY_VISUAL_QA,2026-09-26T03:55:00+07:00
3482,CAND_003482,MEDIUM,ADD,0,person,train,WEB07955.jpg,"(0.72226832, 0.88888889, 0.03516164, 0.16666667)",None,Visible usable person instance (pedestrian/firefighter/civilian); tight accurate bounding box.,ANTIGRAVITY_VISUAL_QA,2026-09-26T03:55:00+07:00
3483,CAND_003483,MEDIUM,ADD,0,person,train,WEB09286.jpg,"(0.15381481, 0.78983333, 0.01933333, 0.08672222)",None,Visible usable person instance (pedestrian/firefighter/civilian); tight accurate bounding box.,ANTIGRAVITY_VISUAL_QA,2026-09-26T03:55:00+07:00
3484,CAND_003484,MEDIUM,ADD,0,person,val,WEB03942.jpg,"(0.29453125, 0.41371528, 0.03203125, 0.18645833)",None,Visible usable person instance (pedestrian/firefighter/civilian); tight accurate bounding box.,ANTIGRAVITY_VISUAL_QA,2026-09-26T03:55:00+07:00
3485,CAND_003485,MEDIUM,REJECT,0,person,val,WEB08002.jpg,"(0.90155280, 0.84416667, 0.01875776, 0.12576923)",None,Tiny ambiguous silhouette (6x19 px); insufficient pixel resolution to verify human instance.,ANTIGRAVITY_VISUAL_QA,2026-09-26T03:55:00+07:00
3487,CAND_003487,MEDIUM,ADD,0,person,train,WEB07080.jpg,"(0.06537891, 0.71875000, 0.01269531, 0.05555556)",None,Visible usable person instance (pedestrian/firefighter/civilian); tight accurate bounding box.,ANTIGRAVITY_VISUAL_QA,2026-09-26T03:55:00+07:00
3492,CAND_003492,MEDIUM,ADD,0,person,train,WEB02859.jpg,"(0.32968876, 0.71447109, 0.03554217, 0.24143865)",None,Visible usable person instance (pedestrian/firefighter/civilian); tight accurate bounding box.,ANTIGRAVITY_VISUAL_QA,2026-09-26T03:55:00+07:00
3494,CAND_003494,MEDIUM,ADD,0,person,train,WEB07763.jpg,"(0.29590000, 0.48642534, 0.01875000, 0.07067873)",None,Visible usable person instance (pedestrian/firefighter/civilian); tight accurate bounding box.,ANTIGRAVITY_VISUAL_QA,2026-09-26T03:55:00+07:00
3495,CAND_003495,MEDIUM,ADJUST_BBOX,0,person,train,WEB08750.jpg,"(0.96644608, 0.63866667, 0.06338235, 0.12577778)","(0.96737745, 0.63866667, 0.06524510, 0.12577778)",Visible valid person instance at image boundary; coordinate clamped to frame edge.,ANTIGRAVITY_VISUAL_QA,2026-09-26T03:55:00+07:00
3496,CAND_003496,MEDIUM,ADD,0,person,val,WEB07574.jpg,"(0.76094091, 0.49424879, 0.31406364, 0.97460420)",None,Visible usable person instance (pedestrian/firefighter/civilian); tight accurate bounding box.,ANTIGRAVITY_VISUAL_QA,2026-09-26T03:55:00+07:00
3497,CAND_003497,MEDIUM,ADD,0,person,val,WEB07780.jpg,"(0.45390110, 0.69441912, 0.05000000, 0.18630882)",None,Visible usable person instance (pedestrian/firefighter/civilian); tight accurate bounding box.,ANTIGRAVITY_VISUAL_QA,2026-09-26T03:55:00+07:00
3498,CAND_003498,MEDIUM,ADD,0,person,train,PublicDataset00906.jpg,"(0.61483780, 0.78013684, 0.07187588, 0.19589474)",None,Visible usable person instance (pedestrian/firefighter/civilian); tight accurate bounding box.,ANTIGRAVITY_VISUAL_QA,2026-09-26T03:55:00+07:00
3500,CAND_003500,MEDIUM,ADD,0,person,train,WEB07223.jpg,"(0.51992187, 0.50000000, 0.03515625, 0.15555556)",None,Visible usable person instance (pedestrian/firefighter/civilian); tight accurate bounding box.,ANTIGRAVITY_VISUAL_QA,2026-09-26T03:55:00+07:00
3501,CAND_003501,MEDIUM,ADD,0,person,train,WEB07376.jpg,"(0.26171569, 0.83627306, 0.01875000, 0.09645756)",None,Visible usable person instance (pedestrian/firefighter/civilian); tight accurate bounding box.,ANTIGRAVITY_VISUAL_QA,2026-09-26T03:55:00+07:00
3502,CAND_003502,MEDIUM,ADD,0,person,train,WEB07678.jpg,"(0.73046922, 0.82251376, 0.01875883, 0.07955963)",None,Visible usable person instance (pedestrian/firefighter/civilian); tight accurate bounding box.,ANTIGRAVITY_VISUAL_QA,2026-09-26T03:55:00+07:00
3503,CAND_003503,MEDIUM,ADD,0,person,train,WEB09186.jpg,"(0.16005702, 0.77013449, 0.05116667, 0.26071203)",None,Visible usable person instance (pedestrian/firefighter/civilian); tight accurate bounding box.,ANTIGRAVITY_VISUAL_QA,2026-09-26T03:55:00+07:00
3504,CAND_003504,MEDIUM,ADD,0,person,test,WEB10473.jpg,"(0.82812500, 0.39010417, 0.04062500, 0.23090278)",None,Visible usable person instance (pedestrian/firefighter/civilian); tight accurate bounding box.,ANTIGRAVITY_VISUAL_QA,2026-09-26T03:55:00+07:00
3505,CAND_003505,MEDIUM,ADD,0,person,test,WEB11452.jpg,"(0.08602426, 0.77256781, 0.09514825, 0.22643761)",None,Visible usable person instance (pedestrian/firefighter/civilian); tight accurate bounding box.,ANTIGRAVITY_VISUAL_QA,2026-09-26T03:55:00+07:00
3506,CAND_003506,MEDIUM,ADJUST_BBOX,0,person,train,WEB01914.jpg,"(0.16445313, 0.92777778, 0.11603125, 0.14166667)","(0.16445313, 0.92847222, 0.11603125, 0.14305556)",Visible valid person instance at image boundary; coordinate clamped to frame edge.,ANTIGRAVITY_VISUAL_QA,2026-09-26T03:55:00+07:00
3507,CAND_003507,MEDIUM,ADD,0,person,train,WEB02841.jpg,"(0.42422470, 0.62926544, 0.03281209, 0.09131886)",None,Visible usable person instance (pedestrian/firefighter/civilian); tight accurate bounding box.,ANTIGRAVITY_VISUAL_QA,2026-09-26T03:55:00+07:00
3508,CAND_003508,MEDIUM,ADD,0,person,train,WEB09099.jpg,"(0.60061832, 0.56250000, 0.03485496, 0.07968172)",None,Visible usable person instance (pedestrian/firefighter/civilian); tight accurate bounding box.,ANTIGRAVITY_VISUAL_QA,2026-09-26T03:55:00+07:00
3509,CAND_003509,MEDIUM,ADD,0,person,train,WEB09337.jpg,"(0.05185727, 0.56695392, 0.06992021, 0.24964164)",None,Visible usable person instance (pedestrian/firefighter/civilian); tight accurate bounding box.,ANTIGRAVITY_VISUAL_QA,2026-09-26T03:55:00+07:00
3510,CAND_003510,MEDIUM,ADD,0,person,val,WEB02382.jpg,"(0.51250000, 0.87638889, 0.01406250, 0.06111111)",None,Visible usable person instance (pedestrian/firefighter/civilian); tight accurate bounding box.,ANTIGRAVITY_VISUAL_QA,2026-09-26T03:55:00+07:00
3511,CAND_003511,MEDIUM,ADD,0,person,test,PublicDataset01328.jpg,"(0.77421963, 0.76280000, 0.02969159, 0.15743333)",None,Visible usable person instance (pedestrian/firefighter/civilian); tight accurate bounding box.,ANTIGRAVITY_VISUAL_QA,2026-09-26T03:55:00+07:00
3512,CAND_003512,MEDIUM,ADD,0,person,train,PublicDataset00865.jpg,"(0.93203125, 0.70715493, 0.07812500, 0.15962441)",None,Visible usable person instance (pedestrian/firefighter/civilian); tight accurate bounding box.,ANTIGRAVITY_VISUAL_QA,2026-09-26T03:55:00+07:00
3513,CAND_003513,MEDIUM,ADD,0,person,train,WEB03356.jpg,"(0.14716505, 0.79437322, 0.01386408, 0.06418803)",None,Visible usable person instance (pedestrian/firefighter/civilian); tight accurate bounding box.,ANTIGRAVITY_VISUAL_QA,2026-09-26T03:55:00+07:00
3515,CAND_003515,MEDIUM,ADD,0,person,train,WEB08841.jpg,"(0.28281250, 0.49305556, 0.01875000, 0.06388889)",None,Visible usable person instance (pedestrian/firefighter/civilian); tight accurate bounding box.,ANTIGRAVITY_VISUAL_QA,2026-09-26T03:55:00+07:00
3516,CAND_003516,MEDIUM,ADD,0,person,train,WEB09192.jpg,"(0.28984500, 0.55066768, 0.04765000, 0.16597876)",None,Visible usable person instance (pedestrian/firefighter/civilian); tight accurate bounding box.,ANTIGRAVITY_VISUAL_QA,2026-09-26T03:55:00+07:00
3517,CAND_003517,MEDIUM,ADD,0,person,val,WEB03941.jpg,"(0.64140625, 0.51388889, 0.06562500, 0.24166667)",None,Visible usable person instance (pedestrian/firefighter/civilian); tight accurate bounding box.,ANTIGRAVITY_VISUAL_QA,2026-09-26T03:55:00+07:00
3518,CAND_003518,MEDIUM,ADD,0,person,test,WEB11113.jpg,"(0.79765625, 0.68125000, 0.07343750, 0.10729167)",None,Visible usable person instance (pedestrian/firefighter/civilian); tight accurate bounding box.,ANTIGRAVITY_VISUAL_QA,2026-09-26T03:55:00+07:00
3519,CAND_003519,MEDIUM,ADD,0,person,train,WEB03457.jpg,"(0.86406167, 0.43702143, 0.01094273, 0.05067143)",None,Visible usable person instance (pedestrian/firefighter/civilian); tight accurate bounding box.,ANTIGRAVITY_VISUAL_QA,2026-09-26T03:55:00+07:00
3520,CAND_003520,MEDIUM,ADD,0,person,train,WEB07203.jpg,"(0.41367188, 0.42638889, 0.02265625, 0.16666667)",None,Visible usable person instance (pedestrian/firefighter/civilian); tight accurate bounding box.,ANTIGRAVITY_VISUAL_QA,2026-09-26T03:55:00+07:00
3521,CAND_003521,MEDIUM,ADD,0,person,test,WEB10140.jpg,"(0.43163934, 0.45369529, 0.06249685, 0.07718855)",None,Visible usable person instance (pedestrian/firefighter/civilian); tight accurate bounding box.,ANTIGRAVITY_VISUAL_QA,2026-09-26T03:55:00+07:00
3522,CAND_003522,MEDIUM,ADJUST_BBOX,0,person,test,WEB11652.jpg,"(0.39140625, 0.92222222, 0.07890625, 0.15000000)","(0.39140625, 0.92361111, 0.07890625, 0.15277778)",Visible valid person instance at image boundary; coordinate clamped to frame edge.,ANTIGRAVITY_VISUAL_QA,2026-09-26T03:55:00+07:00
3523,CAND_003523,MEDIUM,ADD,0,person,train,PublicDataset00864.jpg,"(0.77968750, 0.64861111, 0.02187500, 0.10833333)",None,Visible usable person instance (pedestrian/firefighter/civilian); tight accurate bounding box.,ANTIGRAVITY_VISUAL_QA,2026-09-26T03:55:00+07:00
3524,CAND_003524,MEDIUM,ADD,0,person,train,WEB07211.jpg,"(0.31445312, 0.41111111, 0.02187500, 0.09444444)",None,Visible usable person instance (pedestrian/firefighter/civilian); tight accurate bounding box.,ANTIGRAVITY_VISUAL_QA,2026-09-26T03:55:00+07:00
3525,CAND_003525,MEDIUM,ADD,0,person,train,WEB07960.jpg,"(0.44843750, 0.59583333, 0.06796875, 0.32222222)",None,Visible usable person instance (pedestrian/firefighter/civilian); tight accurate bounding box.,ANTIGRAVITY_VISUAL_QA,2026-09-26T03:55:00+07:00
3526,CAND_003526,MEDIUM,ADJUST_BBOX,0,person,train,WEB09110.jpg,"(0.72382500, 0.93294792, 0.02735000, 0.13281250)","(0.72382500, 0.93327083, 0.02735000, 0.13345833)",Visible valid person instance at image boundary; coordinate clamped to frame edge.,ANTIGRAVITY_VISUAL_QA,2026-09-26T03:55:00+07:00
3527,CAND_003527,MEDIUM,ADJUST_BBOX,0,person,test,WEB11528.jpg,"(0.50820312, 0.96527778, 0.02890625, 0.06527778)","(0.50820312, 0.96631944, 0.02890625, 0.06736111)",Visible valid person instance at image boundary; coordinate clamped to frame edge.,ANTIGRAVITY_VISUAL_QA,2026-09-26T03:55:00+07:00
3528,CAND_003528,MEDIUM,ADD,0,person,test,WEB11683.jpg,"(0.22968750, 0.79583333, 0.02343750, 0.28333333)",None,Visible usable person instance (pedestrian/firefighter/civilian); tight accurate bounding box.,ANTIGRAVITY_VISUAL_QA,2026-09-26T03:55:00+07:00
3529,CAND_003529,MEDIUM,ADD,0,person,train,WEB07205.jpg,"(0.19511719, 0.39722222, 0.02070312, 0.15555556)",None,Visible usable person instance (pedestrian/firefighter/civilian); tight accurate bounding box.,ANTIGRAVITY_VISUAL_QA,2026-09-26T03:55:00+07:00
3530,CAND_003530,MEDIUM,ADD,0,person,train,WEB07232.jpg,"(0.33203125, 0.21180556, 0.02500000, 0.13611111)",None,Visible usable person instance (pedestrian/firefighter/civilian); tight accurate bounding box.,ANTIGRAVITY_VISUAL_QA,2026-09-26T03:55:00+07:00
3532,CAND_003532,MEDIUM,ADD,0,person,val,WEB09298.jpg,"(0.03918750, 0.52638889, 0.01762500, 0.06944444)",None,Visible usable person instance (pedestrian/firefighter/civilian); tight accurate bounding box.,ANTIGRAVITY_VISUAL_QA,2026-09-26T03:55:00+07:00
3534,CAND_003534,MEDIUM,REJECT,0,person,train,WEB08748.jpg,"(0.29090686, 0.48944444, 0.03857843, 0.06250000)",None,Tiny ambiguous silhouette (7x22 px); insufficient pixel resolution to verify human instance.,ANTIGRAVITY_VISUAL_QA,2026-09-26T03:55:00+07:00
3535,CAND_003535,MEDIUM,ADD,0,person,val,WEB07664.jpg,"(0.51875000, 0.73511775, 0.02186735, 0.08599638)",None,Visible usable person instance (pedestrian/firefighter/civilian); tight accurate bounding box.,ANTIGRAVITY_VISUAL_QA,2026-09-26T03:55:00+07:00
3536,CAND_003536,LOW,ADD,1,helmet,test,WEB10486.jpg,"(0.59765654, 0.42747699, 0.03124309, 0.04164110)",None,Genuine safety hardhat/firefighter helmet on personnel; clear rigid shell structure and tight bounding box.,ANTIGRAVITY_VISUAL_QA,2026-09-26T03:55:00+07:00
3537,CAND_003537,LOW,ADD,0,person,train,WEB03391.jpg,"(0.47382872, 0.71156198, 0.01405542, 0.04510744)",None,Visible usable person instance (pedestrian/firefighter/civilian); tight accurate bounding box.,ANTIGRAVITY_VISUAL_QA,2026-09-26T03:55:00+07:00
3538,CAND_003538,LOW,ADD,0,person,train,WEB05414.jpg,"(0.58095960, 0.42509722, 0.11080808, 0.17169444)",None,Visible usable person instance (pedestrian/firefighter/civilian); tight accurate bounding box.,ANTIGRAVITY_VISUAL_QA,2026-09-26T03:55:00+07:00
3539,CAND_003539,LOW,ADD,0,person,train,WEB05431.jpg,"(0.75638889, 0.58670833, 0.12217172, 0.11875000)",None,Visible usable person instance (pedestrian/firefighter/civilian); tight accurate bounding box.,ANTIGRAVITY_VISUAL_QA,2026-09-26T03:55:00+07:00
3540,CAND_003540,LOW,ADD,0,person,train,WEB09035.jpg,"(0.61132812, 0.68194444, 0.03437500, 0.15000000)",None,Visible usable person instance (pedestrian/firefighter/civilian); tight accurate bounding box.,ANTIGRAVITY_VISUAL_QA,2026-09-26T03:55:00+07:00
3541,CAND_003541,LOW,ADD,0,person,train,WEB09351.jpg,"(0.33789062, 0.79375000, 0.02109375, 0.07916667)",None,Visible usable person instance (pedestrian/firefighter/civilian); tight accurate bounding box.,ANTIGRAVITY_VISUAL_QA,2026-09-26T03:55:00+07:00
3542,CAND_003542,LOW,REJECT,0,person,val,WEB04709.jpg,"(0.43525000, 0.77638889, 0.12950000, 0.20277778)",None,"False positive person detection on vertical inanimate structure/object (conf=0.400, aspect=0.88); non-human object.",ANTIGRAVITY_VISUAL_QA,2026-09-26T03:55:00+07:00
3543,CAND_003543,LOW,ADD,0,person,train,WEB06472.jpg,"(0.67248884, 0.90156018, 0.05162946, 0.05937593)",None,Visible usable person instance (pedestrian/firefighter/civilian); tight accurate bounding box.,ANTIGRAVITY_VISUAL_QA,2026-09-26T03:55:00+07:00
3544,CAND_003544,LOW,ADD,0,person,train,WEB08326.jpg,"(0.27460937, 0.62847222, 0.04218750, 0.18611111)",None,Visible usable person instance (pedestrian/firefighter/civilian); tight accurate bounding box.,ANTIGRAVITY_VISUAL_QA,2026-09-26T03:55:00+07:00
3545,CAND_003545,LOW,ADD,0,person,val,WEB07227.jpg,"(0.44414063, 0.37291667, 0.02656250, 0.12222222)",None,Visible usable person instance (pedestrian/firefighter/civilian); tight accurate bounding box.,ANTIGRAVITY_VISUAL_QA,2026-09-26T03:55:00+07:00
3546,CAND_003546,LOW,ADD,0,person,train,WEB06616.jpg,"(0.56836000, 0.76602699, 0.02578000, 0.07730135)",None,Visible usable person instance (pedestrian/firefighter/civilian); tight accurate bounding box.,ANTIGRAVITY_VISUAL_QA,2026-09-26T03:55:00+07:00
3547,CAND_003547,LOW,ADD,1,helmet,train,WEB07245.jpg,"(0.40234350, 0.43211538, 0.04218299, 0.05929487)",None,Genuine safety hardhat/firefighter helmet on personnel; clear rigid shell structure and tight bounding box.,ANTIGRAVITY_VISUAL_QA,2026-09-26T03:55:00+07:00
3548,CAND_003548,LOW,ADD,0,person,train,WEB07935.jpg,"(0.97031250, 0.30910326, 0.05937500, 0.45380435)",None,Visible usable person instance (pedestrian/firefighter/civilian); tight accurate bounding box.,ANTIGRAVITY_VISUAL_QA,2026-09-26T03:55:00+07:00
3549,CAND_003549,LOW,ADD,0,person,train,WEB08716.jpg,"(0.49062823, 0.50196059, 0.01562454, 0.06457143)",None,Visible usable person instance (pedestrian/firefighter/civilian); tight accurate bounding box.,ANTIGRAVITY_VISUAL_QA,2026-09-26T03:55:00+07:00
3550,CAND_003550,LOW,REJECT,0,person,val,AoF04509.jpg,"(0.73750000, 0.29041802, 0.13437100, 0.34850163)",None,False positive person detection on flame region (IoU=0.37 with GT fire).,ANTIGRAVITY_VISUAL_QA,2026-09-26T03:55:00+07:00
3551,CAND_003551,LOW,ADD,1,helmet,val,WEB07938.jpg,"(0.30781453, 0.40535714, 0.03046638, 0.05005792)",None,Genuine safety hardhat/firefighter helmet on personnel; clear rigid shell structure and tight bounding box.,ANTIGRAVITY_VISUAL_QA,2026-09-26T03:55:00+07:00
3552,CAND_003552,LOW,REJECT,1,helmet,val,WEB08377.jpg,"(0.41406250, 0.45342020, 0.02265625, 0.02866450)",None,Distant blurred head silhouette (11x8 px); insufficient pixels to verify safety helmet.,ANTIGRAVITY_VISUAL_QA,2026-09-26T03:55:00+07:00
3553,CAND_003553,LOW,ADD,0,person,val,WEB08379.jpg,"(0.11005589, 0.49613436, 0.02421748, 0.11852423)",None,Visible usable person instance (pedestrian/firefighter/civilian); tight accurate bounding box.,ANTIGRAVITY_VISUAL_QA,2026-09-26T03:55:00+07:00
3554,CAND_003554,LOW,ADD,0,person,test,WEB10376.jpg,"(0.34140879, 0.70394737, 0.01796562, 0.08610242)",None,Visible usable person instance (pedestrian/firefighter/civilian); tight accurate bounding box.,ANTIGRAVITY_VISUAL_QA,2026-09-26T03:55:00+07:00
3555,CAND_003555,LOW,REJECT,0,person,test,WEB11651.jpg,"(0.54140625, 0.56597222, 0.01171875, 0.05416667)",None,Tiny ambiguous silhouette (7x19 px); insufficient pixel resolution to verify human instance.,ANTIGRAVITY_VISUAL_QA,2026-09-26T03:55:00+07:00
3556,CAND_003556,LOW,ADJUST_BBOX,0,person,train,WEB02937.jpg,"(0.01735938, 0.85393258, 0.03300000, 0.08988764)","(0.01692969, 0.85393258, 0.03385938, 0.08988764)",Visible valid person instance at image boundary; coordinate clamped to frame edge.,ANTIGRAVITY_VISUAL_QA,2026-09-26T03:55:00+07:00
3557,CAND_003557,LOW,ADD,0,person,train,WEB04079.jpg,"(0.51875000, 0.45000000, 0.03594681, 0.07812766)",None,Visible usable person instance (pedestrian/firefighter/civilian); tight accurate bounding box.,ANTIGRAVITY_VISUAL_QA,2026-09-26T03:55:00+07:00
3558,CAND_003558,LOW,ADD,0,person,train,WEB06528.jpg,"(0.36171477, 0.60382353, 0.02499151, 0.07601810)",None,Visible usable person instance (pedestrian/firefighter/civilian); tight accurate bounding box.,ANTIGRAVITY_VISUAL_QA,2026-09-26T03:55:00+07:00
3559,CAND_003559,LOW,ADD,0,person,train,WEB07955.jpg,"(0.05967134, 0.85833333, 0.03554957, 0.18333333)",None,Visible usable person instance (pedestrian/firefighter/civilian); tight accurate bounding box.,ANTIGRAVITY_VISUAL_QA,2026-09-26T03:55:00+07:00
3560,CAND_003560,LOW,ADD,0,person,train,WEB07955.jpg,"(0.09028556, 0.84514368, 0.03212284, 0.16250958)",None,Visible usable person instance (pedestrian/firefighter/civilian); tight accurate bounding box.,ANTIGRAVITY_VISUAL_QA,2026-09-26T03:55:00+07:00
3561,CAND_003561,LOW,ADD,0,person,test,WEB09474.jpg,"(0.73632407, 0.69961111, 0.03124074, 0.15233333)",None,Visible usable person instance (pedestrian/firefighter/civilian); tight accurate bounding box.,ANTIGRAVITY_VISUAL_QA,2026-09-26T03:55:00+07:00
3562,CAND_003562,LOW,ADJUST_BBOX,0,person,test,WEB11753.jpg,"(0.62890625, 0.96805556, 0.03281250, 0.06111111)","(0.62890625, 0.96875000, 0.03281250, 0.06250000)",Visible valid person instance at image boundary; coordinate clamped to frame edge.,ANTIGRAVITY_VISUAL_QA,2026-09-26T03:55:00+07:00
3563,CAND_003563,LOW,ADJUST_BBOX,0,person,train,WEB02388.jpg,"(0.89375000, 0.61678404, 0.21093750, 0.69835681)","(0.89414063, 0.61678404, 0.21171875, 0.69835681)",Visible valid person instance at image boundary; coordinate clamped to frame edge.,ANTIGRAVITY_VISUAL_QA,2026-09-26T03:55:00+07:00
3564,CAND_003564,LOW,ADD,0,person,train,WEB06781.jpg,"(0.72322917, 0.54218750, 0.04141667, 0.03906840)",None,Visible usable person instance (pedestrian/firefighter/civilian); tight accurate bounding box.,ANTIGRAVITY_VISUAL_QA,2026-09-26T03:55:00+07:00
3565,CAND_003565,LOW,ADD,0,person,train,WEB08751.jpg,"(0.26161765, 0.55937500, 0.06617647, 0.08908333)",None,Visible usable person instance (pedestrian/firefighter/civilian); tight accurate bounding box.,ANTIGRAVITY_VISUAL_QA,2026-09-26T03:55:00+07:00
3566,CAND_003566,LOW,ADD,1,helmet,train,WEB09143.jpg,"(0.45859286, 0.62122618, 0.02968571, 0.03891995)",None,Genuine safety hardhat/firefighter helmet on personnel; clear rigid shell structure and tight bounding box.,ANTIGRAVITY_VISUAL_QA,2026-09-26T03:55:00+07:00
3567,CAND_003567,LOW,REJECT,1,helmet,train,WEB09328.jpg,"(0.55351562, 0.15902778, 0.10156250, 0.17777778)",None,False positive helmet detection on background scene; no person instance present.,ANTIGRAVITY_VISUAL_QA,2026-09-26T03:55:00+07:00
3568,CAND_003568,LOW,ADD,0,person,test,WEB10500.jpg,"(0.45546888, 0.47323883, 0.08280517, 0.28561856)",None,Visible usable person instance (pedestrian/firefighter/civilian); tight accurate bounding box.,ANTIGRAVITY_VISUAL_QA,2026-09-26T03:55:00+07:00
3569,CAND_003569,LOW,ADD,0,person,train,AoF02380.jpg,"(0.42265625, 0.17482639, 0.12734375, 0.33993056)",None,Visible usable person instance (pedestrian/firefighter/civilian); tight accurate bounding box.,ANTIGRAVITY_VISUAL_QA,2026-09-26T03:55:00+07:00
3570,CAND_003570,LOW,ADD,0,person,train,WEB07146.jpg,"(0.37500000, 0.55277778, 0.02187500, 0.13194444)",None,Visible usable person instance (pedestrian/firefighter/civilian); tight accurate bounding box.,ANTIGRAVITY_VISUAL_QA,2026-09-26T03:55:00+07:00
3571,CAND_003571,LOW,ADD,0,person,train,WEB07750.jpg,"(0.31738125, 0.47612360, 0.01796250, 0.08146067)",None,Visible usable person instance (pedestrian/firefighter/civilian); tight accurate bounding box.,ANTIGRAVITY_VISUAL_QA,2026-09-26T03:55:00+07:00
3572,CAND_003572,LOW,ADD,0,person,val,WEB05349.jpg,"(0.65000000, 0.70208333, 0.02187500, 0.08472222)",None,Visible usable person instance (pedestrian/firefighter/civilian); tight accurate bounding box.,ANTIGRAVITY_VISUAL_QA,2026-09-26T03:55:00+07:00
3573,CAND_003573,LOW,REJECT,0,person,train,AoF04432.jpg,"(0.41796241, 0.86115068, 0.01406015, 0.05835616)",None,Tiny ambiguous silhouette (9x21 px); insufficient pixel resolution to verify human instance.,ANTIGRAVITY_VISUAL_QA,2026-09-26T03:55:00+07:00
3574,CAND_003574,LOW,ADD,0,person,train,WEB03717.jpg,"(0.89687574, 0.89867133, 0.02811834, 0.13850816)",None,Visible usable person instance (pedestrian/firefighter/civilian); tight accurate bounding box.,ANTIGRAVITY_VISUAL_QA,2026-09-26T03:55:00+07:00
3575,CAND_003575,LOW,ADD,0,person,train,WEB08901.jpg,"(0.60078125, 0.75972222, 0.02421875, 0.13333333)",None,Visible usable person instance (pedestrian/firefighter/civilian); tight accurate bounding box.,ANTIGRAVITY_VISUAL_QA,2026-09-26T03:55:00+07:00
3576,CAND_003576,LOW,ADD,1,helmet,train,WEB09132.jpg,"(0.67890424, 0.41901840, 0.13125230, 0.14834356)",None,Genuine safety hardhat/firefighter helmet on personnel; clear rigid shell structure and tight bounding box.,ANTIGRAVITY_VISUAL_QA,2026-09-26T03:55:00+07:00
3577,CAND_003577,LOW,ADD,0,person,val,WEB07664.jpg,"(0.19160204, 0.73927536, 0.02030612, 0.08322464)",None,Visible usable person instance (pedestrian/firefighter/civilian); tight accurate bounding box.,ANTIGRAVITY_VISUAL_QA,2026-09-26T03:55:00+07:00
3578,CAND_003578,LOW,ADD,0,person,test,PublicDataset01300.jpg,"(0.78125000, 0.81562500, 0.02030000, 0.09375000)",None,Visible usable person instance (pedestrian/firefighter/civilian); tight accurate bounding box.,ANTIGRAVITY_VISUAL_QA,2026-09-26T03:55:00+07:00
3579,CAND_003579,LOW,ADD,0,person,test,WEB10466.jpg,"(0.84220000, 0.53288557, 0.07813333, 0.29850746)",None,Visible usable person instance (pedestrian/firefighter/civilian); tight accurate bounding box.,ANTIGRAVITY_VISUAL_QA,2026-09-26T03:55:00+07:00
3580,CAND_003580,LOW,ADD,0,person,train,AoF03423.jpg,"(0.17890625, 0.69930556, 0.07304687, 0.21111111)",None,Visible usable person instance (pedestrian/firefighter/civilian); tight accurate bounding box.,ANTIGRAVITY_VISUAL_QA,2026-09-26T03:55:00+07:00
3581,CAND_003581,LOW,ADD,0,person,train,WEB02916.jpg,"(0.13593779, 0.75813314, 0.02109331, 0.04558611)",None,Visible usable person instance (pedestrian/firefighter/civilian); tight accurate bounding box.,ANTIGRAVITY_VISUAL_QA,2026-09-26T03:55:00+07:00
3582,CAND_003582,LOW,ADD,0,person,train,WEB05074.jpg,"(0.33359375, 0.48055556, 0.15781250, 0.55694444)",None,Visible usable person instance (pedestrian/firefighter/civilian); tight accurate bounding box.,ANTIGRAVITY_VISUAL_QA,2026-09-26T03:55:00+07:00
3583,CAND_003583,LOW,REJECT,0,person,train,WEB08841.jpg,"(0.23183594, 0.47916667, 0.01523437, 0.09166667)",None,Tiny ambiguous silhouette (9x33 px); insufficient pixel resolution to verify human instance.,ANTIGRAVITY_VISUAL_QA,2026-09-26T03:55:00+07:00
3584,CAND_003584,LOW,ADD,0,person,val,WEB07957.jpg,"(0.79062016, 0.70937500, 0.06666667, 0.06483527)",None,Visible usable person instance (pedestrian/firefighter/civilian); tight accurate bounding box.,ANTIGRAVITY_VISUAL_QA,2026-09-26T03:55:00+07:00
3585,CAND_003585,LOW,ADD,0,person,val,WEB07997.jpg,"(0.83359375, 0.50937500, 0.03125000, 0.12395833)",None,Visible usable person instance (pedestrian/firefighter/civilian); tight accurate bounding box.,ANTIGRAVITY_VISUAL_QA,2026-09-26T03:55:00+07:00
3586,CAND_003586,LOW,ADD,0,person,val,WEB09287.jpg,"(0.34609259, 0.65741667, 0.03670370, 0.15938889)",None,Visible usable person instance (pedestrian/firefighter/civilian); tight accurate bounding box.,ANTIGRAVITY_VISUAL_QA,2026-09-26T03:55:00+07:00
3587,CAND_003587,LOW,ADD,0,person,train,WEB03912.jpg,"(0.47929688, 0.67222222, 0.03359375, 0.16666667)",None,Visible usable person instance (pedestrian/firefighter/civilian); tight accurate bounding box.,ANTIGRAVITY_VISUAL_QA,2026-09-26T03:55:00+07:00
3588,CAND_003588,LOW,ADJUST_BBOX,0,person,train,WEB07256.jpg,"(0.59218382, 0.96728571, 0.02813235, 0.06070130)","(0.59218382, 0.96846753, 0.02813235, 0.06306494)",Visible valid person instance at image boundary; coordinate clamped to frame edge.,ANTIGRAVITY_VISUAL_QA,2026-09-26T03:55:00+07:00
3589,CAND_003589,LOW,ADD,1,helmet,train,WEB07554.jpg,"(0.07821888, 0.66270508, 0.02890558, 0.04267578)",None,Genuine safety hardhat/firefighter helmet on personnel; clear rigid shell structure and tight bounding box.,ANTIGRAVITY_VISUAL_QA,2026-09-26T03:55:00+07:00
3590,CAND_003590,LOW,ADD,1,helmet,train,WEB07675.jpg,"(0.27617445, 0.45965455, 0.04921703, 0.05687273)",None,Genuine safety hardhat/firefighter helmet on personnel; clear rigid shell structure and tight bounding box.,ANTIGRAVITY_VISUAL_QA,2026-09-26T03:55:00+07:00
3591,CAND_003591,LOW,ADD,0,person,train,WEB07861.jpg,"(0.44166667, 0.65000000, 0.07500000, 0.08437500)",None,Visible usable person instance (pedestrian/firefighter/civilian); tight accurate bounding box.,ANTIGRAVITY_VISUAL_QA,2026-09-26T03:55:00+07:00
3592,CAND_003592,LOW,ADD,0,person,train,WEB08832.jpg,"(0.22753906, 0.45000000, 0.02382812, 0.14166667)",None,Visible usable person instance (pedestrian/firefighter/civilian); tight accurate bounding box.,ANTIGRAVITY_VISUAL_QA,2026-09-26T03:55:00+07:00
3593,CAND_003593,LOW,ADD,0,person,train,WEB09238.jpg,"(0.29257752, 0.70000000, 0.01562016, 0.05416021)",None,Visible usable person instance (pedestrian/firefighter/civilian); tight accurate bounding box.,ANTIGRAVITY_VISUAL_QA,2026-09-26T03:55:00+07:00
3594,CAND_003594,LOW,REJECT,1,helmet,val,WEB08377.jpg,"(0.30605469, 0.45472313, 0.02695312, 0.03387622)",None,Distant blurred head silhouette (13x10 px); insufficient pixels to verify safety helmet.,ANTIGRAVITY_VISUAL_QA,2026-09-26T03:55:00+07:00
3595,CAND_003595,LOW,ADD,0,person,test,PublicDataset01300.jpg,"(0.16220833, 0.81972500, 0.02208333, 0.08085000)",None,Visible usable person instance (pedestrian/firefighter/civilian); tight accurate bounding box.,ANTIGRAVITY_VISUAL_QA,2026-09-26T03:55:00+07:00
3596,CAND_003596,LOW,ADD,0,person,test,WEB11237.jpg,"(0.47890625, 0.40763889, 0.04296875, 0.17777778)",None,Visible usable person instance (pedestrian/firefighter/civilian); tight accurate bounding box.,ANTIGRAVITY_VISUAL_QA,2026-09-26T03:55:00+07:00
3597,CAND_003597,LOW,ADD,0,person,train,WEB05544.jpg,"(0.44921875, 0.65972222, 0.04062500, 0.11250000)",None,Visible usable person instance (pedestrian/firefighter/civilian); tight accurate bounding box.,ANTIGRAVITY_VISUAL_QA,2026-09-26T03:55:00+07:00
3598,CAND_003598,LOW,ADD,0,person,train,WEB07641.jpg,"(0.12470504, 0.83374365, 0.01582734, 0.10474619)",None,Visible usable person instance (pedestrian/firefighter/civilian); tight accurate bounding box.,ANTIGRAVITY_VISUAL_QA,2026-09-26T03:55:00+07:00
3599,CAND_003599,LOW,ADD,0,person,train,WEB08438.jpg,"(0.08183594, 0.46666667, 0.02851562, 0.12777778)",None,Visible usable person instance (pedestrian/firefighter/civilian); tight accurate bounding box.,ANTIGRAVITY_VISUAL_QA,2026-09-26T03:55:00+07:00
3600,CAND_003600,LOW,ADD,0,person,train,WEB08712.jpg,"(0.64765723, 0.87366667, 0.03125786, 0.14905556)",None,Visible usable person instance (pedestrian/firefighter/civilian); tight accurate bounding box.,ANTIGRAVITY_VISUAL_QA,2026-09-26T03:55:00+07:00
3601,CAND_003601,LOW,ADD,0,person,test,PublicDataset01300.jpg,"(0.75546667, 0.81913750, 0.02186667, 0.08672500)",None,Visible usable person instance (pedestrian/firefighter/civilian); tight accurate bounding box.,ANTIGRAVITY_VISUAL_QA,2026-09-26T03:55:00+07:00
3602,CAND_003602,LOW,ADD,0,person,test,WEB11221.jpg,"(0.32148437, 0.53125000, 0.01718750, 0.04166667)",None,Visible usable person instance (pedestrian/firefighter/civilian); tight accurate bounding box.,ANTIGRAVITY_VISUAL_QA,2026-09-26T03:55:00+07:00
3603,CAND_003603,LOW,ADD,1,helmet,test,WEB11452.jpg,"(0.38262129, 0.71490958, 0.03047170, 0.03983725)",None,Genuine safety hardhat/firefighter helmet on personnel; clear rigid shell structure and tight bounding box.,ANTIGRAVITY_VISUAL_QA,2026-09-26T03:55:00+07:00
3604,CAND_003604,LOW,REJECT,1,helmet,test,WEB11667.jpg,"(0.53515625, 0.73244382, 0.01718750, 0.01966292)",None,Distant blurred head silhouette (11x7 px); insufficient pixels to verify safety helmet.,ANTIGRAVITY_VISUAL_QA,2026-09-26T03:55:00+07:00
3605,CAND_003605,LOW,ADD,0,person,train,PublicDataset00867.jpg,"(0.60390833, 0.69407520, 0.05311667, 0.06193089)",None,Visible usable person instance (pedestrian/firefighter/civilian); tight accurate bounding box.,ANTIGRAVITY_VISUAL_QA,2026-09-26T03:55:00+07:00
3606,CAND_003606,LOW,ADD,0,person,train,WEB00112.jpg,"(0.73672222, 0.69786111, 0.03125926, 0.14883333)",None,Visible usable person instance (pedestrian/firefighter/civilian); tight accurate bounding box.,ANTIGRAVITY_VISUAL_QA,2026-09-26T03:55:00+07:00
3607,CAND_003607,LOW,ADD,0,person,val,WEB07056.jpg,"(0.83125000, 0.36927083, 0.02187500, 0.11701389)",None,Visible usable person instance (pedestrian/firefighter/civilian); tight accurate bounding box.,ANTIGRAVITY_VISUAL_QA,2026-09-26T03:55:00+07:00
3608,CAND_003608,LOW,ADD,0,person,test,WEB10097.jpg,"(0.15341797, 0.38055556, 0.02207031, 0.08055556)",None,Visible usable person instance (pedestrian/firefighter/civilian); tight accurate bounding box.,ANTIGRAVITY_VISUAL_QA,2026-09-26T03:55:00+07:00
3609,CAND_003609,LOW,ADD,0,person,train,WEB03178.jpg,"(0.86719072, 0.84065916, 0.12030928, 0.31286174)",None,Visible usable person instance (pedestrian/firefighter/civilian); tight accurate bounding box.,ANTIGRAVITY_VISUAL_QA,2026-09-26T03:55:00+07:00
3610,CAND_003610,LOW,REJECT,0,person,train,WEB09016.jpg,"(0.00844375, 0.75104167, 0.01646250, 0.28541667)",None,"Unusable extreme frame edge truncation (1.6%w x 28.5%h, aspect=13.00) showing only marginal body sliver.",ANTIGRAVITY_VISUAL_QA,2026-09-26T03:55:00+07:00
3611,CAND_003611,LOW,ADD,0,person,test,WEB10221.jpg,"(0.58281222, 0.80654066, 0.03593446, 0.22900143)",None,Visible usable person instance (pedestrian/firefighter/civilian); tight accurate bounding box.,ANTIGRAVITY_VISUAL_QA,2026-09-26T03:55:00+07:00
3612,CAND_003612,LOW,REJECT,0,person,train,WEB03362.jpg,"(0.17963519, 0.97968454, 0.07652361, 0.04063091)",None,"False positive person detection on vertical inanimate structure/object (conf=0.389, aspect=0.72); non-human object.",ANTIGRAVITY_VISUAL_QA,2026-09-26T03:55:00+07:00
3613,CAND_003613,LOW,ADD,0,person,train,WEB03717.jpg,"(0.09579882, 0.90009324, 0.03789349, 0.19981352)",None,Visible usable person instance (pedestrian/firefighter/civilian); tight accurate bounding box.,ANTIGRAVITY_VISUAL_QA,2026-09-26T03:55:00+07:00
3614,CAND_003614,LOW,ADD,0,person,train,WEB03985.jpg,"(0.69023585, 0.40439583, 0.25233491, 0.45270833)",None,Visible usable person instance (pedestrian/firefighter/civilian); tight accurate bounding box.,ANTIGRAVITY_VISUAL_QA,2026-09-26T03:55:00+07:00
3615,CAND_003615,LOW,ADD,0,person,train,WEB04438.jpg,"(0.11388889, 0.30691000, 0.08511111, 0.40570000)",None,Visible usable person instance (pedestrian/firefighter/civilian); tight accurate bounding box.,ANTIGRAVITY_VISUAL_QA,2026-09-26T03:55:00+07:00
3616,CAND_003616,LOW,ADD,0,person,train,WEB04828.jpg,"(0.16816406, 0.50972222, 0.03789062, 0.10555556)",None,Visible usable person instance (pedestrian/firefighter/civilian); tight accurate bounding box.,ANTIGRAVITY_VISUAL_QA,2026-09-26T03:55:00+07:00
3617,CAND_003617,LOW,ADD,0,person,train,WEB05410.jpg,"(0.86406250, 0.76666667, 0.02500000, 0.10833333)",None,Visible usable person instance (pedestrian/firefighter/civilian); tight accurate bounding box.,ANTIGRAVITY_VISUAL_QA,2026-09-26T03:55:00+07:00
3618,CAND_003618,LOW,ADD,0,person,train,WEB07935.jpg,"(0.84765625, 0.48233696, 0.14062500, 0.46739130)",None,Visible usable person instance (pedestrian/firefighter/civilian); tight accurate bounding box.,ANTIGRAVITY_VISUAL_QA,2026-09-26T03:55:00+07:00
3619,CAND_003619,LOW,ADD,0,person,train,WEB09019.jpg,"(0.62890625, 0.72361111, 0.02968750, 0.10000000)",None,Visible usable person instance (pedestrian/firefighter/civilian); tight accurate bounding box.,ANTIGRAVITY_VISUAL_QA,2026-09-26T03:55:00+07:00
3620,CAND_003620,LOW,ADD,0,person,test,WEB09962.jpg,"(0.39179687, 0.53888889, 0.01953125, 0.04583333)",None,Visible usable person instance (pedestrian/firefighter/civilian); tight accurate bounding box.,ANTIGRAVITY_VISUAL_QA,2026-09-26T03:55:00+07:00
3621,CAND_003621,LOW,ADD,0,person,test,WEB11435.jpg,"(0.59140625, 0.39605978, 0.04531250, 0.07880435)",None,Visible usable person instance (pedestrian/firefighter/civilian); tight accurate bounding box.,ANTIGRAVITY_VISUAL_QA,2026-09-26T03:55:00+07:00
3622,CAND_003622,LOW,ADD,0,person,train,WEB04224.jpg,"(0.21562500, 0.45504498, 0.01171000, 0.05152924)",None,Visible usable person instance (pedestrian/firefighter/civilian); tight accurate bounding box.,ANTIGRAVITY_VISUAL_QA,2026-09-26T03:55:00+07:00
3623,CAND_003623,LOW,ADD,0,person,train,WEB07376.jpg,"(0.29101716, 0.84038745, 0.02031863, 0.09409594)",None,Visible usable person instance (pedestrian/firefighter/civilian); tight accurate bounding box.,ANTIGRAVITY_VISUAL_QA,2026-09-26T03:55:00+07:00
3624,CAND_003624,LOW,ADD,0,person,train,WEB07678.jpg,"(0.88984359, 0.81967890, 0.01405651, 0.07954128)",None,Visible usable person instance (pedestrian/firefighter/civilian); tight accurate bounding box.,ANTIGRAVITY_VISUAL_QA,2026-09-26T03:55:00+07:00
3625,CAND_003625,LOW,ADD,0,person,train,WEB08154.jpg,"(0.42812224, 0.68922803, 0.02187040, 0.09574822)",None,Visible usable person instance (pedestrian/firefighter/civilian); tight accurate bounding box.,ANTIGRAVITY_VISUAL_QA,2026-09-26T03:55:00+07:00
3626,CAND_003626,LOW,ADD,1,helmet,test,WEB10607.jpg,"(0.54297414, 0.47359528, 0.05703202, 0.08475442)",None,Genuine safety hardhat/firefighter helmet on personnel; clear rigid shell structure and tight bounding box.,ANTIGRAVITY_VISUAL_QA,2026-09-26T03:55:00+07:00
3627,CAND_003627,LOW,ADD,0,person,test,WEB11478.jpg,"(0.26367347, 0.79511927, 0.02851020, 0.10957798)",None,Visible usable person instance (pedestrian/firefighter/civilian); tight accurate bounding box.,ANTIGRAVITY_VISUAL_QA,2026-09-26T03:55:00+07:00
3628,CAND_003628,LOW,ADJUST_BBOX,0,person,train,WEB03407.jpg,"(0.91093464, 0.75983250, 0.17656209, 0.37041876)","(0.91132680, 0.75983250, 0.17734641, 0.37041876)",Visible valid person instance at image boundary; coordinate clamped to frame edge.,ANTIGRAVITY_VISUAL_QA,2026-09-26T03:55:00+07:00
3629,CAND_003629,LOW,ADD,0,person,train,WEB03948.jpg,"(0.21015625, 0.44444444, 0.02265625, 0.11805556)",None,Visible usable person instance (pedestrian/firefighter/civilian); tight accurate bounding box.,ANTIGRAVITY_VISUAL_QA,2026-09-26T03:55:00+07:00
3630,CAND_003630,LOW,ADD,0,person,train,WEB04071.jpg,"(0.57109316, 0.53201210, 0.15077947, 0.41310136)",None,Visible usable person instance (pedestrian/firefighter/civilian); tight accurate bounding box.,ANTIGRAVITY_VISUAL_QA,2026-09-26T03:55:00+07:00
3631,CAND_003631,LOW,ADD,1,helmet,train,WEB04119.jpg,"(0.61132812, 0.19930556, 0.09296875, 0.12500000)",None,Genuine safety hardhat/firefighter helmet on personnel; clear rigid shell structure and tight bounding box.,ANTIGRAVITY_VISUAL_QA,2026-09-26T03:55:00+07:00
3632,CAND_003632,LOW,ADD,0,person,train,WEB05412.jpg,"(0.27558594, 0.65763889, 0.02148438, 0.08750000)",None,Visible usable person instance (pedestrian/firefighter/civilian); tight accurate bounding box.,ANTIGRAVITY_VISUAL_QA,2026-09-26T03:55:00+07:00
3633,CAND_003633,LOW,ADD,1,helmet,train,WEB07472.jpg,"(0.59921875, 0.86408978, 0.03515625, 0.04987531)",None,Genuine safety hardhat/firefighter helmet on personnel; clear rigid shell structure and tight bounding box.,ANTIGRAVITY_VISUAL_QA,2026-09-26T03:55:00+07:00
3634,CAND_003634,LOW,ADD,0,person,train,WEB08494.jpg,"(0.70625000, 0.60038542, 0.03125000, 0.11456250)",None,Visible usable person instance (pedestrian/firefighter/civilian); tight accurate bounding box.,ANTIGRAVITY_VISUAL_QA,2026-09-26T03:55:00+07:00
3635,CAND_003635,LOW,REJECT,0,person,train,WEB08824.jpg,"(0.28548851, 0.38534722, 0.56856322, 0.76680556)",None,False positive person detection on dark billowing smoke plume (IoU=0.87 with GT smoke).,ANTIGRAVITY_VISUAL_QA,2026-09-26T03:55:00+07:00
3636,CAND_003636,LOW,ADD,0,person,train,WEB09097.jpg,"(0.21171662, 0.85742280, 0.04100817, 0.11850356)",None,Visible usable person instance (pedestrian/firefighter/civilian); tight accurate bounding box.,ANTIGRAVITY_VISUAL_QA,2026-09-26T03:55:00+07:00
3637,CAND_003637,LOW,ADD,0,person,train,WEB09110.jpg,"(0.98750000, 0.91536458, 0.02500000, 0.16927083)",None,Visible usable person instance (pedestrian/firefighter/civilian); tight accurate bounding box.,ANTIGRAVITY_VISUAL_QA,2026-09-26T03:55:00+07:00
3638,CAND_003638,LOW,ADJUST_BBOX,0,person,test,WEB10373.jpg,"(0.45624841, 0.96954855, 0.02266242, 0.05851789)","(0.45624841, 0.97014480, 0.02266242, 0.05971039)",Visible valid person instance at image boundary; coordinate clamped to frame edge.,ANTIGRAVITY_VISUAL_QA,2026-09-26T03:55:00+07:00
3639,CAND_003639,LOW,ADD,0,person,train,PublicDataset00949.jpg,"(0.87655833, 0.61874444, 0.01875000, 0.06042222)",None,Visible usable person instance (pedestrian/firefighter/civilian); tight accurate bounding box.,ANTIGRAVITY_VISUAL_QA,2026-09-26T03:55:00+07:00
3640,CAND_003640,LOW,ADD,0,person,train,WEB03457.jpg,"(0.95468722, 0.41042857, 0.00937445, 0.05320000)",None,Visible usable person instance (pedestrian/firefighter/civilian); tight accurate bounding box.,ANTIGRAVITY_VISUAL_QA,2026-09-26T03:55:00+07:00
3641,CAND_003641,LOW,ADD,0,person,train,WEB03922.jpg,"(0.48437500, 0.50000000, 0.01953125, 0.09305556)",None,Visible usable person instance (pedestrian/firefighter/civilian); tight accurate bounding box.,ANTIGRAVITY_VISUAL_QA,2026-09-26T03:55:00+07:00
3642,CAND_003642,LOW,ADJUST_BBOX,0,person,train,WEB06280.jpg,"(0.02025000, 0.86052632, 0.04025000, 0.14210526)","(0.02018750, 0.86052632, 0.04037500, 0.14210526)",Visible valid person instance at image boundary; coordinate clamped to frame edge.,ANTIGRAVITY_VISUAL_QA,2026-09-26T03:55:00+07:00
3643,CAND_003643,LOW,ADD,0,person,train,WEB08424.jpg,"(0.60078125, 0.47916667, 0.03906250, 0.28611111)",None,Visible usable person instance (pedestrian/firefighter/civilian); tight accurate bounding box.,ANTIGRAVITY_VISUAL_QA,2026-09-26T03:55:00+07:00
3644,CAND_003644,LOW,ADJUST_BBOX,0,person,train,WEB08427.jpg,"(0.03891406, 0.88611111, 0.07764062, 0.22222222)","(0.03886719, 0.88750000, 0.07773437, 0.22500000)",Visible valid person instance at image boundary; coordinate clamped to frame edge.,ANTIGRAVITY_VISUAL_QA,2026-09-26T03:55:00+07:00
3645,CAND_003645,LOW,ADD,0,person,train,WEB09254.jpg,"(0.58086000, 0.68203375, 0.02266000, 0.14293073)",None,Visible usable person instance (pedestrian/firefighter/civilian); tight accurate bounding box.,ANTIGRAVITY_VISUAL_QA,2026-09-26T03:55:00+07:00
3646,CAND_003646,LOW,ADD,0,person,val,WEB07228.jpg,"(0.09628906, 0.41111111, 0.03320312, 0.11388889)",None,Visible usable person instance (pedestrian/firefighter/civilian); tight accurate bounding box.,ANTIGRAVITY_VISUAL_QA,2026-09-26T03:55:00+07:00
3647,CAND_003647,LOW,REJECT,0,person,val,WEB07637.jpg,"(0.98593849, 0.71077684, 0.02812303, 0.31901130)",None,"Unusable extreme frame edge truncation (2.8%w x 31.9%h, aspect=6.33) showing only marginal body sliver.",ANTIGRAVITY_VISUAL_QA,2026-09-26T03:55:00+07:00
3648,CAND_003648,LOW,ADD,0,person,test,WEB10473.jpg,"(0.98125000, 0.40625000, 0.03437500, 0.15277778)",None,Visible usable person instance (pedestrian/firefighter/civilian); tight accurate bounding box.,ANTIGRAVITY_VISUAL_QA,2026-09-26T03:55:00+07:00
3649,CAND_003649,LOW,ADD,0,person,test,WEB11316.jpg,"(0.74726395, 0.37290476, 0.06171674, 0.21114286)",None,Visible usable person instance (pedestrian/firefighter/civilian); tight accurate bounding box.,ANTIGRAVITY_VISUAL_QA,2026-09-26T03:55:00+07:00
3650,CAND_003650,LOW,ADD,0,person,test,WEB11752.jpg,"(0.97500000, 0.70663889, 0.03748148, 0.15938889)",None,Visible usable person instance (pedestrian/firefighter/civilian); tight accurate bounding box.,ANTIGRAVITY_VISUAL_QA,2026-09-26T03:55:00+07:00
3651,CAND_003651,LOW,ADD,0,person,train,AoF04432.jpg,"(0.24081955, 0.87750685, 0.01640602, 0.11671233)",None,Visible usable person instance (pedestrian/firefighter/civilian); tight accurate bounding box.,ANTIGRAVITY_VISUAL_QA,2026-09-26T03:55:00+07:00
3652,CAND_003652,LOW,ADD,0,person,train,PublicDataset00981.jpg,"(0.25116875, 0.58615819, 0.03671250, 0.16007533)",None,Visible usable person instance (pedestrian/firefighter/civilian); tight accurate bounding box.,ANTIGRAVITY_VISUAL_QA,2026-09-26T03:55:00+07:00
3653,CAND_003653,LOW,ADD,0,person,train,WEB04023.jpg,"(0.82636719, 0.79861111, 0.08164062, 0.31388889)",None,Visible usable person instance (pedestrian/firefighter/civilian); tight accurate bounding box.,ANTIGRAVITY_VISUAL_QA,2026-09-26T03:55:00+07:00
3654,CAND_003654,LOW,ADD,0,person,train,WEB05410.jpg,"(0.15488281, 0.67083333, 0.02167188, 0.08055556)",None,Visible usable person instance (pedestrian/firefighter/civilian); tight accurate bounding box.,ANTIGRAVITY_VISUAL_QA,2026-09-26T03:55:00+07:00
3655,CAND_003655,LOW,ADD,0,person,train,WEB06028.jpg,"(0.51718454, 0.84046316, 0.07812303, 0.20854737)",None,Visible usable person instance (pedestrian/firefighter/civilian); tight accurate bounding box.,ANTIGRAVITY_VISUAL_QA,2026-09-26T03:55:00+07:00
3656,CAND_003656,LOW,ADD,0,person,train,WEB07165.jpg,"(0.37930000, 0.78633136, 0.04060000, 0.14982249)",None,Visible usable person instance (pedestrian/firefighter/civilian); tight accurate bounding box.,ANTIGRAVITY_VISUAL_QA,2026-09-26T03:55:00+07:00
3657,CAND_003657,LOW,ADD,0,person,train,WEB07169.jpg,"(0.27382586, 0.83404703, 0.04374670, 0.16710396)",None,Visible usable person instance (pedestrian/firefighter/civilian); tight accurate bounding box.,ANTIGRAVITY_VISUAL_QA,2026-09-26T03:55:00+07:00
3658,CAND_003658,LOW,REJECT,1,helmet,train,WEB07252.jpg,"(0.22226667, 0.58855713, 0.03906667, 0.04858657)",None,False positive helmet detection misaligned with person anatomy (not on head region).,ANTIGRAVITY_VISUAL_QA,2026-09-26T03:55:00+07:00
3659,CAND_003659,LOW,ADD,0,person,train,WEB08450.jpg,"(0.32890625, 0.54236111, 0.05468750, 0.17500000)",None,Visible usable person instance (pedestrian/firefighter/civilian); tight accurate bounding box.,ANTIGRAVITY_VISUAL_QA,2026-09-26T03:55:00+07:00
3660,CAND_003660,LOW,REJECT,0,person,train,WEB08753.jpg,"(0.57698529, 0.58320833, 0.03171569, 0.05625000)",None,Tiny ambiguous silhouette (6x20 px); insufficient pixel resolution to verify human instance.,ANTIGRAVITY_VISUAL_QA,2026-09-26T03:55:00+07:00
3661,CAND_003661,LOW,ADD,0,person,train,WEB09032.jpg,"(0.22950000, 0.73888889, 0.02187500, 0.12777778)",None,Visible usable person instance (pedestrian/firefighter/civilian); tight accurate bounding box.,ANTIGRAVITY_VISUAL_QA,2026-09-26T03:55:00+07:00
3662,CAND_003662,LOW,ADD,1,helmet,train,WEB09169.jpg,"(0.30292672, 0.56341860, 0.02656034, 0.03654264)",None,Genuine safety hardhat/firefighter helmet on personnel; clear rigid shell structure and tight bounding box.,ANTIGRAVITY_VISUAL_QA,2026-09-26T03:55:00+07:00
3663,CAND_003663,LOW,ADD,0,person,val,WEB07601.jpg,"(0.77500000, 0.74497232, 0.01796315, 0.07042435)",None,Visible usable person instance (pedestrian/firefighter/civilian); tight accurate bounding box.,ANTIGRAVITY_VISUAL_QA,2026-09-26T03:55:00+07:00
3664,CAND_003664,LOW,ADD,0,person,test,WEB10682.jpg,"(0.86250000, 0.64663357, 0.02500000, 0.10268953)",None,Visible usable person instance (pedestrian/firefighter/civilian); tight accurate bounding box.,ANTIGRAVITY_VISUAL_QA,2026-09-26T03:55:00+07:00
3665,CAND_003665,LOW,ADD,0,person,train,WEB01618.jpg,"(0.95937500, 0.49791667, 0.02500000, 0.08333333)",None,Visible usable person instance (pedestrian/firefighter/civilian); tight accurate bounding box.,ANTIGRAVITY_VISUAL_QA,2026-09-26T03:55:00+07:00
3666,CAND_003666,LOW,REJECT,0,person,train,WEB07165.jpg,"(0.46171667, 0.79325444, 0.03283333, 0.16366864)",None,Tiny ambiguous silhouette (9x27 px); insufficient pixel resolution to verify human instance.,ANTIGRAVITY_VISUAL_QA,2026-09-26T03:55:00+07:00
3667,CAND_003667,LOW,ADD,0,person,train,WEB09019.jpg,"(0.45078125, 0.83611111, 0.05156250, 0.16388889)",None,Visible usable person instance (pedestrian/firefighter/civilian); tight accurate bounding box.,ANTIGRAVITY_VISUAL_QA,2026-09-26T03:55:00+07:00
3668,CAND_003668,LOW,ADD,0,person,train,PublicDataset00890.jpg,"(0.06430625, 0.63503305, 0.03652500, 0.12275732)",None,Visible usable person instance (pedestrian/firefighter/civilian); tight accurate bounding box.,ANTIGRAVITY_VISUAL_QA,2026-09-26T03:55:00+07:00
3669,CAND_003669,LOW,REJECT,1,helmet,train,WEB04256.jpg,"(0.90858824, 0.52411807, 0.15312418, 0.19042674)",None,False positive helmet detection on background scene; no person instance present.,ANTIGRAVITY_VISUAL_QA,2026-09-26T03:55:00+07:00
3670,CAND_003670,LOW,ADD,0,person,train,WEB08196.jpg,"(0.98515625, 0.81250000, 0.02968750, 0.23214286)",None,Visible usable person instance (pedestrian/firefighter/civilian); tight accurate bounding box.,ANTIGRAVITY_VISUAL_QA,2026-09-26T03:55:00+07:00
3671,CAND_003671,LOW,ADD,0,person,train,WEB08392.jpg,"(0.15529833, 0.85547406, 0.03021480, 0.04218247)",None,Visible usable person instance (pedestrian/firefighter/civilian); tight accurate bounding box.,ANTIGRAVITY_VISUAL_QA,2026-09-26T03:55:00+07:00
3672,CAND_003672,LOW,ADD,0,person,val,WEB07957.jpg,"(0.35546512, 0.63085756, 0.03072351, 0.05937016)",None,Visible usable person instance (pedestrian/firefighter/civilian); tight accurate bounding box.,ANTIGRAVITY_VISUAL_QA,2026-09-26T03:55:00+07:00
3673,CAND_003673,LOW,ADD,0,person,val,WEB08962.jpg,"(0.23515625, 0.83146067, 0.06093750, 0.32022472)",None,Visible usable person instance (pedestrian/firefighter/civilian); tight accurate bounding box.,ANTIGRAVITY_VISUAL_QA,2026-09-26T03:55:00+07:00
3674,CAND_003674,LOW,ADD,0,person,test,WEB10505.jpg,"(0.62656250, 0.69236111, 0.04218750, 0.11388889)",None,Visible usable person instance (pedestrian/firefighter/civilian); tight accurate bounding box.,ANTIGRAVITY_VISUAL_QA,2026-09-26T03:55:00+07:00
3675,CAND_003675,LOW,REJECT,0,person,train,PublicDataset00949.jpg,"(0.99218333, 0.66406667, 0.01406667, 0.15208889)",None,"Unusable extreme frame edge truncation (1.4%w x 15.2%h, aspect=8.11) showing only marginal body sliver.",ANTIGRAVITY_VISUAL_QA,2026-09-26T03:55:00+07:00
3676,CAND_003676,LOW,REJECT,0,person,train,WEB01637.jpg,"(0.48125000, 0.94236111, 0.07500000, 0.11388889)",None,"False positive person detection on vertical inanimate structure/object (conf=0.382, aspect=0.85); non-human object.",ANTIGRAVITY_VISUAL_QA,2026-09-26T03:55:00+07:00
3677,CAND_003677,LOW,ADD,0,person,train,WEB03193.jpg,"(0.85625156, 0.83554366, 0.03125156, 0.12031301)",None,Visible usable person instance (pedestrian/firefighter/civilian); tight accurate bounding box.,ANTIGRAVITY_VISUAL_QA,2026-09-26T03:55:00+07:00
3678,CAND_003678,LOW,ADD,0,person,train,WEB03820.jpg,"(0.16953125, 0.67361111, 0.08007812, 0.13333333)",None,Visible usable person instance (pedestrian/firefighter/civilian); tight accurate bounding box.,ANTIGRAVITY_VISUAL_QA,2026-09-26T03:55:00+07:00
3679,CAND_003679,LOW,ADD,0,person,train,WEB05671.jpg,"(0.11132828, 0.47385563, 0.02538384, 0.13616197)",None,Visible usable person instance (pedestrian/firefighter/civilian); tight accurate bounding box.,ANTIGRAVITY_VISUAL_QA,2026-09-26T03:55:00+07:00
3680,CAND_003680,LOW,ADJUST_BBOX,0,person,train,WEB07303.jpg,"(0.20279167, 0.85495726, 0.08350000, 0.28683761)","(0.20279167, 0.85576923, 0.08350000, 0.28846154)",Visible valid person instance at image boundary; coordinate clamped to frame edge.,ANTIGRAVITY_VISUAL_QA,2026-09-26T03:55:00+07:00
3681,CAND_003681,LOW,ADD,1,helmet,test,WEB11434.jpg,"(0.10625556, 0.46328750, 0.18402222, 0.10312500)",None,Genuine safety hardhat/firefighter helmet on personnel; clear rigid shell structure and tight bounding box.,ANTIGRAVITY_VISUAL_QA,2026-09-26T03:55:00+07:00
3682,CAND_003682,LOW,ADD,0,person,test,WEB11738.jpg,"(0.52187500, 0.71614341, 0.01718023, 0.06562016)",None,Visible usable person instance (pedestrian/firefighter/civilian); tight accurate bounding box.,ANTIGRAVITY_VISUAL_QA,2026-09-26T03:55:00+07:00
3683,CAND_003683,LOW,ADD,0,person,train,PublicDataset00946.jpg,"(0.92812500, 0.67265833, 0.03438333, 0.08905000)",None,Visible usable person instance (pedestrian/firefighter/civilian); tight accurate bounding box.,ANTIGRAVITY_VISUAL_QA,2026-09-26T03:55:00+07:00
3684,CAND_003684,LOW,ADD,0,person,train,WEB03523.jpg,"(0.88437265, 0.72933148, 0.03750314, 0.15437326)",None,Visible usable person instance (pedestrian/firefighter/civilian); tight accurate bounding box.,ANTIGRAVITY_VISUAL_QA,2026-09-26T03:55:00+07:00
3685,CAND_003685,LOW,ADJUST_BBOX,1,helmet,train,WEB03717.jpg,"(0.02230178, 0.76479021, 0.04431953, 0.08310023)","(0.02223077, 0.76479021, 0.04446154, 0.08310023)",Firefighter/safety helmet at frame boundary; coordinate clamped to frame edge.,ANTIGRAVITY_VISUAL_QA,2026-09-26T03:55:00+07:00
3686,CAND_003686,LOW,REJECT,0,person,train,WEB08753.jpg,"(0.49769608, 0.58905556, 0.04549020, 0.07577778)",None,Tiny ambiguous silhouette (9x27 px); insufficient pixel resolution to verify human instance.,ANTIGRAVITY_VISUAL_QA,2026-09-26T03:55:00+07:00
3687,CAND_003687,LOW,REJECT,0,person,val,WEB02760.jpg,"(0.28125000, 0.31666667, 0.01601562, 0.12500000)",None,"False positive person detection on vertical inanimate structure/object (conf=0.381, aspect=5.85); non-human object.",ANTIGRAVITY_VISUAL_QA,2026-09-26T03:55:00+07:00
3688,CAND_003688,LOW,ADD,1,helmet,val,WEB04305.jpg,"(0.31836129, 0.63242295, 0.01953548, 0.02488014)",None,Genuine safety hardhat/firefighter helmet on personnel; clear rigid shell structure and tight bounding box.,ANTIGRAVITY_VISUAL_QA,2026-09-26T03:55:00+07:00
3689,CAND_003689,LOW,ADD,0,person,test,WEB11039.jpg,"(0.79140417, 0.91872404, 0.04062500, 0.14744807)",None,Visible usable person instance (pedestrian/firefighter/civilian); tight accurate bounding box.,ANTIGRAVITY_VISUAL_QA,2026-09-26T03:55:00+07:00
3690,CAND_003690,LOW,ADD,0,person,train,WEB03011.jpg,"(0.46484375, 0.63402778, 0.02578125, 0.05972222)",None,Visible usable person instance (pedestrian/firefighter/civilian); tight accurate bounding box.,ANTIGRAVITY_VISUAL_QA,2026-09-26T03:55:00+07:00
3691,CAND_003691,LOW,ADD,0,person,train,WEB08317.jpg,"(0.59023437, 0.95277778, 0.02968750, 0.06805556)",None,Visible usable person instance (pedestrian/firefighter/civilian); tight accurate bounding box.,ANTIGRAVITY_VISUAL_QA,2026-09-26T03:55:00+07:00
3692,CAND_003692,LOW,ADJUST_BBOX,0,person,train,WEB08427.jpg,"(0.54218750, 0.85277778, 0.06406250, 0.29166667)","(0.54218750, 0.85347222, 0.06406250, 0.29305556)",Visible valid person instance at image boundary; coordinate clamped to frame edge.,ANTIGRAVITY_VISUAL_QA,2026-09-26T03:55:00+07:00
3693,CAND_003693,LOW,ADD,0,person,train,WEB09759.jpg,"(0.52656250, 0.72291667, 0.01875000, 0.06805556)",None,Visible usable person instance (pedestrian/firefighter/civilian); tight accurate bounding box.,ANTIGRAVITY_VISUAL_QA,2026-09-26T03:55:00+07:00
3694,CAND_003694,LOW,ADD,0,person,val,PublicDataset00923.jpg,"(0.45195625, 0.63908068, 0.01796250, 0.07973734)",None,Visible usable person instance (pedestrian/firefighter/civilian); tight accurate bounding box.,ANTIGRAVITY_VISUAL_QA,2026-09-26T03:55:00+07:00
3695,CAND_003695,LOW,ADD,0,person,val,WEB08961.jpg,"(0.19159375, 0.79845506, 0.05156250, 0.31460674)",None,Visible usable person instance (pedestrian/firefighter/civilian); tight accurate bounding box.,ANTIGRAVITY_VISUAL_QA,2026-09-26T03:55:00+07:00
3696,CAND_003696,LOW,ADD,0,person,test,WEB10353.jpg,"(0.87812500, 0.95468595, 0.03905612, 0.08504132)",None,Visible usable person instance (pedestrian/firefighter/civilian); tight accurate bounding box.,ANTIGRAVITY_VISUAL_QA,2026-09-26T03:55:00+07:00
3697,CAND_003697,LOW,ADD,0,person,test,WEB11449.jpg,"(0.69922189, 0.76539091, 0.02031124, 0.11601818)",None,Visible usable person instance (pedestrian/firefighter/civilian); tight accurate bounding box.,ANTIGRAVITY_VISUAL_QA,2026-09-26T03:55:00+07:00
3698,CAND_003698,LOW,ADD,0,person,train,WEB07231.jpg,"(0.38007812, 0.36388889, 0.02109375, 0.12083333)",None,Visible usable person instance (pedestrian/firefighter/civilian); tight accurate bounding box.,ANTIGRAVITY_VISUAL_QA,2026-09-26T03:55:00+07:00
3699,CAND_003699,LOW,ADD,1,helmet,train,WEB07534.jpg,"(0.75077790, 0.73133824, 0.02812232, 0.03855882)",None,Genuine safety hardhat/firefighter helmet on personnel; clear rigid shell structure and tight bounding box.,ANTIGRAVITY_VISUAL_QA,2026-09-26T03:55:00+07:00
3700,CAND_003700,LOW,ADD,0,person,train,WEB07722.jpg,"(0.37070000, 0.79134895, 0.07343636, 0.41093700)",None,Visible usable person instance (pedestrian/firefighter/civilian); tight accurate bounding box.,ANTIGRAVITY_VISUAL_QA,2026-09-26T03:55:00+07:00
3701,CAND_003701,LOW,ADD,0,person,test,WEB10373.jpg,"(0.30859236, 0.97954855, 0.02969427, 0.04090290)",None,Visible usable person instance (pedestrian/firefighter/civilian); tight accurate bounding box.,ANTIGRAVITY_VISUAL_QA,2026-09-26T03:55:00+07:00
3702,CAND_003702,LOW,REJECT,0,person,test,WEB10479.jpg,"(0.86269458, 0.17184375, 0.27461085, 0.33677083)",None,"False positive person detection on vertical inanimate structure/object (conf=0.378, aspect=0.69); non-human object.",ANTIGRAVITY_VISUAL_QA,2026-09-26T03:55:00+07:00
3703,CAND_003703,LOW,ADD,0,person,test,WEB11652.jpg,"(0.38593750, 0.77083333, 0.03281250, 0.16388889)",None,Visible usable person instance (pedestrian/firefighter/civilian); tight accurate bounding box.,ANTIGRAVITY_VISUAL_QA,2026-09-26T03:55:00+07:00
3704,CAND_003704,LOW,ADD,0,person,train,PublicDataset00865.jpg,"(0.18730625, 0.56690141, 0.03593750, 0.09859155)",None,Visible usable person instance (pedestrian/firefighter/civilian); tight accurate bounding box.,ANTIGRAVITY_VISUAL_QA,2026-09-26T03:55:00+07:00
3705,CAND_003705,LOW,ADD,0,person,train,WEB07206.jpg,"(0.42695312, 0.41250000, 0.03203125, 0.15416667)",None,Visible usable person instance (pedestrian/firefighter/civilian); tight accurate bounding box.,ANTIGRAVITY_VISUAL_QA,2026-09-26T03:55:00+07:00
3706,CAND_003706,LOW,ADD,0,person,train,WEB07211.jpg,"(0.84218750, 0.40000000, 0.01875000, 0.07500000)",None,Visible usable person instance (pedestrian/firefighter/civilian); tight accurate bounding box.,ANTIGRAVITY_VISUAL_QA,2026-09-26T03:55:00+07:00
3707,CAND_003707,LOW,ADD,0,person,train,WEB07762.jpg,"(0.11816176, 0.85682415, 0.04844118, 0.08923885)",None,Visible usable person instance (pedestrian/firefighter/civilian); tight accurate bounding box.,ANTIGRAVITY_VISUAL_QA,2026-09-26T03:55:00+07:00
3708,CAND_003708,LOW,ADD,0,person,train,WEB08558.jpg,"(0.79411765, 0.79023611, 0.14754902, 0.07891667)",None,Visible usable person instance (pedestrian/firefighter/civilian); tight accurate bounding box.,ANTIGRAVITY_VISUAL_QA,2026-09-26T03:55:00+07:00
3709,CAND_003709,LOW,ADD,0,person,train,WEB09032.jpg,"(0.64296875, 0.72222222, 0.03125000, 0.12222222)",None,Visible usable person instance (pedestrian/firefighter/civilian); tight accurate bounding box.,ANTIGRAVITY_VISUAL_QA,2026-09-26T03:55:00+07:00
3710,CAND_003710,LOW,ADD,0,person,train,WEB01156.jpg,"(0.45078125, 0.69150000, 0.03281250, 0.15588889)",None,Visible usable person instance (pedestrian/firefighter/civilian); tight accurate bounding box.,ANTIGRAVITY_VISUAL_QA,2026-09-26T03:55:00+07:00
3711,CAND_003711,LOW,ADD,0,person,train,WEB02910.jpg,"(0.03062360, 0.68003556, 0.02362211, 0.09224751)",None,Visible usable person instance (pedestrian/firefighter/civilian); tight accurate bounding box.,ANTIGRAVITY_VISUAL_QA,2026-09-26T03:55:00+07:00
3712,CAND_003712,LOW,ADD,0,person,train,WEB03936.jpg,"(0.31425781, 0.37638889, 0.04335937, 0.12083333)",None,Visible usable person instance (pedestrian/firefighter/civilian); tight accurate bounding box.,ANTIGRAVITY_VISUAL_QA,2026-09-26T03:55:00+07:00
3713,CAND_003713,LOW,REJECT,0,person,train,WEB04945.jpg,"(0.41015625, 0.81944444, 0.39531250, 0.33888889)",None,"False positive person detection on vertical inanimate structure/object (conf=0.377, aspect=0.48); non-human object.",ANTIGRAVITY_VISUAL_QA,2026-09-26T03:55:00+07:00
3714,CAND_003714,LOW,ADJUST_BBOX,0,person,train,WEB06028.jpg,"(0.46406151, 0.89312632, 0.10156151, 0.20957895)","(0.46406151, 0.89416842, 0.10156151, 0.21166316)",Visible valid person instance at image boundary; coordinate clamped to frame edge.,ANTIGRAVITY_VISUAL_QA,2026-09-26T03:55:00+07:00
3715,CAND_003715,LOW,ADD,1,helmet,train,WEB06354.jpg,"(0.55852596, 0.54843750, 0.09527638, 0.04217500)",None,Genuine safety hardhat/firefighter helmet on personnel; clear rigid shell structure and tight bounding box.,ANTIGRAVITY_VISUAL_QA,2026-09-26T03:55:00+07:00
3716,CAND_003716,LOW,ADJUST_BBOX,0,person,train,WEB06797.jpg,"(0.07142708, 0.64843750, 0.14077083, 0.19062500)","(0.07090625, 0.64843750, 0.14181250, 0.19062500)",Visible valid person instance at image boundary; coordinate clamped to frame edge.,ANTIGRAVITY_VISUAL_QA,2026-09-26T03:55:00+07:00
3717,CAND_003717,LOW,ADD,1,helmet,train,WEB07648.jpg,"(0.62187500, 0.34722222, 0.02657143, 0.03749206)",None,Genuine safety hardhat/firefighter helmet on personnel; clear rigid shell structure and tight bounding box.,ANTIGRAVITY_VISUAL_QA,2026-09-26T03:55:00+07:00
3718,CAND_003718,LOW,ADD,0,person,train,WEB08381.jpg,"(0.78045714, 0.66580000, 0.08594286, 0.50040000)",None,Visible usable person instance (pedestrian/firefighter/civilian); tight accurate bounding box.,ANTIGRAVITY_VISUAL_QA,2026-09-26T03:55:00+07:00
3719,CAND_003719,LOW,ADD,0,person,test,WEB11717.jpg,"(0.53086081, 0.39549499, 0.05703297, 0.17119048)",None,Visible usable person instance (pedestrian/firefighter/civilian); tight accurate bounding box.,ANTIGRAVITY_VISUAL_QA,2026-09-26T03:55:00+07:00
3720,CAND_003720,LOW,ADD,0,person,train,PublicDataset00889.jpg,"(0.58593750, 0.77964775, 0.02734375, 0.13385519)",None,Visible usable person instance (pedestrian/firefighter/civilian); tight accurate bounding box.,ANTIGRAVITY_VISUAL_QA,2026-09-26T03:55:00+07:00
3721,CAND_003721,LOW,ADD,0,person,train,WEB03178.jpg,"(0.22714562, 0.88696141, 0.04570876, 0.20858521)",None,Visible usable person instance (pedestrian/firefighter/civilian); tight accurate bounding box.,ANTIGRAVITY_VISUAL_QA,2026-09-26T03:55:00+07:00
3722,CAND_003722,LOW,ADD,0,person,train,WEB07955.jpg,"(0.86953664, 0.90694444, 0.04687500, 0.18611111)",None,Visible usable person instance (pedestrian/firefighter/civilian); tight accurate bounding box.,ANTIGRAVITY_VISUAL_QA,2026-09-26T03:55:00+07:00
3723,CAND_003723,LOW,ADD,0,person,train,WEB09350.jpg,"(0.91640625, 0.44673295, 0.01718750, 0.07244318)",None,Visible usable person instance (pedestrian/firefighter/civilian); tight accurate bounding box.,ANTIGRAVITY_VISUAL_QA,2026-09-26T03:55:00+07:00
3724,CAND_003724,LOW,ADD,0,person,val,WEB04794.jpg,"(0.60351379, 0.64132764, 0.02500511, 0.08076087)",None,Visible usable person instance (pedestrian/firefighter/civilian); tight accurate bounding box.,ANTIGRAVITY_VISUAL_QA,2026-09-26T03:55:00+07:00
3725,CAND_003725,LOW,ADD,0,person,train,AoF03211.jpg,"(0.16914062, 0.58194444, 0.02812500, 0.09722222)",None,Visible usable person instance (pedestrian/firefighter/civilian); tight accurate bounding box.,ANTIGRAVITY_VISUAL_QA,2026-09-26T03:55:00+07:00
3726,CAND_003726,LOW,ADD,0,person,train,WEB02394.jpg,"(0.01672266, 0.89583333, 0.01339844, 0.05555556)",None,Visible usable person instance (pedestrian/firefighter/civilian); tight accurate bounding box.,ANTIGRAVITY_VISUAL_QA,2026-09-26T03:55:00+07:00
3727,CAND_003727,LOW,ADD,0,person,train,WEB03011.jpg,"(0.55429688, 0.62708333, 0.02265625, 0.05555556)",None,Visible usable person instance (pedestrian/firefighter/civilian); tight accurate bounding box.,ANTIGRAVITY_VISUAL_QA,2026-09-26T03:55:00+07:00
3728,CAND_003728,LOW,ADD,0,person,train,WEB03193.jpg,"(0.23105757, 0.81754530, 0.02812265, 0.10695222)",None,Visible usable person instance (pedestrian/firefighter/civilian); tight accurate bounding box.,ANTIGRAVITY_VISUAL_QA,2026-09-26T03:55:00+07:00
3729,CAND_003729,LOW,ADD,1,helmet,train,WEB04032.jpg,"(0.83202775, 0.38913662, 0.05624888, 0.07948767)",None,Genuine safety hardhat/firefighter helmet on personnel; clear rigid shell structure and tight bounding box.,ANTIGRAVITY_VISUAL_QA,2026-09-26T03:55:00+07:00
3730,CAND_003730,LOW,ADD,0,person,train,WEB06294.jpg,"(0.16601111, 0.73958519, 0.01211111, 0.04791111)",None,Visible usable person instance (pedestrian/firefighter/civilian); tight accurate bounding box.,ANTIGRAVITY_VISUAL_QA,2026-09-26T03:55:00+07:00
3731,CAND_003731,LOW,ADD,0,person,train,WEB07716.jpg,"(0.58047261, 0.81756679, 0.01718582, 0.10131679)",None,Visible usable person instance (pedestrian/firefighter/civilian); tight accurate bounding box.,ANTIGRAVITY_VISUAL_QA,2026-09-26T03:55:00+07:00
3732,CAND_003732,LOW,ADD,0,person,test,WEB11210.jpg,"(0.31640625, 0.44583333, 0.02187500, 0.08611111)",None,Visible usable person instance (pedestrian/firefighter/civilian); tight accurate bounding box.,ANTIGRAVITY_VISUAL_QA,2026-09-26T03:55:00+07:00
3733,CAND_003733,LOW,ADD,0,person,test,WEB11758.jpg,"(0.75859375, 0.74305556, 0.01250000, 0.06388889)",None,Visible usable person instance (pedestrian/firefighter/civilian); tight accurate bounding box.,ANTIGRAVITY_VISUAL_QA,2026-09-26T03:55:00+07:00
3734,CAND_003734,LOW,ADD,0,person,train,PublicDataset00885.jpg,"(0.29726429, 0.64663090, 0.06641429, 0.18072961)",None,Visible usable person instance (pedestrian/firefighter/civilian); tight accurate bounding box.,ANTIGRAVITY_VISUAL_QA,2026-09-26T03:55:00+07:00
3735,CAND_003735,LOW,ADD,0,person,train,WEB07641.jpg,"(0.14208633, 0.82960660, 0.02129496, 0.09510152)",None,Visible usable person instance (pedestrian/firefighter/civilian); tight accurate bounding box.,ANTIGRAVITY_VISUAL_QA,2026-09-26T03:55:00+07:00
3736,CAND_003736,LOW,ADD,0,person,test,WEB10366.jpg,"(0.55976427, 0.96528736, 0.03516129, 0.06942529)",None,Visible usable person instance (pedestrian/firefighter/civilian); tight accurate bounding box.,ANTIGRAVITY_VISUAL_QA,2026-09-26T03:55:00+07:00
3737,CAND_003737,LOW,ADD,0,person,test,WEB11084.jpg,"(0.62465402, 0.70390704, 0.06801339, 0.08125628)",None,Visible usable person instance (pedestrian/firefighter/civilian); tight accurate bounding box.,ANTIGRAVITY_VISUAL_QA,2026-09-26T03:55:00+07:00
3738,CAND_003738,LOW,ADD,1,helmet,test,WEB11721.jpg,"(0.61328000, 0.31534636, 0.04844000, 0.07424512)",None,Genuine safety hardhat/firefighter helmet on personnel; clear rigid shell structure and tight bounding box.,ANTIGRAVITY_VISUAL_QA,2026-09-26T03:55:00+07:00
3739,CAND_003739,LOW,ADD,0,person,train,AoF02103.jpg,"(0.32285156, 0.86805556, 0.02031250, 0.09583333)",None,Visible usable person instance (pedestrian/firefighter/civilian); tight accurate bounding box.,ANTIGRAVITY_VISUAL_QA,2026-09-26T03:55:00+07:00
3740,CAND_003740,LOW,ADD,0,person,train,WEB06335.jpg,"(0.39883278, 0.92083885, 0.02968543, 0.10834437)",None,Visible usable person instance (pedestrian/firefighter/civilian); tight accurate bounding box.,ANTIGRAVITY_VISUAL_QA,2026-09-26T03:55:00+07:00
3741,CAND_003741,LOW,ADD,1,helmet,train,WEB07472.jpg,"(0.79765625, 0.90024938, 0.03437500, 0.04738155)",None,Genuine safety hardhat/firefighter helmet on personnel; clear rigid shell structure and tight bounding box.,ANTIGRAVITY_VISUAL_QA,2026-09-26T03:55:00+07:00
3742,CAND_003742,LOW,ADD,0,person,train,WEB08439.jpg,"(0.65781250, 0.58472222, 0.06406250, 0.23055556)",None,Visible usable person instance (pedestrian/firefighter/civilian); tight accurate bounding box.,ANTIGRAVITY_VISUAL_QA,2026-09-26T03:55:00+07:00
3743,CAND_003743,LOW,REJECT,0,person,test,WEB11553.jpg,"(0.65312500, 0.97916667, 0.03671875, 0.04166667)",None,Tiny ambiguous silhouette (23x15 px); insufficient pixel resolution to verify human instance.,ANTIGRAVITY_VISUAL_QA,2026-09-26T03:55:00+07:00
3744,CAND_003744,LOW,ADD,0,person,train,WEB01153.jpg,"(0.41875000, 0.67361111, 0.02187500, 0.11111111)",None,Visible usable person instance (pedestrian/firefighter/civilian); tight accurate bounding box.,ANTIGRAVITY_VISUAL_QA,2026-09-26T03:55:00+07:00
3745,CAND_003745,LOW,ADD,0,person,train,WEB02272.jpg,"(0.84922126, 0.49703764, 0.02343634, 0.12412439)",None,Visible usable person instance (pedestrian/firefighter/civilian); tight accurate bounding box.,ANTIGRAVITY_VISUAL_QA,2026-09-26T03:55:00+07:00
3746,CAND_003746,LOW,ADD,0,person,train,WEB02755.jpg,"(0.27382879, 0.97883671, 0.02577611, 0.04232659)",None,Visible usable person instance (pedestrian/firefighter/civilian); tight accurate bounding box.,ANTIGRAVITY_VISUAL_QA,2026-09-26T03:55:00+07:00
3747,CAND_003747,LOW,ADD,0,person,train,WEB08421.jpg,"(0.03678906, 0.66944444, 0.06429688, 0.23888889)",None,Visible usable person instance (pedestrian/firefighter/civilian); tight accurate bounding box.,ANTIGRAVITY_VISUAL_QA,2026-09-26T03:55:00+07:00
3748,CAND_003748,LOW,ADD,0,person,train,WEB09301.jpg,"(0.47343505, 0.79805556, 0.03906103, 0.13036111)",None,Visible usable person instance (pedestrian/firefighter/civilian); tight accurate bounding box.,ANTIGRAVITY_VISUAL_QA,2026-09-26T03:55:00+07:00
3749,CAND_003749,LOW,ADD,0,person,val,WEB03944.jpg,"(0.43750000, 0.44930556, 0.05312500, 0.22638889)",None,Visible usable person instance (pedestrian/firefighter/civilian); tight accurate bounding box.,ANTIGRAVITY_VISUAL_QA,2026-09-26T03:55:00+07:00
3750,CAND_003750,LOW,ADD,0,person,test,WEB10221.jpg,"(0.58593888, 0.72160485, 0.02656333, 0.06292439)",None,Visible usable person instance (pedestrian/firefighter/civilian); tight accurate bounding box.,ANTIGRAVITY_VISUAL_QA,2026-09-26T03:55:00+07:00
3751,CAND_003751,LOW,REJECT,1,helmet,test,WEB11356.jpg,"(0.19688679, 0.41445455, 0.38105121, 0.23280000)",None,Oversized false positive detection (38.1%w x 23.3%h) on non-helmet background object.,ANTIGRAVITY_VISUAL_QA,2026-09-26T03:55:00+07:00
3752,CAND_003752,LOW,ADD,0,person,train,WEB01152.jpg,"(0.55703125, 0.68402778, 0.01562500, 0.06805556)",None,Visible usable person instance (pedestrian/firefighter/civilian); tight accurate bounding box.,ANTIGRAVITY_VISUAL_QA,2026-09-26T03:55:00+07:00
3753,CAND_003753,LOW,ADD,0,person,train,WEB03950.jpg,"(0.49218750, 0.61388889, 0.04062500, 0.20000000)",None,Visible usable person instance (pedestrian/firefighter/civilian); tight accurate bounding box.,ANTIGRAVITY_VISUAL_QA,2026-09-26T03:55:00+07:00
3754,CAND_003754,LOW,ADD,0,person,train,WEB04000.jpg,"(0.11962917, 0.72864444, 0.03887500, 0.05520000)",None,Visible usable person instance (pedestrian/firefighter/civilian); tight accurate bounding box.,ANTIGRAVITY_VISUAL_QA,2026-09-26T03:55:00+07:00
3755,CAND_003755,LOW,ADD,1,helmet,train,WEB06720.jpg,"(0.38886667, 0.45914716, 0.05742222, 0.08819398)",None,Genuine safety hardhat/firefighter helmet on personnel; clear rigid shell structure and tight bounding box.,ANTIGRAVITY_VISUAL_QA,2026-09-26T03:55:00+07:00
3756,CAND_003756,LOW,ADD,0,person,train,WEB07212.jpg,"(0.84218750, 0.41805556, 0.01875000, 0.07777778)",None,Visible usable person instance (pedestrian/firefighter/civilian); tight accurate bounding box.,ANTIGRAVITY_VISUAL_QA,2026-09-26T03:55:00+07:00
3757,CAND_003757,LOW,ADD,0,person,train,WEB07225.jpg,"(0.32832031, 0.53055556, 0.04648438, 0.20000000)",None,Visible usable person instance (pedestrian/firefighter/civilian); tight accurate bounding box.,ANTIGRAVITY_VISUAL_QA,2026-09-26T03:55:00+07:00
3758,CAND_003758,LOW,ADD,0,person,train,WEB08428.jpg,"(0.53593750, 0.84236111, 0.04375000, 0.28194444)",None,Visible usable person instance (pedestrian/firefighter/civilian); tight accurate bounding box.,ANTIGRAVITY_VISUAL_QA,2026-09-26T03:55:00+07:00
3759,CAND_003759,LOW,ADD,1,helmet,train,WEB09070.jpg,"(0.39686905, 0.53633036, 0.04583333, 0.02187500)",None,Genuine safety hardhat/firefighter helmet on personnel; clear rigid shell structure and tight bounding box.,ANTIGRAVITY_VISUAL_QA,2026-09-26T03:55:00+07:00
3760,CAND_003760,LOW,ADD,0,person,val,WEB07664.jpg,"(0.58437245, 0.73233696, 0.02421429, 0.09710145)",None,Visible usable person instance (pedestrian/firefighter/civilian); tight accurate bounding box.,ANTIGRAVITY_VISUAL_QA,2026-09-26T03:55:00+07:00
3761,CAND_003761,LOW,ADD,0,person,test,WEB11131.jpg,"(0.53001042, 0.36327830, 0.03864583, 0.05702830)",None,Visible usable person instance (pedestrian/firefighter/civilian); tight accurate bounding box.,ANTIGRAVITY_VISUAL_QA,2026-09-26T03:55:00+07:00
3762,CAND_003762,LOW,ADD,0,person,test,WEB11203.jpg,"(0.05746875, 0.72500000, 0.01484375, 0.05000000)",None,Visible usable person instance (pedestrian/firefighter/civilian); tight accurate bounding box.,ANTIGRAVITY_VISUAL_QA,2026-09-26T03:55:00+07:00
3763,CAND_003763,LOW,ADJUST_BBOX,0,person,train,WEB02755.jpg,"(0.73906397, 0.97328035, 0.02499530, 0.05280347)","(0.73906397, 0.97343931, 0.02499530, 0.05312139)",Visible valid person instance at image boundary; coordinate clamped to frame edge.,ANTIGRAVITY_VISUAL_QA,2026-09-26T03:55:00+07:00
3764,CAND_003764,LOW,ADD,0,person,train,WEB03193.jpg,"(0.88906133, 0.83452224, 0.04062578, 0.12443163)",None,Visible usable person instance (pedestrian/firefighter/civilian); tight accurate bounding box.,ANTIGRAVITY_VISUAL_QA,2026-09-26T03:55:00+07:00
3765,CAND_003765,LOW,ADD,0,person,val,WEB03473.jpg,"(0.38398566, 0.75037162, 0.02656631, 0.13550000)",None,Visible usable person instance (pedestrian/firefighter/civilian); tight accurate bounding box.,ANTIGRAVITY_VISUAL_QA,2026-09-26T03:55:00+07:00
3766,CAND_003766,LOW,ADD,0,person,test,WEB10607.jpg,"(0.53671798, 0.62190570, 0.17030788, 0.39009823)",None,Visible usable person instance (pedestrian/firefighter/civilian); tight accurate bounding box.,ANTIGRAVITY_VISUAL_QA,2026-09-26T03:55:00+07:00
3767,CAND_003767,LOW,ADD,0,person,test,WEB11130.jpg,"(0.03691667, 0.67031250, 0.07383333, 0.11718160)",None,Visible usable person instance (pedestrian/firefighter/civilian); tight accurate bounding box.,ANTIGRAVITY_VISUAL_QA,2026-09-26T03:55:00+07:00
3768,CAND_003768,LOW,ADD,0,person,train,PublicDataset00890.jpg,"(0.76796875, 0.67516525, 0.06093750, 0.13809254)",None,Visible usable person instance (pedestrian/firefighter/civilian); tight accurate bounding box.,ANTIGRAVITY_VISUAL_QA,2026-09-26T03:55:00+07:00
3769,CAND_003769,LOW,ADD,0,person,train,WEB03899.jpg,"(0.18671875, 0.48055556, 0.03320312, 0.14861111)",None,Visible usable person instance (pedestrian/firefighter/civilian); tight accurate bounding box.,ANTIGRAVITY_VISUAL_QA,2026-09-26T03:55:00+07:00
3770,CAND_003770,LOW,ADD,0,person,train,WEB04487.jpg,"(0.09961000, 0.74503817, 0.08476000, 0.35526718)",None,Visible usable person instance (pedestrian/firefighter/civilian); tight accurate bounding box.,ANTIGRAVITY_VISUAL_QA,2026-09-26T03:55:00+07:00
3771,CAND_003771,LOW,ADD,0,person,train,WEB07191.jpg,"(0.03940625, 0.42916667, 0.01884375, 0.09722222)",None,Visible usable person instance (pedestrian/firefighter/civilian); tight accurate bounding box.,ANTIGRAVITY_VISUAL_QA,2026-09-26T03:55:00+07:00
3772,CAND_003772,LOW,ADD,0,person,train,WEB07204.jpg,"(0.47031250, 0.40347222, 0.03437500, 0.14444444)",None,Visible usable person instance (pedestrian/firefighter/civilian); tight accurate bounding box.,ANTIGRAVITY_VISUAL_QA,2026-09-26T03:55:00+07:00
3773,CAND_003773,LOW,ADD,0,person,test,WEB10473.jpg,"(0.79531250, 0.38593750, 0.05000000, 0.22256944)",None,Visible usable person instance (pedestrian/firefighter/civilian); tight accurate bounding box.,ANTIGRAVITY_VISUAL_QA,2026-09-26T03:55:00+07:00
3774,CAND_003774,LOW,REJECT,0,person,train,WEB07322.jpg,"(0.97232006, 0.81406115, 0.05278714, 0.32812231)",None,"Unusable extreme frame edge truncation (5.3%w x 32.8%h, aspect=11.05) showing only marginal body sliver.",ANTIGRAVITY_VISUAL_QA,2026-09-26T03:55:00+07:00
3775,CAND_003775,LOW,ADD,0,person,train,WEB07472.jpg,"(0.89375000, 0.94763092, 0.04687500, 0.10473815)",None,Visible usable person instance (pedestrian/firefighter/civilian); tight accurate bounding box.,ANTIGRAVITY_VISUAL_QA,2026-09-26T03:55:00+07:00
3776,CAND_003776,LOW,REJECT,0,person,train,WEB08747.jpg,"(0.58593137, 0.54140278, 0.03862745, 0.05469444)",None,Tiny ambiguous silhouette (7x19 px); insufficient pixel resolution to verify human instance.,ANTIGRAVITY_VISUAL_QA,2026-09-26T03:55:00+07:00
3777,CAND_003777,LOW,ADD,0,person,train,WEB08921.jpg,"(0.18739844, 0.57244318, 0.03379687, 0.15056818)",None,Visible usable person instance (pedestrian/firefighter/civilian); tight accurate bounding box.,ANTIGRAVITY_VISUAL_QA,2026-09-26T03:55:00+07:00
3778,CAND_003778,LOW,ADD,0,person,val,WEB04025.jpg,"(0.86822917, 0.42304687, 0.03125000, 0.08359375)",None,Visible usable person instance (pedestrian/firefighter/civilian); tight accurate bounding box.,ANTIGRAVITY_VISUAL_QA,2026-09-26T03:55:00+07:00
3779,CAND_003779,LOW,ADD,0,person,test,PublicDataset01300.jpg,"(0.31875000, 0.82382500, 0.01796667, 0.08085000)",None,Visible usable person instance (pedestrian/firefighter/civilian); tight accurate bounding box.,ANTIGRAVITY_VISUAL_QA,2026-09-26T03:55:00+07:00
3780,CAND_003780,LOW,ADD,1,helmet,test,WEB11237.jpg,"(0.21484375, 0.33333333, 0.02851562, 0.04722222)",None,Genuine safety hardhat/firefighter helmet on personnel; clear rigid shell structure and tight bounding box.,ANTIGRAVITY_VISUAL_QA,2026-09-26T03:55:00+07:00
3781,CAND_003781,LOW,ADD,1,helmet,test,WEB11452.jpg,"(0.12754043, 0.68346293, 0.03985175, 0.04403255)",None,Genuine safety hardhat/firefighter helmet on personnel; clear rigid shell structure and tight bounding box.,ANTIGRAVITY_VISUAL_QA,2026-09-26T03:55:00+07:00
3782,CAND_003782,LOW,ADD,0,person,train,WEB05245.jpg,"(0.24355469, 0.55277778, 0.02226563, 0.08333333)",None,Visible usable person instance (pedestrian/firefighter/civilian); tight accurate bounding box.,ANTIGRAVITY_VISUAL_QA,2026-09-26T03:55:00+07:00
3783,CAND_003783,LOW,REJECT,0,person,train,WEB06274.jpg,"(0.51054444, 0.82239645, 0.02968889, 0.24408284)",None,"False positive person detection on vertical inanimate structure/object (conf=0.368, aspect=4.63); non-human object.",ANTIGRAVITY_VISUAL_QA,2026-09-26T03:55:00+07:00
3784,CAND_003784,LOW,ADD,1,helmet,train,WEB07329.jpg,"(0.17285156, 0.56367188, 0.16757812, 0.19921875)",None,Genuine safety hardhat/firefighter helmet on personnel; clear rigid shell structure and tight bounding box.,ANTIGRAVITY_VISUAL_QA,2026-09-26T03:55:00+07:00
3785,CAND_003785,LOW,REJECT,0,person,train,WEB07376.jpg,"(0.50156250, 0.22346863, 0.46562500, 0.44225092)",None,"False positive person detection on vertical inanimate structure/object (conf=0.368, aspect=0.63); non-human object.",ANTIGRAVITY_VISUAL_QA,2026-09-26T03:55:00+07:00
3786,CAND_003786,LOW,ADJUST_BBOX,0,person,train,WEB07440.jpg,"(0.02885584, 0.82743056, 0.05762014, 0.33666667)","(0.02883295, 0.82743056, 0.05766590, 0.33666667)",Visible valid person instance at image boundary; coordinate clamped to frame edge.,ANTIGRAVITY_VISUAL_QA,2026-09-26T03:55:00+07:00
3787,CAND_003787,LOW,REJECT,0,person,train,WEB07722.jpg,"(0.73632727, 0.78579160, 0.35078182, 0.41371567)",None,"False positive person detection on vertical inanimate structure/object (conf=0.368, aspect=0.66); non-human object.",ANTIGRAVITY_VISUAL_QA,2026-09-26T03:55:00+07:00
3788,CAND_003788,LOW,ADD,0,person,train,WEB08196.jpg,"(0.95781250, 0.81607143, 0.05156250, 0.22321429)",None,Visible usable person instance (pedestrian/firefighter/civilian); tight accurate bounding box.,ANTIGRAVITY_VISUAL_QA,2026-09-26T03:55:00+07:00
3789,CAND_003789,LOW,ADD,0,person,train,WEB02916.jpg,"(0.74882658, 0.72573806, 0.13047125, 0.25431259)",None,Visible usable person instance (pedestrian/firefighter/civilian); tight accurate bounding box.,ANTIGRAVITY_VISUAL_QA,2026-09-26T03:55:00+07:00
3790,CAND_003790,LOW,ADD,0,person,train,WEB03178.jpg,"(0.34765464, 0.90643891, 0.05000000, 0.18712219)",None,Visible usable person instance (pedestrian/firefighter/civilian); tight accurate bounding box.,ANTIGRAVITY_VISUAL_QA,2026-09-26T03:55:00+07:00
3791,CAND_003791,LOW,ADD,0,person,train,WEB03898.jpg,"(0.23320313, 0.46527778, 0.04062500, 0.16111111)",None,Visible usable person instance (pedestrian/firefighter/civilian); tight accurate bounding box.,ANTIGRAVITY_VISUAL_QA,2026-09-26T03:55:00+07:00
3792,CAND_003792,LOW,ADD,0,person,train,WEB07203.jpg,"(0.53476563, 0.42638889, 0.03828125, 0.17083333)",None,Visible usable person instance (pedestrian/firefighter/civilian); tight accurate bounding box.,ANTIGRAVITY_VISUAL_QA,2026-09-26T03:55:00+07:00
3793,CAND_003793,LOW,ADD,0,person,train,WEB07225.jpg,"(0.76953125, 0.46250000, 0.01406250, 0.08055556)",None,Visible usable person instance (pedestrian/firefighter/civilian); tight accurate bounding box.,ANTIGRAVITY_VISUAL_QA,2026-09-26T03:55:00+07:00
3794,CAND_003794,LOW,ADJUST_BBOX,0,person,train,WEB08433.jpg,"(0.01353906, 0.80138889, 0.02692188, 0.10833333)","(0.01350000, 0.80138889, 0.02700000, 0.10833333)",Visible valid person instance at image boundary; coordinate clamped to frame edge.,ANTIGRAVITY_VISUAL_QA,2026-09-26T03:55:00+07:00
3795,CAND_003795,LOW,ADD,0,person,train,WEB08985.jpg,"(0.76133000, 0.73536145, 0.01406000, 0.05882530)",None,Visible usable person instance (pedestrian/firefighter/civilian); tight accurate bounding box.,ANTIGRAVITY_VISUAL_QA,2026-09-26T03:55:00+07:00
3796,CAND_003796,LOW,ADD,0,person,train,WEB09018.jpg,"(0.58906250, 0.69097222, 0.03906250, 0.11666667)",None,Visible usable person instance (pedestrian/firefighter/civilian); tight accurate bounding box.,ANTIGRAVITY_VISUAL_QA,2026-09-26T03:55:00+07:00
3797,CAND_003797,LOW,REJECT,0,person,train,WEB09356.jpg,"(0.45390625, 0.94861111, 0.13125000, 0.10277778)",None,"Unusable extreme frame edge truncation (13.1%w x 10.3%h, aspect=0.44) showing only marginal body sliver.",ANTIGRAVITY_VISUAL_QA,2026-09-26T03:55:00+07:00
3798,CAND_003798,LOW,ADD,0,person,val,WEB01946.jpg,"(0.88593293, 0.70647208, 0.01406098, 0.10243655)",None,Visible usable person instance (pedestrian/firefighter/civilian); tight accurate bounding box.,ANTIGRAVITY_VISUAL_QA,2026-09-26T03:55:00+07:00
3799,CAND_003799,LOW,ADD,0,person,train,WEB04555.jpg,"(0.67890625, 0.79687500, 0.06406250, 0.27708333)",None,Visible usable person instance (pedestrian/firefighter/civilian); tight accurate bounding box.,ANTIGRAVITY_VISUAL_QA,2026-09-26T03:55:00+07:00
3800,CAND_003800,LOW,ADD,0,person,train,WEB05547.jpg,"(0.45507812, 0.63472222, 0.03359375, 0.09444444)",None,Visible usable person instance (pedestrian/firefighter/civilian); tight accurate bounding box.,ANTIGRAVITY_VISUAL_QA,2026-09-26T03:55:00+07:00
3801,CAND_003801,LOW,ADD,0,person,train,WEB08996.jpg,"(0.39570313, 0.95937500, 0.02265625, 0.08125000)",None,Visible usable person instance (pedestrian/firefighter/civilian); tight accurate bounding box.,ANTIGRAVITY_VISUAL_QA,2026-09-26T03:55:00+07:00
3802,CAND_003802,LOW,ADD,0,person,test,WEB10666.jpg,"(0.63984583, 0.65332500, 0.04062500, 0.17695000)",None,Visible usable person instance (pedestrian/firefighter/civilian); tight accurate bounding box.,ANTIGRAVITY_VISUAL_QA,2026-09-26T03:55:00+07:00
3803,CAND_003803,LOW,ADD,0,person,test,WEB11449.jpg,"(0.23554719, 0.92384545, 0.03007028, 0.11885455)",None,Visible usable person instance (pedestrian/firefighter/civilian); tight accurate bounding box.,ANTIGRAVITY_VISUAL_QA,2026-09-26T03:55:00+07:00
3804,CAND_003804,LOW,ADD,0,person,train,AoF03420.jpg,"(0.17998047, 0.70138889, 0.06972656, 0.20555556)",None,Visible usable person instance (pedestrian/firefighter/civilian); tight accurate bounding box.,ANTIGRAVITY_VISUAL_QA,2026-09-26T03:55:00+07:00
3805,CAND_003805,LOW,ADD,0,person,train,WEB06286.jpg,"(0.15526563, 0.88229167, 0.06015625, 0.17916667)",None,Visible usable person instance (pedestrian/firefighter/civilian); tight accurate bounding box.,ANTIGRAVITY_VISUAL_QA,2026-09-26T03:55:00+07:00
3806,CAND_003806,LOW,ADD,0,person,train,WEB06468.jpg,"(0.66328125, 0.64739583, 0.01562500, 0.05208333)",None,Visible usable person instance (pedestrian/firefighter/civilian); tight accurate bounding box.,ANTIGRAVITY_VISUAL_QA,2026-09-26T03:55:00+07:00
3807,CAND_003807,LOW,ADD,0,person,train,WEB08900.jpg,"(0.54062500, 0.66319444, 0.02187500, 0.10416667)",None,Visible usable person instance (pedestrian/firefighter/civilian); tight accurate bounding box.,ANTIGRAVITY_VISUAL_QA,2026-09-26T03:55:00+07:00
3808,CAND_003808,LOW,ADD,0,person,val,WEB07228.jpg,"(0.49726562, 0.50833333, 0.10156250, 0.28333333)",None,Visible usable person instance (pedestrian/firefighter/civilian); tight accurate bounding box.,ANTIGRAVITY_VISUAL_QA,2026-09-26T03:55:00+07:00
3809,CAND_003809,LOW,ADD,0,person,test,WEB10078.jpg,"(0.49452976, 0.80720273, 0.01875000, 0.09467836)",None,Visible usable person instance (pedestrian/firefighter/civilian); tight accurate bounding box.,ANTIGRAVITY_VISUAL_QA,2026-09-26T03:55:00+07:00
3810,CAND_003810,LOW,ADD,0,person,test,WEB10276.jpg,"(0.04721875, 0.52500000, 0.05987500, 0.19166667)",None,Visible usable person instance (pedestrian/firefighter/civilian); tight accurate bounding box.,ANTIGRAVITY_VISUAL_QA,2026-09-26T03:55:00+07:00
3811,CAND_003811,LOW,ADD,0,person,test,WEB11182.jpg,"(0.04970912, 0.75497222, 0.09941824, 0.47477778)",None,Visible usable person instance (pedestrian/firefighter/civilian); tight accurate bounding box.,ANTIGRAVITY_VISUAL_QA,2026-09-26T03:55:00+07:00
3812,CAND_003812,LOW,ADD,0,person,test,WEB11449.jpg,"(0.62968876, 0.76468182, 0.03437751, 0.12732727)",None,Visible usable person instance (pedestrian/firefighter/civilian); tight accurate bounding box.,ANTIGRAVITY_VISUAL_QA,2026-09-26T03:55:00+07:00
3813,CAND_003813,LOW,ADJUST_BBOX,0,person,train,PublicDataset00998.jpg,"(0.01426667, 0.68139098, 0.02820000, 0.17857143)","(0.01418333, 0.68139098, 0.02836667, 0.17857143)",Visible valid person instance at image boundary; coordinate clamped to frame edge.,ANTIGRAVITY_VISUAL_QA,2026-09-26T03:55:00+07:00
3814,CAND_003814,LOW,ADD,0,person,train,WEB00518.jpg,"(0.81640625, 0.53055556, 0.01718750, 0.05555556)",None,Visible usable person instance (pedestrian/firefighter/civilian); tight accurate bounding box.,ANTIGRAVITY_VISUAL_QA,2026-09-26T03:55:00+07:00
3815,CAND_003815,LOW,ADD,0,person,train,WEB03482.jpg,"(0.66640952, 0.77923803, 0.05702857, 0.18097242)",None,Visible usable person instance (pedestrian/firefighter/civilian); tight accurate bounding box.,ANTIGRAVITY_VISUAL_QA,2026-09-26T03:55:00+07:00
3816,CAND_003816,LOW,ADD,1,helmet,train,WEB07137.jpg,"(0.26289062, 0.31736111, 0.08125000, 0.10972222)",None,Genuine safety hardhat/firefighter helmet on personnel; clear rigid shell structure and tight bounding box.,ANTIGRAVITY_VISUAL_QA,2026-09-26T03:55:00+07:00
3817,CAND_003817,LOW,ADJUST_BBOX,0,person,train,WEB08949.jpg,"(0.25721875, 0.86516854, 0.03906250, 0.26264045)","(0.25721875, 0.86692416, 0.03906250, 0.26615169)",Visible valid person instance at image boundary; coordinate clamped to frame edge.,ANTIGRAVITY_VISUAL_QA,2026-09-26T03:55:00+07:00
3818,CAND_003818,LOW,ADD,0,person,val,WEB07828.jpg,"(0.76796434, 0.83796875, 0.04374443, 0.16133523)",None,Visible usable person instance (pedestrian/firefighter/civilian); tight accurate bounding box.,ANTIGRAVITY_VISUAL_QA,2026-09-26T03:55:00+07:00
3819,CAND_003819,LOW,REJECT,0,person,train,AoF02498.jpg,"(0.47187500, 0.13298611, 0.18906250, 0.25902778)",None,"False positive person detection on vertical inanimate structure/object (conf=0.364, aspect=0.77); non-human object.",ANTIGRAVITY_VISUAL_QA,2026-09-26T03:55:00+07:00
3820,CAND_003820,LOW,REJECT,0,person,train,PublicDataset00864.jpg,"(0.75742188, 0.63402778, 0.01484375, 0.07638889)",None,Tiny ambiguous silhouette (9x27 px); insufficient pixel resolution to verify human instance.,ANTIGRAVITY_VISUAL_QA,2026-09-26T03:55:00+07:00
3821,CAND_003821,LOW,ADD,0,person,train,WEB05412.jpg,"(0.34375000, 0.64375000, 0.01640625, 0.06527778)",None,Visible usable person instance (pedestrian/firefighter/civilian); tight accurate bounding box.,ANTIGRAVITY_VISUAL_QA,2026-09-26T03:55:00+07:00
3822,CAND_003822,LOW,ADD,0,person,train,WEB07092.jpg,"(0.03257031, 0.73055556, 0.00976562, 0.04444444)",None,Visible usable person instance (pedestrian/firefighter/civilian); tight accurate bounding box.,ANTIGRAVITY_VISUAL_QA,2026-09-26T03:55:00+07:00
3823,CAND_003823,LOW,ADD,0,person,train,WEB07169.jpg,"(0.21757256, 0.85529703, 0.02812665, 0.13193069)",None,Visible usable person instance (pedestrian/firefighter/civilian); tight accurate bounding box.,ANTIGRAVITY_VISUAL_QA,2026-09-26T03:55:00+07:00
3824,CAND_003824,LOW,ADD,0,person,train,WEB07541.jpg,"(0.26796674, 0.68709340, 0.08202790, 0.20049919)",None,Visible usable person instance (pedestrian/firefighter/civilian); tight accurate bounding box.,ANTIGRAVITY_VISUAL_QA,2026-09-26T03:55:00+07:00
3825,CAND_003825,LOW,ADD,0,person,val,WEB04709.jpg,"(0.51718750, 0.78750000, 0.04531250, 0.18888889)",None,Visible usable person instance (pedestrian/firefighter/civilian); tight accurate bounding box.,ANTIGRAVITY_VISUAL_QA,2026-09-26T03:55:00+07:00
3826,CAND_003826,LOW,ADD,0,person,val,WEB06782.jpg,"(0.70253125, 0.51015330, 0.04139583, 0.04922170)",None,Visible usable person instance (pedestrian/firefighter/civilian); tight accurate bounding box.,ANTIGRAVITY_VISUAL_QA,2026-09-26T03:55:00+07:00
3827,CAND_003827,LOW,ADD,1,helmet,test,WEB11113.jpg,"(0.81718750, 0.64635417, 0.03437500, 0.03854167)",None,Genuine safety hardhat/firefighter helmet on personnel; clear rigid shell structure and tight bounding box.,ANTIGRAVITY_VISUAL_QA,2026-09-26T03:55:00+07:00
3828,CAND_003828,LOW,ADD,0,person,train,PublicDataset00867.jpg,"(0.15565833, 0.79840447, 0.03691667, 0.09908537)",None,Visible usable person instance (pedestrian/firefighter/civilian); tight accurate bounding box.,ANTIGRAVITY_VISUAL_QA,2026-09-26T03:55:00+07:00
3829,CAND_003829,LOW,ADD,1,helmet,train,WEB07305.jpg,"(0.78281116, 0.61623245, 0.03437768, 0.05112324)",None,Genuine safety hardhat/firefighter helmet on personnel; clear rigid shell structure and tight bounding box.,ANTIGRAVITY_VISUAL_QA,2026-09-26T03:55:00+07:00
3830,CAND_003830,LOW,ADD,0,person,test,WEB11752.jpg,"(0.58593519, 0.68906944, 0.01875926, 0.07147222)",None,Visible usable person instance (pedestrian/firefighter/civilian); tight accurate bounding box.,ANTIGRAVITY_VISUAL_QA,2026-09-26T03:55:00+07:00
3831,CAND_003831,LOW,ADD,0,person,train,WEB02471.jpg,"(0.73516304, 0.63743169, 0.04844203, 0.09661202)",None,Visible usable person instance (pedestrian/firefighter/civilian); tight accurate bounding box.,ANTIGRAVITY_VISUAL_QA,2026-09-26T03:55:00+07:00
3832,CAND_003832,LOW,ADD,0,person,train,WEB03527.jpg,"(0.17626691, 0.64893990, 0.02734317, 0.08058431)",None,Visible usable person instance (pedestrian/firefighter/civilian); tight accurate bounding box.,ANTIGRAVITY_VISUAL_QA,2026-09-26T03:55:00+07:00
3833,CAND_003833,LOW,ADD,0,person,train,WEB03714.jpg,"(0.83750000, 0.93393692, 0.04998818, 0.13212617)",None,Visible usable person instance (pedestrian/firefighter/civilian); tight accurate bounding box.,ANTIGRAVITY_VISUAL_QA,2026-09-26T03:55:00+07:00
3834,CAND_003834,LOW,ADD,0,person,train,WEB04535.jpg,"(0.20058594, 0.66805556, 0.03593750, 0.07777778)",None,Visible usable person instance (pedestrian/firefighter/civilian); tight accurate bounding box.,ANTIGRAVITY_VISUAL_QA,2026-09-26T03:55:00+07:00
3835,CAND_003835,LOW,ADD,0,person,train,WEB06380.jpg,"(0.43124593, 0.71484816, 0.03438111, 0.07281996)",None,Visible usable person instance (pedestrian/firefighter/civilian); tight accurate bounding box.,ANTIGRAVITY_VISUAL_QA,2026-09-26T03:55:00+07:00
3836,CAND_003836,LOW,ADD,0,person,train,WEB06786.jpg,"(0.77982292, 0.55547170, 0.03035417, 0.05155660)",None,Visible usable person instance (pedestrian/firefighter/civilian); tight accurate bounding box.,ANTIGRAVITY_VISUAL_QA,2026-09-26T03:55:00+07:00
3837,CAND_003837,LOW,ADJUST_BBOX,0,person,train,WEB07722.jpg,"(0.03920909, 0.90935380, 0.07783636, 0.17492730)","(0.03906364, 0.90935380, 0.07812727, 0.17492730)",Visible valid person instance at image boundary; coordinate clamped to frame edge.,ANTIGRAVITY_VISUAL_QA,2026-09-26T03:55:00+07:00
3838,CAND_003838,LOW,ADJUST_BBOX,0,person,val,WEB02496.jpg,"(0.06215894, 0.39754821, 0.12333561, 0.78561983)","(0.06191337, 0.39754821, 0.12382674, 0.78561983)",Visible valid person instance at image boundary; coordinate clamped to frame edge.,ANTIGRAVITY_VISUAL_QA,2026-09-26T03:55:00+07:00
3839,CAND_003839,LOW,ADD,0,person,val,WEB05960.jpg,"(0.32363281, 0.57569444, 0.21992187, 0.82083333)",None,Visible usable person instance (pedestrian/firefighter/civilian); tight accurate bounding box.,ANTIGRAVITY_VISUAL_QA,2026-09-26T03:55:00+07:00
3840,CAND_003840,LOW,ADD,0,person,val,WEB06796.jpg,"(0.93716667, 0.46327830, 0.06625000, 0.09375000)",None,Visible usable person instance (pedestrian/firefighter/civilian); tight accurate bounding box.,ANTIGRAVITY_VISUAL_QA,2026-09-26T03:55:00+07:00
3841,CAND_003841,LOW,ADJUST_BBOX,0,person,test,WEB10605.jpg,"(0.90234545, 0.37640549, 0.19374545, 0.74379645)","(0.90273636, 0.37640549, 0.19452727, 0.74379645)",Visible valid person instance at image boundary; coordinate clamped to frame edge.,ANTIGRAVITY_VISUAL_QA,2026-09-26T03:55:00+07:00
3842,CAND_003842,LOW,ADD,0,person,train,WEB03140.jpg,"(0.05830469, 0.52430556, 0.04960937, 0.19722222)",None,Visible usable person instance (pedestrian/firefighter/civilian); tight accurate bounding box.,ANTIGRAVITY_VISUAL_QA,2026-09-26T03:55:00+07:00
3843,CAND_003843,LOW,ADD,1,helmet,train,WEB03957.jpg,"(0.16875000, 0.52465663, 0.12890000, 0.09487952)",None,Genuine safety hardhat/firefighter helmet on personnel; clear rigid shell structure and tight bounding box.,ANTIGRAVITY_VISUAL_QA,2026-09-26T03:55:00+07:00
3844,CAND_003844,LOW,ADD,0,person,train,WEB05546.jpg,"(0.45585938, 0.63611111, 0.03359375, 0.09166667)",None,Visible usable person instance (pedestrian/firefighter/civilian); tight accurate bounding box.,ANTIGRAVITY_VISUAL_QA,2026-09-26T03:55:00+07:00
3845,CAND_003845,LOW,ADD,0,person,train,WEB06113.jpg,"(0.96406000, 0.77875399, 0.01406000, 0.05990415)",None,Visible usable person instance (pedestrian/firefighter/civilian); tight accurate bounding box.,ANTIGRAVITY_VISUAL_QA,2026-09-26T03:55:00+07:00
3846,CAND_003846,LOW,ADD,0,person,train,WEB07196.jpg,"(0.50351563, 0.47708333, 0.04375000, 0.18750000)",None,Visible usable person instance (pedestrian/firefighter/civilian); tight accurate bounding box.,ANTIGRAVITY_VISUAL_QA,2026-09-26T03:55:00+07:00
3847,CAND_003847,LOW,ADD,0,person,train,WEB07243.jpg,"(0.48476562, 0.53541667, 0.02812500, 0.05625000)",None,Visible usable person instance (pedestrian/firefighter/civilian); tight accurate bounding box.,ANTIGRAVITY_VISUAL_QA,2026-09-26T03:55:00+07:00
3848,CAND_003848,LOW,ADD,1,helmet,train,WEB08999.jpg,"(0.47187500, 0.33090042, 0.04608333, 0.08620763)",None,Genuine safety hardhat/firefighter helmet on personnel; clear rigid shell structure and tight bounding box.,ANTIGRAVITY_VISUAL_QA,2026-09-26T03:55:00+07:00
3849,CAND_003849,LOW,ADD,0,person,train,WEB02882.jpg,"(0.96093586, 0.67035413, 0.07812827, 0.45295110)",None,Visible usable person instance (pedestrian/firefighter/civilian); tight accurate bounding box.,ANTIGRAVITY_VISUAL_QA,2026-09-26T03:55:00+07:00
3850,CAND_003850,LOW,ADD,0,person,train,WEB03523.jpg,"(0.23867629, 0.78395543, 0.01406524, 0.10061281)",None,Visible usable person instance (pedestrian/firefighter/civilian); tight accurate bounding box.,ANTIGRAVITY_VISUAL_QA,2026-09-26T03:55:00+07:00
3851,CAND_003851,LOW,ADD,0,person,train,WEB03809.jpg,"(0.46601562, 0.70000000, 0.18828125, 0.53888889)",None,Visible usable person instance (pedestrian/firefighter/civilian); tight accurate bounding box.,ANTIGRAVITY_VISUAL_QA,2026-09-26T03:55:00+07:00
3852,CAND_003852,LOW,REJECT,0,person,train,WEB05410.jpg,"(0.13339844, 0.66944444, 0.01504687, 0.08333333)",None,Tiny ambiguous silhouette (9x30 px); insufficient pixel resolution to verify human instance.,ANTIGRAVITY_VISUAL_QA,2026-09-26T03:55:00+07:00
3853,CAND_003853,LOW,REJECT,0,person,train,WEB07134.jpg,"(0.68125000, 0.85763889, 0.17812500, 0.27222222)",None,"False positive person detection on vertical inanimate structure/object (conf=0.360, aspect=0.86); non-human object.",ANTIGRAVITY_VISUAL_QA,2026-09-26T03:55:00+07:00
3854,CAND_003854,LOW,ADD,0,person,val,WEB01006.jpg,"(0.75351563, 0.59166667, 0.04375000, 0.15277778)",None,Visible usable person instance (pedestrian/firefighter/civilian); tight accurate bounding box.,ANTIGRAVITY_VISUAL_QA,2026-09-26T03:55:00+07:00
3855,CAND_003855,LOW,ADD,0,person,test,WEB10185.jpg,"(0.56875000, 0.74687500, 0.01666667, 0.02656250)",None,Visible usable person instance (pedestrian/firefighter/civilian); tight accurate bounding box.,ANTIGRAVITY_VISUAL_QA,2026-09-26T03:55:00+07:00
3856,CAND_003856,LOW,ADD,0,person,test,WEB11641.jpg,"(0.46875000, 0.45694444, 0.05156250, 0.10277778)",None,Visible usable person instance (pedestrian/firefighter/civilian); tight accurate bounding box.,ANTIGRAVITY_VISUAL_QA,2026-09-26T03:55:00+07:00
3857,CAND_003857,LOW,ADD,0,person,train,WEB01153.jpg,"(0.35585937, 0.67986111, 0.01562500, 0.06527778)",None,Visible usable person instance (pedestrian/firefighter/civilian); tight accurate bounding box.,ANTIGRAVITY_VISUAL_QA,2026-09-26T03:55:00+07:00
3858,CAND_003858,LOW,ADD,0,person,train,WEB03523.jpg,"(0.69297365, 0.91403900, 0.05937265, 0.16300836)",None,Visible usable person instance (pedestrian/firefighter/civilian); tight accurate bounding box.,ANTIGRAVITY_VISUAL_QA,2026-09-26T03:55:00+07:00
3859,CAND_003859,LOW,ADD,0,person,train,WEB04487.jpg,"(0.77500000, 0.65601418, 0.14376000, 0.36463468)",None,Visible usable person instance (pedestrian/firefighter/civilian); tight accurate bounding box.,ANTIGRAVITY_VISUAL_QA,2026-09-26T03:55:00+07:00
3860,CAND_003860,LOW,ADD,0,person,train,WEB06122.jpg,"(0.52656667, 0.77692079, 0.06484444, 0.19772277)",None,Visible usable person instance (pedestrian/firefighter/civilian); tight accurate bounding box.,ANTIGRAVITY_VISUAL_QA,2026-09-26T03:55:00+07:00
3861,CAND_003861,LOW,ADD,0,person,train,WEB07194.jpg,"(0.36699219, 0.35555556, 0.03828125, 0.16944444)",None,Visible usable person instance (pedestrian/firefighter/civilian); tight accurate bounding box.,ANTIGRAVITY_VISUAL_QA,2026-09-26T03:55:00+07:00
3862,CAND_003862,LOW,ADD,0,person,train,WEB07492.jpg,"(0.57372881, 0.86719376, 0.07966102, 0.15937639)",None,Visible usable person instance (pedestrian/firefighter/civilian); tight accurate bounding box.,ANTIGRAVITY_VISUAL_QA,2026-09-26T03:55:00+07:00
3863,CAND_003863,LOW,ADD,0,person,test,WEB11552.jpg,"(0.18261719, 0.57777778, 0.03789062, 0.11944444)",None,Visible usable person instance (pedestrian/firefighter/civilian); tight accurate bounding box.,ANTIGRAVITY_VISUAL_QA,2026-09-26T03:55:00+07:00
3864,CAND_003864,LOW,REJECT,0,person,train,WEB03971.jpg,"(0.76288915, 0.40785417, 0.47422170, 0.35195833)",None,"Unusable extreme frame edge truncation (47.4%w x 35.2%h, aspect=0.42) showing only marginal body sliver.",ANTIGRAVITY_VISUAL_QA,2026-09-26T03:55:00+07:00
3865,CAND_003865,LOW,ADD,0,person,train,WEB07506.jpg,"(0.52734426, 0.72241525, 0.02030601, 0.12419492)",None,Visible usable person instance (pedestrian/firefighter/civilian); tight accurate bounding box.,ANTIGRAVITY_VISUAL_QA,2026-09-26T03:55:00+07:00
3866,CAND_003866,LOW,REJECT,0,person,train,WEB07590.jpg,"(0.93280507, 0.71466480, 0.01562599, 0.08536313)",None,Tiny ambiguous silhouette (9x30 px); insufficient pixel resolution to verify human instance.,ANTIGRAVITY_VISUAL_QA,2026-09-26T03:55:00+07:00
3867,CAND_003867,LOW,ADD,0,person,val,WEB03944.jpg,"(0.05400391, 0.39861111, 0.03222656, 0.09722222)",None,Visible usable person instance (pedestrian/firefighter/civilian); tight accurate bounding box.,ANTIGRAVITY_VISUAL_QA,2026-09-26T03:55:00+07:00
3868,CAND_003868,LOW,ADD,0,person,val,WEB07791.jpg,"(0.65546667, 0.37133136, 0.04844444, 0.19656805)",None,Visible usable person instance (pedestrian/firefighter/civilian); tight accurate bounding box.,ANTIGRAVITY_VISUAL_QA,2026-09-26T03:55:00+07:00
3869,CAND_003869,LOW,ADD,0,person,val,WEB08165.jpg,"(0.35273437, 0.63541667, 0.04296875, 0.21666667)",None,Visible usable person instance (pedestrian/firefighter/civilian); tight accurate bounding box.,ANTIGRAVITY_VISUAL_QA,2026-09-26T03:55:00+07:00
3870,CAND_003870,LOW,ADD,0,person,train,WEB03714.jpg,"(0.29375296, 0.72887850, 0.03828605, 0.12509346)",None,Visible usable person instance (pedestrian/firefighter/civilian); tight accurate bounding box.,ANTIGRAVITY_VISUAL_QA,2026-09-26T03:55:00+07:00
3871,CAND_003871,LOW,ADD,0,person,train,WEB07080.jpg,"(0.04098828, 0.73333333, 0.01382031, 0.05000000)",None,Visible usable person instance (pedestrian/firefighter/civilian); tight accurate bounding box.,ANTIGRAVITY_VISUAL_QA,2026-09-26T03:55:00+07:00
3872,CAND_003872,LOW,ADD,0,person,train,WEB07634.jpg,"(0.94687500, 0.33888889, 0.01562500, 0.06946032)",None,Visible usable person instance (pedestrian/firefighter/civilian); tight accurate bounding box.,ANTIGRAVITY_VISUAL_QA,2026-09-26T03:55:00+07:00
3873,CAND_003873,LOW,ADD,0,person,train,WEB08233.jpg,"(0.88203125, 0.92083333, 0.02187500, 0.08055556)",None,Visible usable person instance (pedestrian/firefighter/civilian); tight accurate bounding box.,ANTIGRAVITY_VISUAL_QA,2026-09-26T03:55:00+07:00
3874,CAND_003874,LOW,ADJUST_BBOX,0,person,train,WEB09113.jpg,"(0.55468701, 0.77703390, 0.10311424, 0.44000000)","(0.55468701, 0.77851695, 0.10311424, 0.44296610)",Visible valid person instance at image boundary; coordinate clamped to frame edge.,ANTIGRAVITY_VISUAL_QA,2026-09-26T03:55:00+07:00
3875,CAND_003875,LOW,ADD,0,person,val,WEB09259.jpg,"(0.24687902, 0.94753385, 0.02812098, 0.09158607)",None,Visible usable person instance (pedestrian/firefighter/civilian); tight accurate bounding box.,ANTIGRAVITY_VISUAL_QA,2026-09-26T03:55:00+07:00
3876,CAND_003876,LOW,ADD,0,person,test,WEB10035.jpg,"(0.58281011, 0.79905977, 0.01718511, 0.05371720)",None,Visible usable person instance (pedestrian/firefighter/civilian); tight accurate bounding box.,ANTIGRAVITY_VISUAL_QA,2026-09-26T03:55:00+07:00
3877,CAND_003877,LOW,ADD,0,person,test,WEB10214.jpg,"(0.55156575, 0.73599428, 0.01249763, 0.02835479)",None,Visible usable person instance (pedestrian/firefighter/civilian); tight accurate bounding box.,ANTIGRAVITY_VISUAL_QA,2026-09-26T03:55:00+07:00
3878,CAND_003878,LOW,REJECT,0,person,test,WEB11039.jpg,"(0.00993750, 0.93889466, 0.01972500, 0.11544510)",None,"Unusable extreme frame edge truncation (2.0%w x 11.5%h, aspect=3.29) showing only marginal body sliver.",ANTIGRAVITY_VISUAL_QA,2026-09-26T03:55:00+07:00
3879,CAND_003879,LOW,ADD,0,person,train,WEB02916.jpg,"(0.15976437, 0.75573082, 0.01366635, 0.03837916)",None,Visible usable person instance (pedestrian/firefighter/civilian); tight accurate bounding box.,ANTIGRAVITY_VISUAL_QA,2026-09-26T03:55:00+07:00
3880,CAND_003880,LOW,ADD,0,person,train,WEB04278.jpg,"(0.16718824, 0.71695428, 0.01757647, 0.07346608)",None,Visible usable person instance (pedestrian/firefighter/civilian); tight accurate bounding box.,ANTIGRAVITY_VISUAL_QA,2026-09-26T03:55:00+07:00
3881,CAND_003881,LOW,ADD,0,person,train,WEB05545.jpg,"(0.37500000, 0.66250000, 0.04843750, 0.11944444)",None,Visible usable person instance (pedestrian/firefighter/civilian); tight accurate bounding box.,ANTIGRAVITY_VISUAL_QA,2026-09-26T03:55:00+07:00
3882,CAND_003882,LOW,ADD,0,person,train,WEB07210.jpg,"(0.14238281, 0.47638889, 0.04062500, 0.16944444)",None,Visible usable person instance (pedestrian/firefighter/civilian); tight accurate bounding box.,ANTIGRAVITY_VISUAL_QA,2026-09-26T03:55:00+07:00
3883,CAND_003883,LOW,REJECT,0,person,train,WEB08936.jpg,"(0.22066832, 0.42420833, 0.02925743, 0.04297222)",None,Tiny ambiguous silhouette (5x15 px); insufficient pixel resolution to verify human instance.,ANTIGRAVITY_VISUAL_QA,2026-09-26T03:55:00+07:00
3884,CAND_003884,LOW,ADD,0,person,train,WEB09226.jpg,"(0.86875000, 0.66718667, 0.02656000, 0.08541333)",None,Visible usable person instance (pedestrian/firefighter/civilian); tight accurate bounding box.,ANTIGRAVITY_VISUAL_QA,2026-09-26T03:55:00+07:00
3885,CAND_003885,LOW,ADJUST_BBOX,0,person,train,WEB09356.jpg,"(0.27714844, 0.94236111, 0.04687500, 0.11250000)","(0.27714844, 0.94305556, 0.04687500, 0.11388889)",Visible valid person instance at image boundary; coordinate clamped to frame edge.,ANTIGRAVITY_VISUAL_QA,2026-09-26T03:55:00+07:00
3886,CAND_003886,LOW,ADD,1,helmet,train,WEB07146.jpg,"(0.54140625, 0.49722222, 0.02656250, 0.04722222)",None,Genuine safety hardhat/firefighter helmet on personnel; clear rigid shell structure and tight bounding box.,ANTIGRAVITY_VISUAL_QA,2026-09-26T03:55:00+07:00
3887,CAND_003887,LOW,ADD,0,person,train,WEB08557.jpg,"(0.79844000, 0.76717718, 0.02344000, 0.09267267)",None,Visible usable person instance (pedestrian/firefighter/civilian); tight accurate bounding box.,ANTIGRAVITY_VISUAL_QA,2026-09-26T03:55:00+07:00
3888,CAND_003888,LOW,ADD,0,person,train,WEB08713.jpg,"(0.61406447, 0.78119444, 0.02655660, 0.11316667)",None,Visible usable person instance (pedestrian/firefighter/civilian); tight accurate bounding box.,ANTIGRAVITY_VISUAL_QA,2026-09-26T03:55:00+07:00
3889,CAND_003889,LOW,ADD,1,helmet,train,WEB09169.jpg,"(0.16132759, 0.53813178, 0.04296552, 0.05337984)",None,Genuine safety hardhat/firefighter helmet on personnel; clear rigid shell structure and tight bounding box.,ANTIGRAVITY_VISUAL_QA,2026-09-26T03:55:00+07:00
3890,CAND_003890,LOW,ADJUST_BBOX,0,person,val,WEB04140.jpg,"(0.07578125, 0.75694444, 0.15117188, 0.45416667)","(0.07568359, 0.75694444, 0.15136719, 0.45416667)",Visible valid person instance at image boundary; coordinate clamped to frame edge.,ANTIGRAVITY_VISUAL_QA,2026-09-26T03:55:00+07:00
3891,CAND_003891,LOW,ADD,0,person,val,WEB09129.jpg,"(0.72968700, 0.78332851, 0.01406498, 0.05137482)",None,Visible usable person instance (pedestrian/firefighter/civilian); tight accurate bounding box.,ANTIGRAVITY_VISUAL_QA,2026-09-26T03:55:00+07:00
3892,CAND_003892,LOW,ADD,0,person,test,WEB10021.jpg,"(0.34140547, 0.67664452, 0.01796020, 0.02817276)",None,Visible usable person instance (pedestrian/firefighter/civilian); tight accurate bounding box.,ANTIGRAVITY_VISUAL_QA,2026-09-26T03:55:00+07:00
3893,CAND_003893,LOW,ADD,0,person,test,WEB10642.jpg,"(0.59648125, 0.89100198, 0.03593750, 0.12771825)",None,Visible usable person instance (pedestrian/firefighter/civilian); tight accurate bounding box.,ANTIGRAVITY_VISUAL_QA,2026-09-26T03:55:00+07:00
3894,CAND_003894,LOW,ADD,0,person,train,WEB03209.jpg,"(0.63320802, 0.91536878, 0.01328321, 0.05560892)",None,Visible usable person instance (pedestrian/firefighter/civilian); tight accurate bounding box.,ANTIGRAVITY_VISUAL_QA,2026-09-26T03:55:00+07:00
3895,CAND_003895,LOW,ADD,0,person,train,WEB04133.jpg,"(0.39921875, 0.56944444, 0.05078125, 0.11666667)",None,Visible usable person instance (pedestrian/firefighter/civilian); tight accurate bounding box.,ANTIGRAVITY_VISUAL_QA,2026-09-26T03:55:00+07:00
3896,CAND_003896,LOW,ADD,0,person,train,WEB08861.jpg,"(0.81718750, 0.53055556, 0.02812500, 0.11944444)",None,Visible usable person instance (pedestrian/firefighter/civilian); tight accurate bounding box.,ANTIGRAVITY_VISUAL_QA,2026-09-26T03:55:00+07:00
3897,CAND_003897,LOW,ADD,0,person,test,WEB09679.jpg,"(0.19531250, 0.64444444, 0.02968750, 0.11388889)",None,Visible usable person instance (pedestrian/firefighter/civilian); tight accurate bounding box.,ANTIGRAVITY_VISUAL_QA,2026-09-26T03:55:00+07:00
3898,CAND_003898,LOW,ADD,1,helmet,test,WEB11525.jpg,"(0.83906250, 0.56354167, 0.04062500, 0.05208333)",None,Genuine safety hardhat/firefighter helmet on personnel; clear rigid shell structure and tight bounding box.,ANTIGRAVITY_VISUAL_QA,2026-09-26T03:55:00+07:00
3899,CAND_003899,LOW,ADD,0,person,train,AoF03414.jpg,"(0.73710937, 0.49722222, 0.17890625, 0.49166667)",None,Visible usable person instance (pedestrian/firefighter/civilian); tight accurate bounding box.,ANTIGRAVITY_VISUAL_QA,2026-09-26T03:55:00+07:00
3900,CAND_003900,LOW,ADD,0,person,train,WEB03527.jpg,"(0.60156212, 0.69878130, 0.02969250, 0.10180301)",None,Visible usable person instance (pedestrian/firefighter/civilian); tight accurate bounding box.,ANTIGRAVITY_VISUAL_QA,2026-09-26T03:55:00+07:00
3901,CAND_003901,LOW,ADD,0,person,train,WEB03527.jpg,"(0.19218942, 0.78572621, 0.02811808, 0.08694491)",None,Visible usable person instance (pedestrian/firefighter/civilian); tight accurate bounding box.,ANTIGRAVITY_VISUAL_QA,2026-09-26T03:55:00+07:00
3902,CAND_003902,LOW,ADD,0,person,train,WEB03928.jpg,"(0.73789063, 0.41944444, 0.06640625, 0.21250000)",None,Visible usable person instance (pedestrian/firefighter/civilian); tight accurate bounding box.,ANTIGRAVITY_VISUAL_QA,2026-09-26T03:55:00+07:00
3903,CAND_003903,LOW,ADD,0,person,train,WEB04138.jpg,"(0.97812500, 0.77272727, 0.04375000, 0.24715909)",None,Visible usable person instance (pedestrian/firefighter/civilian); tight accurate bounding box.,ANTIGRAVITY_VISUAL_QA,2026-09-26T03:55:00+07:00
3904,CAND_003904,LOW,ADD,0,person,train,WEB06028.jpg,"(0.72031546, 0.82483158, 0.05936909, 0.12305263)",None,Visible usable person instance (pedestrian/firefighter/civilian); tight accurate bounding box.,ANTIGRAVITY_VISUAL_QA,2026-09-26T03:55:00+07:00
3905,CAND_003905,LOW,ADD,0,person,train,WEB06259.jpg,"(0.28476563, 0.59583333, 0.02460937, 0.17777778)",None,Visible usable person instance (pedestrian/firefighter/civilian); tight accurate bounding box.,ANTIGRAVITY_VISUAL_QA,2026-09-26T03:55:00+07:00
3906,CAND_003906,LOW,REJECT,1,helmet,train,WEB07230.jpg,"(0.83125000, 0.23888889, 0.03125000, 0.05347222)",None,False positive helmet detection misaligned with person anatomy (not on head region).,ANTIGRAVITY_VISUAL_QA,2026-09-26T03:55:00+07:00
3907,CAND_003907,LOW,ADD,0,person,train,WEB07505.jpg,"(0.05448718, 0.61485900, 0.05879121, 0.19986985)",None,Visible usable person instance (pedestrian/firefighter/civilian); tight accurate bounding box.,ANTIGRAVITY_VISUAL_QA,2026-09-26T03:55:00+07:00
3908,CAND_003908,LOW,ADD,0,person,train,WEB08154.jpg,"(0.49765832, 0.69300475, 0.01796760, 0.07308789)",None,Visible usable person instance (pedestrian/firefighter/civilian); tight accurate bounding box.,ANTIGRAVITY_VISUAL_QA,2026-09-26T03:55:00+07:00
3909,CAND_003909,LOW,ADJUST_BBOX,0,person,test,WEB10373.jpg,"(0.27832484, 0.98000000, 0.02656051, 0.03761499)","(0.27832484, 0.98059625, 0.02656051, 0.03880750)",Visible valid person instance at image boundary; coordinate clamped to frame edge.,ANTIGRAVITY_VISUAL_QA,2026-09-26T03:55:00+07:00
3910,CAND_003910,LOW,ADD,0,person,train,WEB00114.jpg,"(0.73906481, 0.69844444, 0.03750000, 0.15000000)",None,Visible usable person instance (pedestrian/firefighter/civilian); tight accurate bounding box.,ANTIGRAVITY_VISUAL_QA,2026-09-26T03:55:00+07:00
3911,CAND_003911,LOW,ADD,0,person,train,WEB01158.jpg,"(0.50195312, 0.66805556, 0.01718750, 0.08750000)",None,Visible usable person instance (pedestrian/firefighter/civilian); tight accurate bounding box.,ANTIGRAVITY_VISUAL_QA,2026-09-26T03:55:00+07:00
3912,CAND_003912,LOW,ADD,0,person,train,WEB03925.jpg,"(0.21445312, 0.54930556, 0.02617188, 0.09861111)",None,Visible usable person instance (pedestrian/firefighter/civilian); tight accurate bounding box.,ANTIGRAVITY_VISUAL_QA,2026-09-26T03:55:00+07:00
3913,CAND_003913,LOW,ADD,0,person,train,WEB06786.jpg,"(0.81845833, 0.56093750, 0.04691667, 0.07031840)",None,Visible usable person instance (pedestrian/firefighter/civilian); tight accurate bounding box.,ANTIGRAVITY_VISUAL_QA,2026-09-26T03:55:00+07:00
3914,CAND_003914,LOW,ADD,0,person,train,WEB07197.jpg,"(0.33007812, 0.41388889, 0.04453125, 0.16944444)",None,Visible usable person instance (pedestrian/firefighter/civilian); tight accurate bounding box.,ANTIGRAVITY_VISUAL_QA,2026-09-26T03:55:00+07:00
3915,CAND_003915,LOW,ADD,0,person,train,WEB09141.jpg,"(0.20430017, 0.82525057, 0.03204047, 0.07177677)",None,Visible usable person instance (pedestrian/firefighter/civilian); tight accurate bounding box.,ANTIGRAVITY_VISUAL_QA,2026-09-26T03:55:00+07:00
3916,CAND_003916,LOW,ADD,0,person,val,WEB01946.jpg,"(0.36269512, 0.75444162, 0.02109756, 0.14634518)",None,Visible usable person instance (pedestrian/firefighter/civilian); tight accurate bounding box.,ANTIGRAVITY_VISUAL_QA,2026-09-26T03:55:00+07:00
3917,CAND_003917,LOW,REJECT,0,person,train,PublicDataset00932.jpg,"(0.05753333, 0.77500000, 0.02826667, 0.12920000)",None,Tiny ambiguous silhouette (8x29 px); insufficient pixel resolution to verify human instance.,ANTIGRAVITY_VISUAL_QA,2026-09-26T03:55:00+07:00
3918,CAND_003918,LOW,ADD,0,person,train,WEB03209.jpg,"(0.73788847, 0.91216123, 0.01484962, 0.05560892)",None,Visible usable person instance (pedestrian/firefighter/civilian); tight accurate bounding box.,ANTIGRAVITY_VISUAL_QA,2026-09-26T03:55:00+07:00
3919,CAND_003919,LOW,ADJUST_BBOX,0,person,train,WEB06793.jpg,"(0.97718750, 0.63359670, 0.04416667, 0.07969340)","(0.97755208, 0.63359670, 0.04489583, 0.07969340)",Visible valid person instance at image boundary; coordinate clamped to frame edge.,ANTIGRAVITY_VISUAL_QA,2026-09-26T03:55:00+07:00
3920,CAND_003920,LOW,ADD,0,person,train,WEB07672.jpg,"(0.98437755, 0.86202899, 0.03124490, 0.24134058)",None,Visible usable person instance (pedestrian/firefighter/civilian); tight accurate bounding box.,ANTIGRAVITY_VISUAL_QA,2026-09-26T03:55:00+07:00
3921,CAND_003921,LOW,ADD,0,person,train,WEB07678.jpg,"(0.94453078, 0.84454128, 0.02500505, 0.10511927)",None,Visible usable person instance (pedestrian/firefighter/civilian); tight accurate bounding box.,ANTIGRAVITY_VISUAL_QA,2026-09-26T03:55:00+07:00
3922,CAND_003922,LOW,REJECT,0,person,test,WEB10944.jpg,"(0.79765810, 0.61782186, 0.37812253, 0.67699102)",None,False positive person detection on flame region (IoU=0.85 with GT fire).,ANTIGRAVITY_VISUAL_QA,2026-09-26T03:55:00+07:00
3923,CAND_003923,LOW,ADD,0,person,test,WEB11652.jpg,"(0.51718750, 0.71527778, 0.02343750, 0.09722222)",None,Visible usable person instance (pedestrian/firefighter/civilian); tight accurate bounding box.,ANTIGRAVITY_VISUAL_QA,2026-09-26T03:55:00+07:00
3924,CAND_003924,LOW,ADD,0,person,train,WEB03909.jpg,"(0.41757813, 0.54513889, 0.01718750, 0.07361111)",None,Visible usable person instance (pedestrian/firefighter/civilian); tight accurate bounding box.,ANTIGRAVITY_VISUAL_QA,2026-09-26T03:55:00+07:00
3925,CAND_003925,LOW,ADD,0,person,train,WEB04631.jpg,"(0.58046875, 0.65573333, 0.03593750, 0.14480000)",None,Visible usable person instance (pedestrian/firefighter/civilian); tight accurate bounding box.,ANTIGRAVITY_VISUAL_QA,2026-09-26T03:55:00+07:00
3926,CAND_003926,LOW,REJECT,0,person,train,WEB05399.jpg,"(0.51260417, 0.41562500, 0.47637500, 0.82291667)",None,False positive person detection on flame region (IoU=0.30 with GT fire).,ANTIGRAVITY_VISUAL_QA,2026-09-26T03:55:00+07:00
3927,CAND_003927,LOW,ADD,0,person,train,WEB07192.jpg,"(0.73398438, 0.38611111, 0.01562500, 0.06666667)",None,Visible usable person instance (pedestrian/firefighter/civilian); tight accurate bounding box.,ANTIGRAVITY_VISUAL_QA,2026-09-26T03:55:00+07:00
3928,CAND_003928,LOW,ADD,0,person,train,WEB09016.jpg,"(0.08925625, 0.42864167, 0.04023750, 0.13855000)",None,Visible usable person instance (pedestrian/firefighter/civilian); tight accurate bounding box.,ANTIGRAVITY_VISUAL_QA,2026-09-26T03:55:00+07:00
3929,CAND_003929,LOW,ADD,0,person,test,WEB11449.jpg,"(0.53437249, 0.89413636, 0.03593373, 0.17685455)",None,Visible usable person instance (pedestrian/firefighter/civilian); tight accurate bounding box.,ANTIGRAVITY_VISUAL_QA,2026-09-26T03:55:00+07:00
3930,CAND_003930,LOW,ADD,0,person,train,PublicDataset00946.jpg,"(0.82421667, 0.71054167, 0.04063333, 0.11875000)",None,Visible usable person instance (pedestrian/firefighter/civilian); tight accurate bounding box.,ANTIGRAVITY_VISUAL_QA,2026-09-26T03:55:00+07:00
3931,CAND_003931,LOW,REJECT,0,person,train,WEB01152.jpg,"(0.59531250, 0.70347222, 0.01250000, 0.05000000)",None,Tiny ambiguous silhouette (8x18 px); insufficient pixel resolution to verify human instance.,ANTIGRAVITY_VISUAL_QA,2026-09-26T03:55:00+07:00
3932,CAND_003932,LOW,ADD,0,person,train,WEB03477.jpg,"(0.62304490, 0.60172119, 0.01405987, 0.06415363)",None,Visible usable person instance (pedestrian/firefighter/civilian); tight accurate bounding box.,ANTIGRAVITY_VISUAL_QA,2026-09-26T03:55:00+07:00
3933,CAND_003933,LOW,ADD,0,person,train,WEB07494.jpg,"(0.92343382, 0.60211813, 0.08125000, 0.20448065)",None,Visible usable person instance (pedestrian/firefighter/civilian); tight accurate bounding box.,ANTIGRAVITY_VISUAL_QA,2026-09-26T03:55:00+07:00
3934,CAND_003934,LOW,ADD,0,person,train,WEB07947.jpg,"(0.40156250, 0.75555556, 0.02578125, 0.15555556)",None,Visible usable person instance (pedestrian/firefighter/civilian); tight accurate bounding box.,ANTIGRAVITY_VISUAL_QA,2026-09-26T03:55:00+07:00
3935,CAND_003935,LOW,ADD,1,helmet,train,WEB08917.jpg,"(0.56094000, 0.31742557, 0.02266000, 0.04105079)",None,Genuine safety hardhat/firefighter helmet on personnel; clear rigid shell structure and tight bounding box.,ANTIGRAVITY_VISUAL_QA,2026-09-26T03:55:00+07:00
3936,CAND_003936,LOW,ADD,0,person,train,WEB09091.jpg,"(0.12441343, 0.70214804, 0.03360032, 0.12894049)",None,Visible usable person instance (pedestrian/firefighter/civilian); tight accurate bounding box.,ANTIGRAVITY_VISUAL_QA,2026-09-26T03:55:00+07:00
3937,CAND_003937,LOW,ADD,0,person,test,WEB10630.jpg,"(0.13164063, 0.50138889, 0.05565625, 0.16666667)",None,Visible usable person instance (pedestrian/firefighter/civilian); tight accurate bounding box.,ANTIGRAVITY_VISUAL_QA,2026-09-26T03:55:00+07:00
3938,CAND_003938,LOW,ADD,0,person,test,WEB11478.jpg,"(0.50781633, 0.79231193, 0.02500000, 0.10396330)",None,Visible usable person instance (pedestrian/firefighter/civilian); tight accurate bounding box.,ANTIGRAVITY_VISUAL_QA,2026-09-26T03:55:00+07:00
3939,CAND_003939,LOW,ADD,0,person,test,WEB11756.jpg,"(0.49101563, 0.44305556, 0.02968750, 0.18888889)",None,Visible usable person instance (pedestrian/firefighter/civilian); tight accurate bounding box.,ANTIGRAVITY_VISUAL_QA,2026-09-26T03:55:00+07:00
3940,CAND_003940,LOW,ADD,0,person,train,WEB00113.jpg,"(0.73632407, 0.69844444, 0.02968519, 0.15000000)",None,Visible usable person instance (pedestrian/firefighter/civilian); tight accurate bounding box.,ANTIGRAVITY_VISUAL_QA,2026-09-26T03:55:00+07:00
3941,CAND_003941,LOW,ADD,0,person,train,WEB01635.jpg,"(0.88828125, 0.49305556, 0.02500000, 0.12777778)",None,Visible usable person instance (pedestrian/firefighter/civilian); tight accurate bounding box.,ANTIGRAVITY_VISUAL_QA,2026-09-26T03:55:00+07:00
3942,CAND_003942,LOW,ADD,0,person,train,WEB05942.jpg,"(0.14082292, 0.25988889, 0.06327083, 0.20000000)",None,Visible usable person instance (pedestrian/firefighter/civilian); tight accurate bounding box.,ANTIGRAVITY_VISUAL_QA,2026-09-26T03:55:00+07:00
3943,CAND_003943,LOW,ADD,0,person,train,WEB06528.jpg,"(0.18808998, 0.60070136, 0.02538200, 0.11244344)",None,Visible usable person instance (pedestrian/firefighter/civilian); tight accurate bounding box.,ANTIGRAVITY_VISUAL_QA,2026-09-26T03:55:00+07:00
3944,CAND_003944,LOW,ADD,0,person,train,WEB07223.jpg,"(0.78789062, 0.49861111, 0.03515625, 0.18333333)",None,Visible usable person instance (pedestrian/firefighter/civilian); tight accurate bounding box.,ANTIGRAVITY_VISUAL_QA,2026-09-26T03:55:00+07:00
3945,CAND_003945,LOW,ADD,0,person,train,WEB07716.jpg,"(0.10214823, 0.73567748, 0.01581096, 0.06246183)",None,Visible usable person instance (pedestrian/firefighter/civilian); tight accurate bounding box.,ANTIGRAVITY_VISUAL_QA,2026-09-26T03:55:00+07:00
3946,CAND_003946,LOW,ADD,0,person,train,WEB08206.jpg,"(0.68906250, 0.48645833, 0.01562500, 0.04583333)",None,Visible usable person instance (pedestrian/firefighter/civilian); tight accurate bounding box.,ANTIGRAVITY_VISUAL_QA,2026-09-26T03:55:00+07:00
3947,CAND_003947,LOW,ADD,0,person,val,WEB03040.jpg,"(0.47500000, 0.56250000, 0.29218750, 0.85000000)",None,Visible usable person instance (pedestrian/firefighter/civilian); tight accurate bounding box.,ANTIGRAVITY_VISUAL_QA,2026-09-26T03:55:00+07:00
3948,CAND_003948,LOW,REJECT,0,person,test,WEB10556.jpg,"(0.73593711, 0.93278598, 0.10000000, 0.12833948)",None,"False positive person detection on vertical inanimate structure/object (conf=0.349, aspect=0.87); non-human object.",ANTIGRAVITY_VISUAL_QA,2026-09-26T03:55:00+07:00
3949,CAND_003949,LOW,REJECT,1,helmet,test,WEB11756.jpg,"(0.53203125, 0.35208333, 0.01875000, 0.03472222)",None,False positive helmet detection misaligned with person anatomy (not on head region).,ANTIGRAVITY_VISUAL_QA,2026-09-26T03:55:00+07:00
3950,CAND_003950,LOW,REJECT,0,person,train,PublicDataset00932.jpg,"(0.41093333, 0.77448889, 0.01720000, 0.06248889)",None,Tiny ambiguous silhouette (5x14 px); insufficient pixel resolution to verify human instance.,ANTIGRAVITY_VISUAL_QA,2026-09-26T03:55:00+07:00
3951,CAND_003951,LOW,ADD,0,person,train,WEB03133.jpg,"(0.04264844, 0.52083333, 0.05376562, 0.19166667)",None,Visible usable person instance (pedestrian/firefighter/civilian); tight accurate bounding box.,ANTIGRAVITY_VISUAL_QA,2026-09-26T03:55:00+07:00
3952,CAND_003952,LOW,ADD,0,person,train,WEB07302.jpg,"(0.73046875, 0.56312018, 0.04531250, 0.08434399)",None,Visible usable person instance (pedestrian/firefighter/civilian); tight accurate bounding box.,ANTIGRAVITY_VISUAL_QA,2026-09-26T03:55:00+07:00
3953,CAND_003953,LOW,ADD,0,person,train,WEB07678.jpg,"(0.15078204, 0.79552294, 0.01835520, 0.06818349)",None,Visible usable person instance (pedestrian/firefighter/civilian); tight accurate bounding box.,ANTIGRAVITY_VISUAL_QA,2026-09-26T03:55:00+07:00
3954,CAND_003954,LOW,ADD,1,helmet,val,WEB05837.jpg,"(0.85390385, 0.78750000, 0.03124359, 0.03750000)",None,Genuine safety hardhat/firefighter helmet on personnel; clear rigid shell structure and tight bounding box.,ANTIGRAVITY_VISUAL_QA,2026-09-26T03:55:00+07:00
3955,CAND_003955,LOW,ADD,0,person,val,WEB07218.jpg,"(0.70507812, 0.53750000, 0.03125000, 0.20000000)",None,Visible usable person instance (pedestrian/firefighter/civilian); tight accurate bounding box.,ANTIGRAVITY_VISUAL_QA,2026-09-26T03:55:00+07:00
3956,CAND_003956,LOW,REJECT,1,helmet,val,WEB08540.jpg,"(0.76562385, 0.48406340, 0.04141284, 0.03925072)",None,Distant blurred head silhouette (22x13 px); insufficient pixels to verify safety helmet.,ANTIGRAVITY_VISUAL_QA,2026-09-26T03:55:00+07:00
3957,CAND_003957,LOW,ADD,0,person,test,WEB11449.jpg,"(0.40771586, 0.96062727, 0.01737952, 0.06507273)",None,Visible usable person instance (pedestrian/firefighter/civilian); tight accurate bounding box.,ANTIGRAVITY_VISUAL_QA,2026-09-26T03:55:00+07:00
3958,CAND_003958,LOW,REJECT,0,person,train,WEB03404.jpg,"(0.01182099, 0.85881773, 0.02332099, 0.26706076)",None,"Unusable extreme frame edge truncation (2.3%w x 26.7%h, aspect=8.61) showing only marginal body sliver.",ANTIGRAVITY_VISUAL_QA,2026-09-26T03:55:00+07:00
3959,CAND_003959,LOW,ADD,0,person,train,WEB06616.jpg,"(0.76484500, 0.77422039, 0.03125000, 0.10775112)",None,Visible usable person instance (pedestrian/firefighter/civilian); tight accurate bounding box.,ANTIGRAVITY_VISUAL_QA,2026-09-26T03:55:00+07:00
3960,CAND_003960,LOW,ADD,0,person,train,WEB07079.jpg,"(0.06367188, 0.72708333, 0.01171875, 0.05000000)",None,Visible usable person instance (pedestrian/firefighter/civilian); tight accurate bounding box.,ANTIGRAVITY_VISUAL_QA,2026-09-26T03:55:00+07:00
3961,CAND_003961,LOW,ADD,0,person,train,WEB07194.jpg,"(0.88750000, 0.37152778, 0.03437500, 0.16527778)",None,Visible usable person instance (pedestrian/firefighter/civilian); tight accurate bounding box.,ANTIGRAVITY_VISUAL_QA,2026-09-26T03:55:00+07:00
3962,CAND_003962,LOW,REJECT,0,person,train,AoF02503.jpg,"(0.46943359, 0.13680556, 0.18613281, 0.26736111)",None,"False positive person detection on vertical inanimate structure/object (conf=0.347, aspect=0.81); non-human object.",ANTIGRAVITY_VISUAL_QA,2026-09-26T03:55:00+07:00
3963,CAND_003963,LOW,ADD,0,person,train,PublicDataset00906.jpg,"(0.26992243, 0.67051579, 0.03047955, 0.18890526)",None,Visible usable person instance (pedestrian/firefighter/civilian); tight accurate bounding box.,ANTIGRAVITY_VISUAL_QA,2026-09-26T03:55:00+07:00
3964,CAND_003964,LOW,REJECT,0,person,train,WEB06798.jpg,"(0.07297917, 0.79375590, 0.14595833, 0.40937500)",None,"False positive person detection on vertical inanimate structure/object (conf=0.347, aspect=4.96); non-human object.",ANTIGRAVITY_VISUAL_QA,2026-09-26T03:55:00+07:00
3965,CAND_003965,LOW,REJECT,0,person,train,WEB07191.jpg,"(0.00835937, 0.44722222, 0.01657812, 0.06944444)",None,"Unusable extreme frame edge truncation (1.7%w x 6.9%h, aspect=2.36) showing only marginal body sliver.",ANTIGRAVITY_VISUAL_QA,2026-09-26T03:55:00+07:00
3966,CAND_003966,LOW,ADD,0,person,train,WEB07196.jpg,"(0.38574219, 0.45000000, 0.03945312, 0.18055556)",None,Visible usable person instance (pedestrian/firefighter/civilian); tight accurate bounding box.,ANTIGRAVITY_VISUAL_QA,2026-09-26T03:55:00+07:00
3967,CAND_003967,LOW,ADD,0,person,train,WEB07201.jpg,"(0.17929687, 0.37638889, 0.03184375, 0.14444444)",None,Visible usable person instance (pedestrian/firefighter/civilian); tight accurate bounding box.,ANTIGRAVITY_VISUAL_QA,2026-09-26T03:55:00+07:00
3968,CAND_003968,LOW,ADD,0,person,train,WEB07230.jpg,"(0.60859375, 0.38958333, 0.06562500, 0.27916667)",None,Visible usable person instance (pedestrian/firefighter/civilian); tight accurate bounding box.,ANTIGRAVITY_VISUAL_QA,2026-09-26T03:55:00+07:00
3969,CAND_003969,LOW,ADD,0,person,train,WEB09207.jpg,"(0.28262166, 0.91191549, 0.01679749, 0.08411268)",None,Visible usable person instance (pedestrian/firefighter/civilian); tight accurate bounding box.,ANTIGRAVITY_VISUAL_QA,2026-09-26T03:55:00+07:00
3970,CAND_003970,LOW,ADD,0,person,train,WEB09884.jpg,"(0.91406250, 0.49583333, 0.02500000, 0.10277778)",None,Visible usable person instance (pedestrian/firefighter/civilian); tight accurate bounding box.,ANTIGRAVITY_VISUAL_QA,2026-09-26T03:55:00+07:00
3971,CAND_003971,LOW,ADD,1,helmet,val,WEB07237.jpg,"(0.47890625, 0.53548387, 0.07343750, 0.04516129)",None,Genuine safety hardhat/firefighter helmet on personnel; clear rigid shell structure and tight bounding box.,ANTIGRAVITY_VISUAL_QA,2026-09-26T03:55:00+07:00
3972,CAND_003972,LOW,ADD,0,person,val,WEB07611.jpg,"(0.28652381, 0.65762712, 0.01641270, 0.08898305)",None,Visible usable person instance (pedestrian/firefighter/civilian); tight accurate bounding box.,ANTIGRAVITY_VISUAL_QA,2026-09-26T03:55:00+07:00
3973,CAND_003973,LOW,ADD,0,person,test,WEB10426.jpg,"(0.68515625, 0.73436111, 0.05468750, 0.09583333)",None,Visible usable person instance (pedestrian/firefighter/civilian); tight accurate bounding box.,ANTIGRAVITY_VISUAL_QA,2026-09-26T03:55:00+07:00
3974,CAND_003974,LOW,ADD,0,person,test,WEB11084.jpg,"(0.40533482, 0.75780779, 0.07218750, 0.15468593)",None,Visible usable person instance (pedestrian/firefighter/civilian); tight accurate bounding box.,ANTIGRAVITY_VISUAL_QA,2026-09-26T03:55:00+07:00
3975,CAND_003975,LOW,ADD,0,person,train,WEB02755.jpg,"(0.21425682, 0.97044075, 0.03555033, 0.05911850)",None,Visible usable person instance (pedestrian/firefighter/civilian); tight accurate bounding box.,ANTIGRAVITY_VISUAL_QA,2026-09-26T03:55:00+07:00
3976,CAND_003976,LOW,ADD,0,person,train,WEB04267.jpg,"(0.07167969, 0.21658851, 0.04384375, 0.22098476)",None,Visible usable person instance (pedestrian/firefighter/civilian); tight accurate bounding box.,ANTIGRAVITY_VISUAL_QA,2026-09-26T03:55:00+07:00
3977,CAND_003977,LOW,REJECT,0,person,train,WEB08747.jpg,"(0.30745098, 0.53906944, 0.04000000, 0.05469444)",None,Tiny ambiguous silhouette (8x19 px); insufficient pixel resolution to verify human instance.,ANTIGRAVITY_VISUAL_QA,2026-09-26T03:55:00+07:00
3978,CAND_003978,LOW,ADD,0,person,test,WEB11131.jpg,"(0.63628125, 0.36172170, 0.05797917, 0.05155660)",None,Visible usable person instance (pedestrian/firefighter/civilian); tight accurate bounding box.,ANTIGRAVITY_VISUAL_QA,2026-09-26T03:55:00+07:00
3979,CAND_003979,LOW,ADJUST_BBOX,0,person,train,PublicDataset00342.jpg,"(0.83202083, 0.78073611, 0.33437500, 0.41769444)","(0.83241667, 0.78073611, 0.33516667, 0.41769444)",Visible valid person instance at image boundary; coordinate clamped to frame edge.,ANTIGRAVITY_VISUAL_QA,2026-09-26T03:55:00+07:00
3980,CAND_003980,LOW,ADD,1,helmet,train,WEB04425.jpg,"(0.14463000, 0.32122939, 0.12950000, 0.14347826)",None,Genuine safety hardhat/firefighter helmet on personnel; clear rigid shell structure and tight bounding box.,ANTIGRAVITY_VISUAL_QA,2026-09-26T03:55:00+07:00
3981,CAND_003981,LOW,ADD,0,person,train,WEB08832.jpg,"(0.02768750, 0.43472222, 0.01684375, 0.07500000)",None,Visible usable person instance (pedestrian/firefighter/civilian); tight accurate bounding box.,ANTIGRAVITY_VISUAL_QA,2026-09-26T03:55:00+07:00
3982,CAND_003982,LOW,REJECT,1,helmet,val,WEB08067.jpg,"(0.61992308, 0.60234615, 0.05782051, 0.06796154)",None,False positive helmet detection misaligned with person anatomy (not on head region).,ANTIGRAVITY_VISUAL_QA,2026-09-26T03:55:00+07:00
3983,CAND_003983,LOW,ADD,0,person,test,PublicDataset01298.jpg,"(0.34414167, 0.50791775, 0.01328333, 0.05139687)",None,Visible usable person instance (pedestrian/firefighter/civilian); tight accurate bounding box.,ANTIGRAVITY_VISUAL_QA,2026-09-26T03:55:00+07:00
3984,CAND_003984,LOW,ADD,0,person,train,WEB01501.jpg,"(0.26445313, 0.80138889, 0.08515625, 0.16944444)",None,Visible usable person instance (pedestrian/firefighter/civilian); tight accurate bounding box.,ANTIGRAVITY_VISUAL_QA,2026-09-26T03:55:00+07:00
3985,CAND_003985,LOW,REJECT,0,person,train,WEB07660.jpg,"(0.11054592, 0.84398551, 0.21562245, 0.29681159)",None,"False positive person detection on vertical inanimate structure/object (conf=0.344, aspect=0.78); non-human object.",ANTIGRAVITY_VISUAL_QA,2026-09-26T03:55:00+07:00
3986,CAND_003986,LOW,ADJUST_BBOX,0,person,train,WEB08430.jpg,"(0.03864844, 0.84513889, 0.07701563, 0.30000000)","(0.03857813, 0.84513889, 0.07715625, 0.30000000)",Visible valid person instance at image boundary; coordinate clamped to frame edge.,ANTIGRAVITY_VISUAL_QA,2026-09-26T03:55:00+07:00
3987,CAND_003987,LOW,ADJUST_BBOX,0,person,train,WEB09228.jpg,"(0.94374444, 0.80078333, 0.11042222, 0.35156667)","(0.94426667, 0.80078333, 0.11146667, 0.35156667)",Visible valid person instance at image boundary; coordinate clamped to frame edge.,ANTIGRAVITY_VISUAL_QA,2026-09-26T03:55:00+07:00
3988,CAND_003988,LOW,ADD,0,person,train,WEB09265.jpg,"(0.03515613, 0.82233284, 0.07031226, 0.33310550)",None,Visible usable person instance (pedestrian/firefighter/civilian); tight accurate bounding box.,ANTIGRAVITY_VISUAL_QA,2026-09-26T03:55:00+07:00
3989,CAND_003989,LOW,REJECT,0,person,val,WEB03818.jpg,"(0.00815625, 0.87500000, 0.01601562, 0.21666667)",None,"Unusable extreme frame edge truncation (1.6%w x 21.7%h, aspect=7.61) showing only marginal body sliver.",ANTIGRAVITY_VISUAL_QA,2026-09-26T03:55:00+07:00
3990,CAND_003990,LOW,ADD,0,person,val,WEB07295.jpg,"(0.26796774, 0.43856734, 0.01719355, 0.08882521)",None,Visible usable person instance (pedestrian/firefighter/civilian); tight accurate bounding box.,ANTIGRAVITY_VISUAL_QA,2026-09-26T03:55:00+07:00
3991,CAND_003991,LOW,ADD,0,person,val,WEB08329.jpg,"(0.96484375, 0.53281250, 0.07031250, 0.34479167)",None,Visible usable person instance (pedestrian/firefighter/civilian); tight accurate bounding box.,ANTIGRAVITY_VISUAL_QA,2026-09-26T03:55:00+07:00
3992,CAND_003992,LOW,REJECT,0,person,train,WEB01891.jpg,"(0.66132813, 0.71597222, 0.06093750, 0.09166667)",None,"False positive person detection on vertical inanimate structure/object (conf=0.343, aspect=0.85); non-human object.",ANTIGRAVITY_VISUAL_QA,2026-09-26T03:55:00+07:00
3993,CAND_003993,LOW,ADD,0,person,train,WEB03474.jpg,"(0.60976514, 0.49479201, 0.09063041, 0.16089850)",None,Visible usable person instance (pedestrian/firefighter/civilian); tight accurate bounding box.,ANTIGRAVITY_VISUAL_QA,2026-09-26T03:55:00+07:00
3994,CAND_003994,LOW,ADD,0,person,train,WEB03912.jpg,"(0.33554688, 0.67361111, 0.05312500, 0.10277778)",None,Visible usable person instance (pedestrian/firefighter/civilian); tight accurate bounding box.,ANTIGRAVITY_VISUAL_QA,2026-09-26T03:55:00+07:00
3995,CAND_003995,LOW,ADD,0,person,train,WEB04801.jpg,"(0.70625000, 0.81805556, 0.01406250, 0.07500000)",None,Visible usable person instance (pedestrian/firefighter/civilian); tight accurate bounding box.,ANTIGRAVITY_VISUAL_QA,2026-09-26T03:55:00+07:00
3996,CAND_003996,LOW,ADD,0,person,train,WEB07122.jpg,"(0.16621341, 0.73906504, 0.01289024, 0.04687805)",None,Visible usable person instance (pedestrian/firefighter/civilian); tight accurate bounding box.,ANTIGRAVITY_VISUAL_QA,2026-09-26T03:55:00+07:00
3997,CAND_003997,LOW,ADD,0,person,train,WEB07123.jpg,"(0.10839844, 0.54930556, 0.01445313, 0.06527778)",None,Visible usable person instance (pedestrian/firefighter/civilian); tight accurate bounding box.,ANTIGRAVITY_VISUAL_QA,2026-09-26T03:55:00+07:00
3998,CAND_003998,LOW,ADD,0,person,train,WEB07259.jpg,"(0.27187500, 0.69375556, 0.02735000, 0.04791111)",None,Visible usable person instance (pedestrian/firefighter/civilian); tight accurate bounding box.,ANTIGRAVITY_VISUAL_QA,2026-09-26T03:55:00+07:00
3999,CAND_003999,LOW,ADD,0,person,train,WEB08432.jpg,"(0.06347656, 0.46111111, 0.03232812, 0.09444444)",None,Visible usable person instance (pedestrian/firefighter/civilian); tight accurate bounding box.,ANTIGRAVITY_VISUAL_QA,2026-09-26T03:55:00+07:00
4000,CAND_004000,LOW,ADD,0,person,val,WEB01890.jpg,"(0.57382813, 0.61666667, 0.02890625, 0.08888889)",None,Visible usable person instance (pedestrian/firefighter/civilian); tight accurate bounding box.,ANTIGRAVITY_VISUAL_QA,2026-09-26T03:55:00+07:00
4001,CAND_004001,LOW,REJECT,1,helmet,val,WEB08377.jpg,"(0.72656250, 0.44885993, 0.02656250, 0.03127036)",None,Distant blurred head silhouette (13x9 px); insufficient pixels to verify safety helmet.,ANTIGRAVITY_VISUAL_QA,2026-09-26T03:55:00+07:00
4002,CAND_004002,LOW,ADD,0,person,val,WEB08451.jpg,"(0.03005469, 0.58055556, 0.03485938, 0.13055556)",None,Visible usable person instance (pedestrian/firefighter/civilian); tight accurate bounding box.,ANTIGRAVITY_VISUAL_QA,2026-09-26T03:55:00+07:00
4003,CAND_004003,LOW,ADD,0,person,test,WEB11136.jpg,"(0.87265185, 0.87519789, 0.02968889, 0.10295515)",None,Visible usable person instance (pedestrian/firefighter/civilian); tight accurate bounding box.,ANTIGRAVITY_VISUAL_QA,2026-09-26T03:55:00+07:00
4004,CAND_004004,LOW,ADD,0,person,test,WEB11538.jpg,"(0.49922591, 0.87386364, 0.09140600, 0.24164773)",None,Visible usable person instance (pedestrian/firefighter/civilian); tight accurate bounding box.,ANTIGRAVITY_VISUAL_QA,2026-09-26T03:55:00+07:00
4005,CAND_004005,LOW,ADD,0,person,train,WEB02656.jpg,"(0.93125000, 0.59686667, 0.02500000, 0.09791111)",None,Visible usable person instance (pedestrian/firefighter/civilian); tight accurate bounding box.,ANTIGRAVITY_VISUAL_QA,2026-09-26T03:55:00+07:00
4006,CAND_004006,LOW,ADD,0,person,train,WEB03193.jpg,"(0.19697121, 0.82320428, 0.03183980, 0.12031301)",None,Visible usable person instance (pedestrian/firefighter/civilian); tight accurate bounding box.,ANTIGRAVITY_VISUAL_QA,2026-09-26T03:55:00+07:00
4007,CAND_004007,LOW,ADD,0,person,train,WEB05411.jpg,"(0.35839844, 0.64583333, 0.01757812, 0.06111111)",None,Visible usable person instance (pedestrian/firefighter/civilian); tight accurate bounding box.,ANTIGRAVITY_VISUAL_QA,2026-09-26T03:55:00+07:00
4008,CAND_004008,LOW,ADD,0,person,train,WEB06398.jpg,"(0.64453125, 0.86666667, 0.03046875, 0.15972222)",None,Visible usable person instance (pedestrian/firefighter/civilian); tight accurate bounding box.,ANTIGRAVITY_VISUAL_QA,2026-09-26T03:55:00+07:00
4009,CAND_004009,LOW,ADD,0,person,train,WEB06448.jpg,"(0.79843750, 0.65390625, 0.02916667, 0.04687500)",None,Visible usable person instance (pedestrian/firefighter/civilian); tight accurate bounding box.,ANTIGRAVITY_VISUAL_QA,2026-09-26T03:55:00+07:00
4010,CAND_004010,LOW,ADD,0,person,train,WEB07169.jpg,"(0.24336412, 0.83917079, 0.04414248, 0.18908416)",None,Visible usable person instance (pedestrian/firefighter/civilian); tight accurate bounding box.,ANTIGRAVITY_VISUAL_QA,2026-09-26T03:55:00+07:00
4011,CAND_004011,LOW,ADD,0,person,train,WEB07473.jpg,"(0.80468639, 0.75184028, 0.02186982, 0.10696759)",None,Visible usable person instance (pedestrian/firefighter/civilian); tight accurate bounding box.,ANTIGRAVITY_VISUAL_QA,2026-09-26T03:55:00+07:00
4012,CAND_004012,LOW,ADD,0,person,train,WEB07955.jpg,"(0.36581897, 0.86735632, 0.02538793, 0.16528736)",None,Visible usable person instance (pedestrian/firefighter/civilian); tight accurate bounding box.,ANTIGRAVITY_VISUAL_QA,2026-09-26T03:55:00+07:00
4013,CAND_004013,LOW,ADJUST_BBOX,0,person,train,WEB08427.jpg,"(0.25546875, 0.86527778, 0.06640625, 0.26111111)","(0.25546875, 0.86736111, 0.06640625, 0.26527778)",Visible valid person instance at image boundary; coordinate clamped to frame edge.,ANTIGRAVITY_VISUAL_QA,2026-09-26T03:55:00+07:00
4014,CAND_004014,LOW,ADD,1,helmet,test,WEB11120.jpg,"(0.46250000, 0.54375000, 0.02031250, 0.03194444)",None,Genuine safety hardhat/firefighter helmet on personnel; clear rigid shell structure and tight bounding box.,ANTIGRAVITY_VISUAL_QA,2026-09-26T03:55:00+07:00
4015,CAND_004015,LOW,ADD,0,person,train,AoF03752.jpg,"(0.50625000, 0.60277778, 0.03125000, 0.15277778)",None,Visible usable person instance (pedestrian/firefighter/civilian); tight accurate bounding box.,ANTIGRAVITY_VISUAL_QA,2026-09-26T03:55:00+07:00
4016,CAND_004016,LOW,REJECT,0,person,train,WEB04919.jpg,"(0.41611386, 0.92187500, 0.33173267, 0.15625000)",None,"False positive person detection on vertical inanimate structure/object (conf=0.342, aspect=0.84); non-human object.",ANTIGRAVITY_VISUAL_QA,2026-09-26T03:55:00+07:00
4017,CAND_004017,LOW,ADD,0,person,train,WEB07277.jpg,"(0.77638889, 0.39687500, 0.02500000, 0.03125000)",None,Visible usable person instance (pedestrian/firefighter/civilian); tight accurate bounding box.,ANTIGRAVITY_VISUAL_QA,2026-09-26T03:55:00+07:00
4018,CAND_004018,LOW,ADD,0,person,train,WEB08432.jpg,"(0.17050000, 0.52777778, 0.02343750, 0.11111111)",None,Visible usable person instance (pedestrian/firefighter/civilian); tight accurate bounding box.,ANTIGRAVITY_VISUAL_QA,2026-09-26T03:55:00+07:00
4019,CAND_004019,LOW,ADD,0,person,train,WEB08550.jpg,"(0.30820513, 0.68437500, 0.01717949, 0.05390385)",None,Visible usable person instance (pedestrian/firefighter/civilian); tight accurate bounding box.,ANTIGRAVITY_VISUAL_QA,2026-09-26T03:55:00+07:00
4020,CAND_004020,LOW,ADD,1,helmet,train,WEB09169.jpg,"(0.08017672, 0.53953488, 0.05566379, 0.06462016)",None,Genuine safety hardhat/firefighter helmet on personnel; clear rigid shell structure and tight bounding box.,ANTIGRAVITY_VISUAL_QA,2026-09-26T03:55:00+07:00
4021,CAND_004021,LOW,ADD,1,helmet,train,WEB09249.jpg,"(0.56953125, 0.60293255, 0.02500000, 0.02815249)",None,Genuine safety hardhat/firefighter helmet on personnel; clear rigid shell structure and tight bounding box.,ANTIGRAVITY_VISUAL_QA,2026-09-26T03:55:00+07:00
4022,CAND_004022,LOW,ADD,0,person,val,WEB03381.jpg,"(0.54687805, 0.53402801, 0.02343902, 0.09497529)",None,Visible usable person instance (pedestrian/firefighter/civilian); tight accurate bounding box.,ANTIGRAVITY_VISUAL_QA,2026-09-26T03:55:00+07:00
4023,CAND_004023,LOW,ADD,0,person,val,WEB09287.jpg,"(0.89219444, 0.58534722, 0.03750000, 0.07736111)",None,Visible usable person instance (pedestrian/firefighter/civilian); tight accurate bounding box.,ANTIGRAVITY_VISUAL_QA,2026-09-26T03:55:00+07:00
4024,CAND_004024,LOW,ADD,0,person,train,PublicDataset01027.jpg,"(0.08573438, 0.62916667, 0.05859375, 0.16458333)",None,Visible usable person instance (pedestrian/firefighter/civilian); tight accurate bounding box.,ANTIGRAVITY_VISUAL_QA,2026-09-26T03:55:00+07:00
4025,CAND_004025,LOW,ADD,0,person,train,WEB02388.jpg,"(0.53085938, 0.55281690, 0.05703125, 0.26291080)",None,Visible usable person instance (pedestrian/firefighter/civilian); tight accurate bounding box.,ANTIGRAVITY_VISUAL_QA,2026-09-26T03:55:00+07:00
4026,CAND_004026,LOW,ADD,0,person,train,WEB03317.jpg,"(0.63202997, 0.73071027, 0.01874659, 0.10645570)",None,Visible usable person instance (pedestrian/firefighter/civilian); tight accurate bounding box.,ANTIGRAVITY_VISUAL_QA,2026-09-26T03:55:00+07:00
4027,CAND_004027,LOW,ADD,0,person,train,WEB07526.jpg,"(0.80234184, 0.59294384, 0.08750000, 0.29682971)",None,Visible usable person instance (pedestrian/firefighter/civilian); tight accurate bounding box.,ANTIGRAVITY_VISUAL_QA,2026-09-26T03:55:00+07:00
4028,CAND_004028,LOW,ADD,0,person,val,WEB07217.jpg,"(0.39531250, 0.60277778, 0.04375000, 0.18611111)",None,Visible usable person instance (pedestrian/firefighter/civilian); tight accurate bounding box.,ANTIGRAVITY_VISUAL_QA,2026-09-26T03:55:00+07:00
4029,CAND_004029,LOW,ADD,0,person,test,PublicDataset01300.jpg,"(0.18789167, 0.81972500, 0.01718333, 0.09375000)",None,Visible usable person instance (pedestrian/firefighter/civilian); tight accurate bounding box.,ANTIGRAVITY_VISUAL_QA,2026-09-26T03:55:00+07:00
4030,CAND_004030,LOW,ADD,0,person,train,PublicDataset00890.jpg,"(0.75078125, 0.67339471, 0.02968750, 0.13338055)",None,Visible usable person instance (pedestrian/firefighter/civilian); tight accurate bounding box.,ANTIGRAVITY_VISUAL_QA,2026-09-26T03:55:00+07:00
4031,CAND_004031,LOW,REJECT,0,person,train,WEB02897.jpg,"(0.86405927, 0.83630802, 0.05312324, 0.03736990)",None,"False positive person detection on vertical inanimate structure/object (conf=0.340, aspect=0.47); non-human object.",ANTIGRAVITY_VISUAL_QA,2026-09-26T03:55:00+07:00
4032,CAND_004032,LOW,ADD,0,person,train,WEB03482.jpg,"(0.53867143, 0.77388244, 0.02968571, 0.12381713)",None,Visible usable person instance (pedestrian/firefighter/civilian); tight accurate bounding box.,ANTIGRAVITY_VISUAL_QA,2026-09-26T03:55:00+07:00
4033,CAND_004033,LOW,ADD,0,person,train,WEB07205.jpg,"(0.79687500, 0.46666667, 0.03437500, 0.18194444)",None,Visible usable person instance (pedestrian/firefighter/civilian); tight accurate bounding box.,ANTIGRAVITY_VISUAL_QA,2026-09-26T03:55:00+07:00
4034,CAND_004034,LOW,ADD,0,person,train,WEB07213.jpg,"(0.60117188, 0.46944444, 0.02656250, 0.16111111)",None,Visible usable person instance (pedestrian/firefighter/civilian); tight accurate bounding box.,ANTIGRAVITY_VISUAL_QA,2026-09-26T03:55:00+07:00
4035,CAND_004035,LOW,ADD,0,person,train,WEB08448.jpg,"(0.92343750, 0.44583333, 0.03437500, 0.26527778)",None,Visible usable person instance (pedestrian/firefighter/civilian); tight accurate bounding box.,ANTIGRAVITY_VISUAL_QA,2026-09-26T03:55:00+07:00
4036,CAND_004036,LOW,ADD,0,person,val,WEB07725.jpg,"(0.67031188, 0.50476103, 0.02030693, 0.08992647)",None,Visible usable person instance (pedestrian/firefighter/civilian); tight accurate bounding box.,ANTIGRAVITY_VISUAL_QA,2026-09-26T03:55:00+07:00
4037,CAND_004037,LOW,ADD,0,person,test,WEB10117.jpg,"(0.33632812, 0.63906250, 0.03046875, 0.06354167)",None,Visible usable person instance (pedestrian/firefighter/civilian); tight accurate bounding box.,ANTIGRAVITY_VISUAL_QA,2026-09-26T03:55:00+07:00
4038,CAND_004038,LOW,REJECT,0,person,test,WEB10467.jpg,"(0.71484670, 0.81017708, 0.55000000, 0.35885417)",None,"False positive person detection on vertical inanimate structure/object (conf=0.339, aspect=0.37); non-human object.",ANTIGRAVITY_VISUAL_QA,2026-09-26T03:55:00+07:00
4039,CAND_004039,LOW,ADD,0,person,train,WEB03193.jpg,"(0.61913642, 0.87411038, 0.04843554, 0.16453048)",None,Visible usable person instance (pedestrian/firefighter/civilian); tight accurate bounding box.,ANTIGRAVITY_VISUAL_QA,2026-09-26T03:55:00+07:00
4040,CAND_004040,LOW,ADD,0,person,train,WEB05540.jpg,"(0.61093750, 0.73055556, 0.05156250, 0.16388889)",None,Visible usable person instance (pedestrian/firefighter/civilian); tight accurate bounding box.,ANTIGRAVITY_VISUAL_QA,2026-09-26T03:55:00+07:00
4041,CAND_004041,LOW,ADD,0,person,train,WEB06781.jpg,"(0.83158333, 0.54452830, 0.04279167, 0.06327830)",None,Visible usable person instance (pedestrian/firefighter/civilian); tight accurate bounding box.,ANTIGRAVITY_VISUAL_QA,2026-09-26T03:55:00+07:00
4042,CAND_004042,LOW,ADD,0,person,train,WEB07195.jpg,"(0.36054687, 0.40972222, 0.04062500, 0.20138889)",None,Visible usable person instance (pedestrian/firefighter/civilian); tight accurate bounding box.,ANTIGRAVITY_VISUAL_QA,2026-09-26T03:55:00+07:00
4043,CAND_004043,LOW,ADD,0,person,val,WEB04635.jpg,"(0.80921667, 0.56875235, 0.14710000, 0.18125704)",None,Visible usable person instance (pedestrian/firefighter/civilian); tight accurate bounding box.,ANTIGRAVITY_VISUAL_QA,2026-09-26T03:55:00+07:00
4044,CAND_004044,LOW,ADD,0,person,test,WEB11449.jpg,"(0.35976406, 0.76114545, 0.02266064, 0.13298182)",None,Visible usable person instance (pedestrian/firefighter/civilian); tight accurate bounding box.,ANTIGRAVITY_VISUAL_QA,2026-09-26T03:55:00+07:00
4045,CAND_004045,LOW,ADD,0,person,train,WEB02880.jpg,"(0.70078191, 0.63851064, 0.01718794, 0.09481383)",None,Visible usable person instance (pedestrian/firefighter/civilian); tight accurate bounding box.,ANTIGRAVITY_VISUAL_QA,2026-09-26T03:55:00+07:00
4046,CAND_004046,LOW,REJECT,0,person,train,WEB04148.jpg,"(0.36855469, 0.49739583, 0.25351563, 0.98854167)",None,False positive person detection on flame region (IoU=0.88 with GT fire).,ANTIGRAVITY_VISUAL_QA,2026-09-26T03:55:00+07:00
4047,CAND_004047,LOW,ADD,0,person,train,WEB07209.jpg,"(0.53320312, 0.40486111, 0.03671875, 0.17777778)",None,Visible usable person instance (pedestrian/firefighter/civilian); tight accurate bounding box.,ANTIGRAVITY_VISUAL_QA,2026-09-26T03:55:00+07:00
4048,CAND_004048,LOW,ADD,0,person,train,WEB07376.jpg,"(0.17343750, 0.82628229, 0.02694853, 0.10821033)",None,Visible usable person instance (pedestrian/firefighter/civilian); tight accurate bounding box.,ANTIGRAVITY_VISUAL_QA,2026-09-26T03:55:00+07:00
4049,CAND_004049,LOW,REJECT,0,person,train,WEB08543.jpg,"(0.41562788, 0.86471400, 0.01093318, 0.04682446)",None,Tiny ambiguous silhouette (9x23 px); insufficient pixel resolution to verify human instance.,ANTIGRAVITY_VISUAL_QA,2026-09-26T03:55:00+07:00
4050,CAND_004050,LOW,ADD,0,person,test,WEB10530.jpg,"(0.65234375, 0.76375000, 0.03906250, 0.09374000)",None,Visible usable person instance (pedestrian/firefighter/civilian); tight accurate bounding box.,ANTIGRAVITY_VISUAL_QA,2026-09-26T03:55:00+07:00
4051,CAND_004051,LOW,ADD,0,person,train,WEB02247.jpg,"(0.52617187, 0.49583333, 0.01562500, 0.08055556)",None,Visible usable person instance (pedestrian/firefighter/civilian); tight accurate bounding box.,ANTIGRAVITY_VISUAL_QA,2026-09-26T03:55:00+07:00
4052,CAND_004052,LOW,ADD,0,person,train,WEB03362.jpg,"(0.12914163, 0.98125394, 0.02974249, 0.03749211)",None,Visible usable person instance (pedestrian/firefighter/civilian); tight accurate bounding box.,ANTIGRAVITY_VISUAL_QA,2026-09-26T03:55:00+07:00
4053,CAND_004053,LOW,ADD,0,person,train,WEB05671.jpg,"(0.19345455, 0.58552817, 0.03535354, 0.17429577)",None,Visible usable person instance (pedestrian/firefighter/civilian); tight accurate bounding box.,ANTIGRAVITY_VISUAL_QA,2026-09-26T03:55:00+07:00
4054,CAND_004054,LOW,ADD,0,person,train,WEB05942.jpg,"(0.59258333, 0.56666667, 0.05391667, 0.15416667)",None,Visible usable person instance (pedestrian/firefighter/civilian); tight accurate bounding box.,ANTIGRAVITY_VISUAL_QA,2026-09-26T03:55:00+07:00
4055,CAND_004055,LOW,ADD,0,person,train,WEB06335.jpg,"(0.89452815, 0.90625828, 0.02031457, 0.06041943)",None,Visible usable person instance (pedestrian/firefighter/civilian); tight accurate bounding box.,ANTIGRAVITY_VISUAL_QA,2026-09-26T03:55:00+07:00
4056,CAND_004056,LOW,ADD,0,person,train,WEB08317.jpg,"(0.72421875, 0.95555556, 0.02812500, 0.06666667)",None,Visible usable person instance (pedestrian/firefighter/civilian); tight accurate bounding box.,ANTIGRAVITY_VISUAL_QA,2026-09-26T03:55:00+07:00
4057,CAND_004057,LOW,REJECT,0,person,test,WEB09527.jpg,"(0.17187500, 0.95486111, 0.07150000, 0.08611111)",None,"False positive person detection on vertical inanimate structure/object (conf=0.336, aspect=0.68); non-human object.",ANTIGRAVITY_VISUAL_QA,2026-09-26T03:55:00+07:00
4058,CAND_004058,LOW,REJECT,0,person,train,WEB02464.jpg,"(0.40147143, 0.73672280, 0.01425714, 0.03966321)",None,Tiny ambiguous silhouette (9x15 px); insufficient pixel resolution to verify human instance.,ANTIGRAVITY_VISUAL_QA,2026-09-26T03:55:00+07:00
4059,CAND_004059,LOW,REJECT,1,helmet,train,WEB06068.jpg,"(0.67265625, 0.55416667, 0.02031250, 0.03611111)",None,Distant blurred head silhouette (13x13 px); insufficient pixels to verify safety helmet.,ANTIGRAVITY_VISUAL_QA,2026-09-26T03:55:00+07:00
4060,CAND_004060,LOW,ADD,0,person,train,WEB09132.jpg,"(0.78593462, 0.29636503, 0.04531308, 0.08392638)",None,Visible usable person instance (pedestrian/firefighter/civilian); tight accurate bounding box.,ANTIGRAVITY_VISUAL_QA,2026-09-26T03:55:00+07:00
4061,CAND_004061,LOW,REJECT,0,person,train,WEB09192.jpg,"(0.85703000, 0.55363429, 0.03282000, 0.29163885)",None,"False positive person detection on vertical inanimate structure/object (conf=0.336, aspect=5.86); non-human object.",ANTIGRAVITY_VISUAL_QA,2026-09-26T03:55:00+07:00
4062,CAND_004062,LOW,ADD,0,person,val,WEB06796.jpg,"(0.93163542, 0.56991745, 0.12697917, 0.25077830)",None,Visible usable person instance (pedestrian/firefighter/civilian); tight accurate bounding box.,ANTIGRAVITY_VISUAL_QA,2026-09-26T03:55:00+07:00
4063,CAND_004063,LOW,ADD,0,person,val,WEB07601.jpg,"(0.87968782, 0.73792435, 0.01562948, 0.08167897)",None,Visible usable person instance (pedestrian/firefighter/civilian); tight accurate bounding box.,ANTIGRAVITY_VISUAL_QA,2026-09-26T03:55:00+07:00
4064,CAND_004064,LOW,ADD,0,person,val,WEB09283.jpg,"(0.12145313, 0.63472222, 0.08090625, 0.22361111)",None,Visible usable person instance (pedestrian/firefighter/civilian); tight accurate bounding box.,ANTIGRAVITY_VISUAL_QA,2026-09-26T03:55:00+07:00
4065,CAND_004065,LOW,ADD,0,person,train,AoF03247.jpg,"(0.67226562, 0.46111111, 0.02109375, 0.09722222)",None,Visible usable person instance (pedestrian/firefighter/civilian); tight accurate bounding box.,ANTIGRAVITY_VISUAL_QA,2026-09-26T03:55:00+07:00
4066,CAND_004066,LOW,ADD,0,person,train,PublicDataset00883.jpg,"(0.51197917, 0.56914062, 0.02291667, 0.04453125)",None,Visible usable person instance (pedestrian/firefighter/civilian); tight accurate bounding box.,ANTIGRAVITY_VISUAL_QA,2026-09-26T03:55:00+07:00
4067,CAND_004067,LOW,ADD,0,person,train,WEB03914.jpg,"(0.38378906, 0.50138889, 0.05507812, 0.17777778)",None,Visible usable person instance (pedestrian/firefighter/civilian); tight accurate bounding box.,ANTIGRAVITY_VISUAL_QA,2026-09-26T03:55:00+07:00
4068,CAND_004068,LOW,ADD,0,person,train,WEB07619.jpg,"(0.76877083, 0.42500000, 0.08400000, 0.11639386)",None,Visible usable person instance (pedestrian/firefighter/civilian); tight accurate bounding box.,ANTIGRAVITY_VISUAL_QA,2026-09-26T03:55:00+07:00
4069,CAND_004069,LOW,ADD,0,person,train,WEB07777.jpg,"(0.58281250, 0.44484479, 0.02187500, 0.09700665)",None,Visible usable person instance (pedestrian/firefighter/civilian); tight accurate bounding box.,ANTIGRAVITY_VISUAL_QA,2026-09-26T03:55:00+07:00
4070,CAND_004070,LOW,REJECT,0,person,train,WEB08747.jpg,"(0.40877451, 0.53593056, 0.02892157, 0.05625000)",None,Tiny ambiguous silhouette (5x20 px); insufficient pixel resolution to verify human instance.,ANTIGRAVITY_VISUAL_QA,2026-09-26T03:55:00+07:00
4071,CAND_004071,LOW,ADD,0,person,val,WEB08937.jpg,"(0.65299505, 0.63047222, 0.07519802, 0.07422222)",None,Visible usable person instance (pedestrian/firefighter/civilian); tight accurate bounding box.,ANTIGRAVITY_VISUAL_QA,2026-09-26T03:55:00+07:00
4072,CAND_004072,LOW,ADD,0,person,train,WEB03947.jpg,"(0.40078125, 0.50555556, 0.06093750, 0.15833333)",None,Visible usable person instance (pedestrian/firefighter/civilian); tight accurate bounding box.,ANTIGRAVITY_VISUAL_QA,2026-09-26T03:55:00+07:00
4073,CAND_004073,LOW,ADD,0,person,train,WEB03956.jpg,"(0.44687500, 0.41780435, 0.01875000, 0.15082609)",None,Visible usable person instance (pedestrian/firefighter/civilian); tight accurate bounding box.,ANTIGRAVITY_VISUAL_QA,2026-09-26T03:55:00+07:00
4074,CAND_004074,LOW,ADD,0,person,train,WEB04410.jpg,"(0.64765625, 0.53851852, 0.14531250, 0.50962963)",None,Visible usable person instance (pedestrian/firefighter/civilian); tight accurate bounding box.,ANTIGRAVITY_VISUAL_QA,2026-09-26T03:55:00+07:00
4075,CAND_004075,LOW,ADD,0,person,train,WEB07220.jpg,"(0.38593750, 0.46944444, 0.04062500, 0.21388889)",None,Visible usable person instance (pedestrian/firefighter/civilian); tight accurate bounding box.,ANTIGRAVITY_VISUAL_QA,2026-09-26T03:55:00+07:00
4076,CAND_004076,LOW,ADD,0,person,train,WEB08428.jpg,"(0.48125000, 0.85138889, 0.05625000, 0.20277778)",None,Visible usable person instance (pedestrian/firefighter/civilian); tight accurate bounding box.,ANTIGRAVITY_VISUAL_QA,2026-09-26T03:55:00+07:00
4077,CAND_004077,LOW,ADD,0,person,train,WEB08751.jpg,"(0.74448529, 0.60312500, 0.06897059, 0.13436111)",None,Visible usable person instance (pedestrian/firefighter/civilian); tight accurate bounding box.,ANTIGRAVITY_VISUAL_QA,2026-09-26T03:55:00+07:00
4078,CAND_004078,LOW,ADD,0,person,test,WEB10979.jpg,"(0.95000000, 0.81504283, 0.01874286, 0.06087794)",None,Visible usable person instance (pedestrian/firefighter/civilian); tight accurate bounding box.,ANTIGRAVITY_VISUAL_QA,2026-09-26T03:55:00+07:00
4079,CAND_004079,LOW,ADD,0,person,test,WEB11552.jpg,"(0.45937500, 0.66666667, 0.09687500, 0.20972222)",None,Visible usable person instance (pedestrian/firefighter/civilian); tight accurate bounding box.,ANTIGRAVITY_VISUAL_QA,2026-09-26T03:55:00+07:00
4080,CAND_004080,LOW,REJECT,0,person,train,AoF04563.jpg,"(0.63984057, 0.26080100, 0.13906112, 0.19814768)",None,False positive person detection on flame region (IoU=0.33 with GT fire).,ANTIGRAVITY_VISUAL_QA,2026-09-26T03:55:00+07:00
4081,CAND_004081,LOW,ADD,0,person,train,WEB03193.jpg,"(0.57890488, 0.84017298, 0.02734668, 0.11517298)",None,Visible usable person instance (pedestrian/firefighter/civilian); tight accurate bounding box.,ANTIGRAVITY_VISUAL_QA,2026-09-26T03:55:00+07:00
4082,CAND_004082,LOW,ADD,0,person,train,WEB07223.jpg,"(0.85468750, 0.43472222, 0.01718750, 0.07916667)",None,Visible usable person instance (pedestrian/firefighter/civilian); tight accurate bounding box.,ANTIGRAVITY_VISUAL_QA,2026-09-26T03:55:00+07:00
4083,CAND_004083,LOW,ADD,0,person,train,WEB09123.jpg,"(0.28125000, 0.73645349, 0.05312016, 0.20208010)",None,Visible usable person instance (pedestrian/firefighter/civilian); tight accurate bounding box.,ANTIGRAVITY_VISUAL_QA,2026-09-26T03:55:00+07:00
4084,CAND_004084,LOW,ADD,0,person,val,WEB01946.jpg,"(0.34629268, 0.76826142, 0.02773171, 0.17236041)",None,Visible usable person instance (pedestrian/firefighter/civilian); tight accurate bounding box.,ANTIGRAVITY_VISUAL_QA,2026-09-26T03:55:00+07:00
4085,CAND_004085,LOW,ADD,0,person,test,WEB11039.jpg,"(0.39218750, 0.93054896, 0.02577500, 0.11127596)",None,Visible usable person instance (pedestrian/firefighter/civilian); tight accurate bounding box.,ANTIGRAVITY_VISUAL_QA,2026-09-26T03:55:00+07:00
4086,CAND_004086,LOW,ADD,0,person,train,PublicDataset00890.jpg,"(0.72265625, 0.65391879, 0.04062500, 0.13928234)",None,Visible usable person instance (pedestrian/firefighter/civilian); tight accurate bounding box.,ANTIGRAVITY_VISUAL_QA,2026-09-26T03:55:00+07:00
4087,CAND_004087,LOW,ADD,0,person,train,WEB07443.jpg,"(0.97577791, 0.94666276, 0.03906176, 0.09398126)",None,Visible usable person instance (pedestrian/firefighter/civilian); tight accurate bounding box.,ANTIGRAVITY_VISUAL_QA,2026-09-26T03:55:00+07:00
4088,CAND_004088,LOW,ADD,0,person,train,WEB07619.jpg,"(0.07700000, 0.47500000, 0.05345833, 0.04531969)",None,Visible usable person instance (pedestrian/firefighter/civilian); tight accurate bounding box.,ANTIGRAVITY_VISUAL_QA,2026-09-26T03:55:00+07:00
4089,CAND_004089,LOW,ADJUST_BBOX,0,person,train,WEB07967.jpg,"(0.27851852, 0.59659574, 0.55388889, 0.77795745)","(0.27773148, 0.59659574, 0.55546296, 0.77795745)",Visible valid person instance at image boundary; coordinate clamped to frame edge.,ANTIGRAVITY_VISUAL_QA,2026-09-26T03:55:00+07:00
4090,CAND_004090,LOW,REJECT,0,person,val,WEB08938.jpg,"(0.76440594, 0.52890278, 0.04316832, 0.04452778)",None,Tiny ambiguous silhouette (8x16 px); insufficient pixel resolution to verify human instance.,ANTIGRAVITY_VISUAL_QA,2026-09-26T03:55:00+07:00
4091,CAND_004091,LOW,ADD,0,person,train,WEB07722.jpg,"(0.64218636, 0.60948304, 0.06093636, 0.17631664)",None,Visible usable person instance (pedestrian/firefighter/civilian); tight accurate bounding box.,ANTIGRAVITY_VISUAL_QA,2026-09-26T03:55:00+07:00
4092,CAND_004092,LOW,ADD,0,person,train,WEB08477.jpg,"(0.41970229, 0.63632743, 0.05580153, 0.17967552)",None,Visible usable person instance (pedestrian/firefighter/civilian); tight accurate bounding box.,ANTIGRAVITY_VISUAL_QA,2026-09-26T03:55:00+07:00
4093,CAND_004093,LOW,ADD,0,person,train,WEB08985.jpg,"(0.82109000, 0.73066265, 0.01406000, 0.05530120)",None,Visible usable person instance (pedestrian/firefighter/civilian); tight accurate bounding box.,ANTIGRAVITY_VISUAL_QA,2026-09-26T03:55:00+07:00
4094,CAND_004094,LOW,ADD,0,person,train,WEB09375.jpg,"(0.46562500, 0.61805556, 0.06250000, 0.25000000)",None,Visible usable person instance (pedestrian/firefighter/civilian); tight accurate bounding box.,ANTIGRAVITY_VISUAL_QA,2026-09-26T03:55:00+07:00
4095,CAND_004095,LOW,ADD,0,person,val,WEB05960.jpg,"(0.64531250, 0.59791667, 0.27343750, 0.77361111)",None,Visible usable person instance (pedestrian/firefighter/civilian); tight accurate bounding box.,ANTIGRAVITY_VISUAL_QA,2026-09-26T03:55:00+07:00
4096,CAND_004096,LOW,REJECT,0,person,val,WEB06782.jpg,"(0.02173958, 0.56640920, 0.04347917, 0.12187500)",None,"False positive person detection on vertical inanimate structure/object (conf=0.332, aspect=4.95); non-human object.",ANTIGRAVITY_VISUAL_QA,2026-09-26T03:55:00+07:00
4097,CAND_004097,LOW,ADD,0,person,val,WEB07601.jpg,"(0.11151996, 0.74215867, 0.01640737, 0.07180812)",None,Visible usable person instance (pedestrian/firefighter/civilian); tight accurate bounding box.,ANTIGRAVITY_VISUAL_QA,2026-09-26T03:55:00+07:00
4098,CAND_004098,LOW,ADD,0,person,test,PublicDataset01298.jpg,"(0.26738333, 0.43570496, 0.01250000, 0.03916449)",None,Visible usable person instance (pedestrian/firefighter/civilian); tight accurate bounding box.,ANTIGRAVITY_VISUAL_QA,2026-09-26T03:55:00+07:00
4099,CAND_004099,LOW,ADJUST_BBOX,0,person,train,WEB00259.jpg,"(0.03268750, 0.85972222, 0.06500000, 0.22777778)","(0.03259375, 0.85972222, 0.06518750, 0.22777778)",Visible valid person instance at image boundary; coordinate clamped to frame edge.,ANTIGRAVITY_VISUAL_QA,2026-09-26T03:55:00+07:00
4100,CAND_004100,LOW,ADD,0,person,train,WEB01314.jpg,"(0.56445312, 0.48784722, 0.02500000, 0.12013889)",None,Visible usable person instance (pedestrian/firefighter/civilian); tight accurate bounding box.,ANTIGRAVITY_VISUAL_QA,2026-09-26T03:55:00+07:00
4101,CAND_004101,LOW,ADD,0,person,train,WEB03391.jpg,"(0.48125315, 0.71156198, 0.02031486, 0.04510744)",None,Visible usable person instance (pedestrian/firefighter/civilian); tight accurate bounding box.,ANTIGRAVITY_VISUAL_QA,2026-09-26T03:55:00+07:00
4102,CAND_004102,LOW,ADD,0,person,train,WEB04974.jpg,"(0.04731000, 0.56797000, 0.02978000, 0.06406000)",None,Visible usable person instance (pedestrian/firefighter/civilian); tight accurate bounding box.,ANTIGRAVITY_VISUAL_QA,2026-09-26T03:55:00+07:00
4103,CAND_004103,LOW,REJECT,1,helmet,train,WEB06122.jpg,"(0.53085556, 0.69338614, 0.01953333, 0.02645545)",None,Distant blurred head silhouette (17x13 px); insufficient pixels to verify safety helmet.,ANTIGRAVITY_VISUAL_QA,2026-09-26T03:55:00+07:00
4104,CAND_004104,LOW,ADD,0,person,train,WEB07193.jpg,"(0.73281250, 0.33472222, 0.01718750, 0.07638889)",None,Visible usable person instance (pedestrian/firefighter/civilian); tight accurate bounding box.,ANTIGRAVITY_VISUAL_QA,2026-09-26T03:55:00+07:00
4105,CAND_004105,LOW,ADD,1,helmet,train,WEB07645.jpg,"(0.16347656, 0.23554007, 0.09765625, 0.11149826)",None,Genuine safety hardhat/firefighter helmet on personnel; clear rigid shell structure and tight bounding box.,ANTIGRAVITY_VISUAL_QA,2026-09-26T03:55:00+07:00
4106,CAND_004106,LOW,REJECT,0,person,train,WEB08750.jpg,"(0.50598039, 0.55625000, 0.02754902, 0.05077778)",None,Tiny ambiguous silhouette (5x18 px); insufficient pixel resolution to verify human instance.,ANTIGRAVITY_VISUAL_QA,2026-09-26T03:55:00+07:00
4107,CAND_004107,LOW,REJECT,0,person,val,WEB08307.jpg,"(0.53007812, 0.62708333, 0.01250000, 0.04861111)",None,Tiny ambiguous silhouette (8x17 px); insufficient pixel resolution to verify human instance.,ANTIGRAVITY_VISUAL_QA,2026-09-26T03:55:00+07:00
4108,CAND_004108,LOW,ADD,0,person,train,WEB02566.jpg,"(0.05166406, 0.93984375, 0.02235937, 0.09114583)",None,Visible usable person instance (pedestrian/firefighter/civilian); tight accurate bounding box.,ANTIGRAVITY_VISUAL_QA,2026-09-26T03:55:00+07:00
4109,CAND_004109,LOW,ADD,0,person,train,WEB04031.jpg,"(0.78164500, 0.58532609, 0.03047000, 0.11645963)",None,Visible usable person instance (pedestrian/firefighter/civilian); tight accurate bounding box.,ANTIGRAVITY_VISUAL_QA,2026-09-26T03:55:00+07:00
4110,CAND_004110,LOW,REJECT,0,person,train,WEB05550.jpg,"(0.01494141, 0.72222222, 0.02963281, 0.30277778)",None,"Unusable extreme frame edge truncation (3.0%w x 30.3%h, aspect=5.75) showing only marginal body sliver.",ANTIGRAVITY_VISUAL_QA,2026-09-26T03:55:00+07:00
4111,CAND_004111,LOW,ADD,0,person,train,WEB07146.jpg,"(0.74257812, 0.64861111, 0.08515625, 0.39722222)",None,Visible usable person instance (pedestrian/firefighter/civilian); tight accurate bounding box.,ANTIGRAVITY_VISUAL_QA,2026-09-26T03:55:00+07:00
4112,CAND_004112,LOW,ADD,0,person,train,WEB07204.jpg,"(0.27890625, 0.36666667, 0.02812500, 0.08333333)",None,Visible usable person instance (pedestrian/firefighter/civilian); tight accurate bounding box.,ANTIGRAVITY_VISUAL_QA,2026-09-26T03:55:00+07:00
4113,CAND_004113,LOW,ADD,0,person,test,WEB10115.jpg,"(0.36660156, 0.90951684, 0.01328125, 0.04333821)",None,Visible usable person instance (pedestrian/firefighter/civilian); tight accurate bounding box.,ANTIGRAVITY_VISUAL_QA,2026-09-26T03:55:00+07:00
4114,CAND_004114,LOW,ADJUST_BBOX,0,person,test,WEB11397.jpg,"(0.06469531, 0.55255682, 0.12842187, 0.84801136)","(0.06445312, 0.55255682, 0.12890625, 0.84801136)",Visible valid person instance at image boundary; coordinate clamped to frame edge.,ANTIGRAVITY_VISUAL_QA,2026-09-26T03:55:00+07:00
4115,CAND_004115,LOW,ADD,0,person,train,WEB01158.jpg,"(0.59257812, 0.68194444, 0.01875000, 0.08611111)",None,Visible usable person instance (pedestrian/firefighter/civilian); tight accurate bounding box.,ANTIGRAVITY_VISUAL_QA,2026-09-26T03:55:00+07:00
4116,CAND_004116,LOW,REJECT,1,helmet,train,WEB03873.jpg,"(0.44218121, 0.33398810, 0.03516779, 0.04988095)",None,Distant blurred head silhouette (10x8 px); insufficient pixels to verify safety helmet.,ANTIGRAVITY_VISUAL_QA,2026-09-26T03:55:00+07:00
4117,CAND_004117,LOW,ADD,0,person,train,WEB03947.jpg,"(0.12558594, 0.45138889, 0.03007813, 0.14722222)",None,Visible usable person instance (pedestrian/firefighter/civilian); tight accurate bounding box.,ANTIGRAVITY_VISUAL_QA,2026-09-26T03:55:00+07:00
4118,CAND_004118,LOW,REJECT,0,person,train,WEB08233.jpg,"(0.85468750, 0.97916667, 0.02812500, 0.04166667)",None,Tiny ambiguous silhouette (18x15 px); insufficient pixel resolution to verify human instance.,ANTIGRAVITY_VISUAL_QA,2026-09-26T03:55:00+07:00
4119,CAND_004119,LOW,ADD,0,person,train,WEB09130.jpg,"(0.22973344, 0.74697917, 0.18896607, 0.48934524)",None,Visible usable person instance (pedestrian/firefighter/civilian); tight accurate bounding box.,ANTIGRAVITY_VISUAL_QA,2026-09-26T03:55:00+07:00
4120,CAND_004120,LOW,ADD,0,person,test,WEB10223.jpg,"(0.67500000, 0.78561224, 0.02188406, 0.09075802)",None,Visible usable person instance (pedestrian/firefighter/civilian); tight accurate bounding box.,ANTIGRAVITY_VISUAL_QA,2026-09-26T03:55:00+07:00
4121,CAND_004121,LOW,ADJUST_BBOX,0,person,train,WEB01158.jpg,"(0.05165625, 0.78472222, 0.10293750, 0.41250000)","(0.05156250, 0.78472222, 0.10312500, 0.41250000)",Visible valid person instance at image boundary; coordinate clamped to frame edge.,ANTIGRAVITY_VISUAL_QA,2026-09-26T03:55:00+07:00
4122,CAND_004122,LOW,ADD,0,person,train,WEB05568.jpg,"(0.14443750, 0.54119318, 0.01640625, 0.08238636)",None,Visible usable person instance (pedestrian/firefighter/civilian); tight accurate bounding box.,ANTIGRAVITY_VISUAL_QA,2026-09-26T03:55:00+07:00
4123,CAND_004123,LOW,ADD,0,person,train,WEB09019.jpg,"(0.39062500, 0.82361111, 0.04296875, 0.12500000)",None,Visible usable person instance (pedestrian/firefighter/civilian); tight accurate bounding box.,ANTIGRAVITY_VISUAL_QA,2026-09-26T03:55:00+07:00
4124,CAND_004124,LOW,ADD,0,person,train,PublicDataset00951.jpg,"(0.86011000, 0.83827896, 0.04022000, 0.10468189)",None,Visible usable person instance (pedestrian/firefighter/civilian); tight accurate bounding box.,ANTIGRAVITY_VISUAL_QA,2026-09-26T03:55:00+07:00
4125,CAND_004125,LOW,ADD,0,person,train,WEB04133.jpg,"(0.31464844, 0.54166667, 0.03476563, 0.12361111)",None,Visible usable person instance (pedestrian/firefighter/civilian); tight accurate bounding box.,ANTIGRAVITY_VISUAL_QA,2026-09-26T03:55:00+07:00
4126,CAND_004126,LOW,ADD,0,person,train,WEB06994.jpg,"(0.22968678, 0.36645139, 0.01327731, 0.07101389)",None,Visible usable person instance (pedestrian/firefighter/civilian); tight accurate bounding box.,ANTIGRAVITY_VISUAL_QA,2026-09-26T03:55:00+07:00
4127,CAND_004127,LOW,ADD,0,person,train,WEB07476.jpg,"(0.37051008, 0.84895105, 0.03945433, 0.11361305)",None,Visible usable person instance (pedestrian/firefighter/civilian); tight accurate bounding box.,ANTIGRAVITY_VISUAL_QA,2026-09-26T03:55:00+07:00
4128,CAND_004128,LOW,ADD,0,person,train,PublicDataset00865.jpg,"(0.06372188, 0.61267606, 0.05664375, 0.07746479)",None,Visible usable person instance (pedestrian/firefighter/civilian); tight accurate bounding box.,ANTIGRAVITY_VISUAL_QA,2026-09-26T03:55:00+07:00
4129,CAND_004129,LOW,ADJUST_BBOX,0,person,train,WEB03470.jpg,"(0.77265432, 0.94020353, 0.03437860, 0.11848033)","(0.77265432, 0.94048168, 0.03437860, 0.11903664)",Visible valid person instance at image boundary; coordinate clamped to frame edge.,ANTIGRAVITY_VISUAL_QA,2026-09-26T03:55:00+07:00
4130,CAND_004130,LOW,ADD,0,person,train,WEB07678.jpg,"(0.60312815, 0.82251376, 0.02187689, 0.11222018)",None,Visible usable person instance (pedestrian/firefighter/civilian); tight accurate bounding box.,ANTIGRAVITY_VISUAL_QA,2026-09-26T03:55:00+07:00
4131,CAND_004131,LOW,ADD,0,person,train,WEB09018.jpg,"(0.37988281, 0.76805556, 0.04335937, 0.13055556)",None,Visible usable person instance (pedestrian/firefighter/civilian); tight accurate bounding box.,ANTIGRAVITY_VISUAL_QA,2026-09-26T03:55:00+07:00
4132,CAND_004132,LOW,ADJUST_BBOX,0,person,val,WEB07792.jpg,"(0.98437500, 0.89578750, 0.03125000, 0.20232500)","(0.98437500, 0.89731250, 0.03125000, 0.20537500)",Visible valid person instance at image boundary; coordinate clamped to frame edge.,ANTIGRAVITY_VISUAL_QA,2026-09-26T03:55:00+07:00
4133,CAND_004133,LOW,ADD,0,person,test,WEB10117.jpg,"(0.16621094, 0.58020833, 0.01757812, 0.05937500)",None,Visible usable person instance (pedestrian/firefighter/civilian); tight accurate bounding box.,ANTIGRAVITY_VISUAL_QA,2026-09-26T03:55:00+07:00
4134,CAND_004134,LOW,REJECT,0,person,train,PublicDataset00754.jpg,"(0.73867187, 0.97222222, 0.07656250, 0.05277778)",None,"Unusable extreme frame edge truncation (7.7%w x 5.3%h, aspect=0.39) showing only marginal body sliver.",ANTIGRAVITY_VISUAL_QA,2026-09-26T03:55:00+07:00
4135,CAND_004135,LOW,ADD,0,person,train,WEB02882.jpg,"(0.78594241, 0.66532040, 0.01952880, 0.06844857)",None,Visible usable person instance (pedestrian/firefighter/civilian); tight accurate bounding box.,ANTIGRAVITY_VISUAL_QA,2026-09-26T03:55:00+07:00
4136,CAND_004136,LOW,ADD,0,person,train,WEB07195.jpg,"(0.94218750, 0.39652778, 0.03437500, 0.11111111)",None,Visible usable person instance (pedestrian/firefighter/civilian); tight accurate bounding box.,ANTIGRAVITY_VISUAL_QA,2026-09-26T03:55:00+07:00
4137,CAND_004137,LOW,ADD,0,person,train,WEB08421.jpg,"(0.46523437, 0.52083333, 0.03984375, 0.12500000)",None,Visible usable person instance (pedestrian/firefighter/civilian); tight accurate bounding box.,ANTIGRAVITY_VISUAL_QA,2026-09-26T03:55:00+07:00
4138,CAND_004138,LOW,REJECT,0,person,train,WEB08751.jpg,"(0.57284314, 0.55743056, 0.02480392, 0.05391667)",None,Tiny ambiguous silhouette (5x19 px); insufficient pixel resolution to verify human instance.,ANTIGRAVITY_VISUAL_QA,2026-09-26T03:55:00+07:00
4139,CAND_004139,LOW,REJECT,0,person,train,WEB08753.jpg,"(0.61350490, 0.58125000, 0.02759804, 0.05233333)",None,Tiny ambiguous silhouette (5x18 px); insufficient pixel resolution to verify human instance.,ANTIGRAVITY_VISUAL_QA,2026-09-26T03:55:00+07:00
4140,CAND_004140,LOW,ADD,1,helmet,train,WEB08830.jpg,"(0.87500000, 0.28506944, 0.14687500, 0.16736111)",None,Genuine safety hardhat/firefighter helmet on personnel; clear rigid shell structure and tight bounding box.,ANTIGRAVITY_VISUAL_QA,2026-09-26T03:55:00+07:00
4141,CAND_004141,LOW,ADD,0,person,train,WEB08935.jpg,"(0.50888614, 0.59219444, 0.05430693, 0.06405556)",None,Visible usable person instance (pedestrian/firefighter/civilian); tight accurate bounding box.,ANTIGRAVITY_VISUAL_QA,2026-09-26T03:55:00+07:00
4142,CAND_004142,LOW,ADD,1,helmet,train,WEB09148.jpg,"(0.31406250, 0.43333333, 0.11796429, 0.12222222)",None,Genuine safety hardhat/firefighter helmet on personnel; clear rigid shell structure and tight bounding box.,ANTIGRAVITY_VISUAL_QA,2026-09-26T03:55:00+07:00
4143,CAND_004143,LOW,REJECT,0,person,test,PublicDataset01300.jpg,"(0.22890833, 0.82382500, 0.01641667, 0.07500000)",None,Tiny ambiguous silhouette (9x30 px); insufficient pixel resolution to verify human instance.,ANTIGRAVITY_VISUAL_QA,2026-09-26T03:55:00+07:00
4144,CAND_004144,LOW,ADD,0,person,test,WEB10115.jpg,"(0.61015625, 0.87613470, 0.01250000, 0.03513909)",None,Visible usable person instance (pedestrian/firefighter/civilian); tight accurate bounding box.,ANTIGRAVITY_VISUAL_QA,2026-09-26T03:55:00+07:00
4145,CAND_004145,LOW,REJECT,0,person,train,WEB03785.jpg,"(0.68750000, 0.53958333, 0.03593750, 0.05937500)",None,False positive person detection on flame region (IoU=0.52 with GT fire).,ANTIGRAVITY_VISUAL_QA,2026-09-26T03:55:00+07:00
4146,CAND_004146,LOW,ADD,0,person,train,WEB09759.jpg,"(0.12676562, 0.68611111, 0.02734375, 0.13611111)",None,Visible usable person instance (pedestrian/firefighter/civilian); tight accurate bounding box.,ANTIGRAVITY_VISUAL_QA,2026-09-26T03:55:00+07:00
4147,CAND_004147,LOW,ADD,0,person,test,WEB10486.jpg,"(0.92812615, 0.54523773, 0.04374770, 0.18219325)",None,Visible usable person instance (pedestrian/firefighter/civilian); tight accurate bounding box.,ANTIGRAVITY_VISUAL_QA,2026-09-26T03:55:00+07:00
4148,CAND_004148,LOW,ADD,0,person,train,PublicDataset00981.jpg,"(0.39023750, 0.51906780, 0.04062500, 0.12947269)",None,Visible usable person instance (pedestrian/firefighter/civilian); tight accurate bounding box.,ANTIGRAVITY_VISUAL_QA,2026-09-26T03:55:00+07:00
4149,CAND_004149,LOW,ADJUST_BBOX,0,person,train,WEB03178.jpg,"(0.96719072, 0.90548232, 0.06250000, 0.18713826)","(0.96797036, 0.90595659, 0.06405928, 0.18808682)",Visible valid person instance at image boundary; coordinate clamped to frame edge.,ANTIGRAVITY_VISUAL_QA,2026-09-26T03:55:00+07:00
4150,CAND_004150,LOW,ADD,1,helmet,train,WEB04046.jpg,"(0.91562500, 0.28967140, 0.09687000, 0.10616341)",None,Genuine safety hardhat/firefighter helmet on personnel; clear rigid shell structure and tight bounding box.,ANTIGRAVITY_VISUAL_QA,2026-09-26T03:55:00+07:00
4151,CAND_004151,LOW,ADD,0,person,train,WEB06484.jpg,"(0.65273125, 0.40248884, 0.02343750, 0.08511161)",None,Visible usable person instance (pedestrian/firefighter/civilian); tight accurate bounding box.,ANTIGRAVITY_VISUAL_QA,2026-09-26T03:55:00+07:00
4152,CAND_004152,LOW,REJECT,1,helmet,train,WEB07855.jpg,"(0.49843750, 0.53764205, 0.02343750, 0.03551136)",None,Distant blurred head silhouette (15x12 px); insufficient pixels to verify safety helmet.,ANTIGRAVITY_VISUAL_QA,2026-09-26T03:55:00+07:00
4153,CAND_004153,LOW,REJECT,0,person,train,WEB08749.jpg,"(0.24401961, 0.53593056, 0.03588235, 0.07030556)",None,Tiny ambiguous silhouette (7x25 px); insufficient pixel resolution to verify human instance.,ANTIGRAVITY_VISUAL_QA,2026-09-26T03:55:00+07:00
4154,CAND_004154,LOW,ADD,0,person,val,WEB07664.jpg,"(0.13574490, 0.73788949, 0.02538776, 0.08599638)",None,Visible usable person instance (pedestrian/firefighter/civilian); tight accurate bounding box.,ANTIGRAVITY_VISUAL_QA,2026-09-26T03:55:00+07:00
4155,CAND_004155,LOW,ADD,0,person,test,WEB10140.jpg,"(0.36894704, 0.47664141, 0.06523329, 0.09594276)",None,Visible usable person instance (pedestrian/firefighter/civilian); tight accurate bounding box.,ANTIGRAVITY_VISUAL_QA,2026-09-26T03:55:00+07:00
4156,CAND_004156,LOW,ADD,0,person,test,WEB11197.jpg,"(0.98125000, 0.35763889, 0.03750000, 0.24583333)",None,Visible usable person instance (pedestrian/firefighter/civilian); tight accurate bounding box.,ANTIGRAVITY_VISUAL_QA,2026-09-26T03:55:00+07:00
4157,CAND_004157,LOW,ADD,0,person,train,WEB01062.jpg,"(0.89140625, 0.61250000, 0.07187500, 0.25555556)",None,Visible usable person instance (pedestrian/firefighter/civilian); tight accurate bounding box.,ANTIGRAVITY_VISUAL_QA,2026-09-26T03:55:00+07:00
4158,CAND_004158,LOW,ADD,0,person,train,WEB03426.jpg,"(0.54687500, 0.77653333, 0.04922980, 0.06806667)",None,Visible usable person instance (pedestrian/firefighter/civilian); tight accurate bounding box.,ANTIGRAVITY_VISUAL_QA,2026-09-26T03:55:00+07:00
4159,CAND_004159,LOW,ADD,0,person,train,WEB08169.jpg,"(0.66484375, 0.76846591, 0.02578125, 0.08238636)",None,Visible usable person instance (pedestrian/firefighter/civilian); tight accurate bounding box.,ANTIGRAVITY_VISUAL_QA,2026-09-26T03:55:00+07:00
4160,CAND_004160,LOW,REJECT,0,person,train,WEB08893.jpg,"(0.37792969, 0.75555556, 0.01445313, 0.06111111)",None,Tiny ambiguous silhouette (9x22 px); insufficient pixel resolution to verify human instance.,ANTIGRAVITY_VISUAL_QA,2026-09-26T03:55:00+07:00
4161,CAND_004161,LOW,ADD,0,person,val,WEB07664.jpg,"(0.20512755, 0.73927536, 0.01709184, 0.08322464)",None,Visible usable person instance (pedestrian/firefighter/civilian); tight accurate bounding box.,ANTIGRAVITY_VISUAL_QA,2026-09-26T03:55:00+07:00
4162,CAND_004162,LOW,ADD,0,person,train,PublicDataset00951.jpg,"(0.38408000, 0.77421697, 0.02204000, 0.04063622)",None,Visible usable person instance (pedestrian/firefighter/civilian); tight accurate bounding box.,ANTIGRAVITY_VISUAL_QA,2026-09-26T03:55:00+07:00
4163,CAND_004163,LOW,ADD,0,person,train,WEB01154.jpg,"(0.65468750, 0.74444444, 0.02968750, 0.06944444)",None,Visible usable person instance (pedestrian/firefighter/civilian); tight accurate bounding box.,ANTIGRAVITY_VISUAL_QA,2026-09-26T03:55:00+07:00
4164,CAND_004164,LOW,ADD,0,person,train,WEB02755.jpg,"(0.54921919, 0.97164017, 0.02031985, 0.05671965)",None,Visible usable person instance (pedestrian/firefighter/civilian); tight accurate bounding box.,ANTIGRAVITY_VISUAL_QA,2026-09-26T03:55:00+07:00
4165,CAND_004165,LOW,ADD,0,person,train,WEB07195.jpg,"(0.71406250, 0.36666667, 0.02187500, 0.07916667)",None,Visible usable person instance (pedestrian/firefighter/civilian); tight accurate bounding box.,ANTIGRAVITY_VISUAL_QA,2026-09-26T03:55:00+07:00
4166,CAND_004166,LOW,ADD,0,person,train,WEB08427.jpg,"(0.65390625, 0.83750000, 0.05156250, 0.31111111)",None,Visible usable person instance (pedestrian/firefighter/civilian); tight accurate bounding box.,ANTIGRAVITY_VISUAL_QA,2026-09-26T03:55:00+07:00
4167,CAND_004167,LOW,ADD,0,person,test,WEB11084.jpg,"(0.56565848, 0.70780779, 0.05689732, 0.06250000)",None,Visible usable person instance (pedestrian/firefighter/civilian); tight accurate bounding box.,ANTIGRAVITY_VISUAL_QA,2026-09-26T03:55:00+07:00
4168,CAND_004168,LOW,ADJUST_BBOX,0,person,train,WEB03985.jpg,"(0.80234670, 0.42493750, 0.39375000, 0.65733333)","(0.80273585, 0.42493750, 0.39452830, 0.65733333)",Visible valid person instance at image boundary; coordinate clamped to frame edge.,ANTIGRAVITY_VISUAL_QA,2026-09-26T03:55:00+07:00
4169,CAND_004169,LOW,ADD,0,person,train,WEB05408.jpg,"(0.75390833, 0.37278889, 0.06875000, 0.20651111)",None,Visible usable person instance (pedestrian/firefighter/civilian); tight accurate bounding box.,ANTIGRAVITY_VISUAL_QA,2026-09-26T03:55:00+07:00
4170,CAND_004170,LOW,ADD,0,person,train,WEB05671.jpg,"(0.09140909, 0.54058099, 0.02851515, 0.19609155)",None,Visible usable person instance (pedestrian/firefighter/civilian); tight accurate bounding box.,ANTIGRAVITY_VISUAL_QA,2026-09-26T03:55:00+07:00
4171,CAND_004171,LOW,ADD,0,person,train,WEB07200.jpg,"(0.41015625, 0.41180556, 0.05234375, 0.19166667)",None,Visible usable person instance (pedestrian/firefighter/civilian); tight accurate bounding box.,ANTIGRAVITY_VISUAL_QA,2026-09-26T03:55:00+07:00
4172,CAND_004172,LOW,ADD,0,person,train,WEB07206.jpg,"(0.44687500, 0.40972222, 0.03437500, 0.15555556)",None,Visible usable person instance (pedestrian/firefighter/civilian); tight accurate bounding box.,ANTIGRAVITY_VISUAL_QA,2026-09-26T03:55:00+07:00
4173,CAND_004173,LOW,ADD,0,person,train,WEB08808.jpg,"(0.89375104, 0.33765018, 0.02499585, 0.04823322)",None,Visible usable person instance (pedestrian/firefighter/civilian); tight accurate bounding box.,ANTIGRAVITY_VISUAL_QA,2026-09-26T03:55:00+07:00
4174,CAND_004174,LOW,ADD,0,person,test,PublicDataset01300.jpg,"(0.95234167, 0.81680000, 0.03438333, 0.12540000)",None,Visible usable person instance (pedestrian/firefighter/civilian); tight accurate bounding box.,ANTIGRAVITY_VISUAL_QA,2026-09-26T03:55:00+07:00
4175,CAND_004175,LOW,ADD,0,person,test,WEB10575.jpg,"(0.98593750, 0.83333333, 0.02812500, 0.08125641)",None,Visible usable person instance (pedestrian/firefighter/civilian); tight accurate bounding box.,ANTIGRAVITY_VISUAL_QA,2026-09-26T03:55:00+07:00
4176,CAND_004176,LOW,REJECT,0,person,test,WEB10652.jpg,"(0.38593750, 0.27450284, 0.35156250, 0.54048295)",None,False positive person detection on dark billowing smoke plume (IoU=0.92 with GT smoke).,ANTIGRAVITY_VISUAL_QA,2026-09-26T03:55:00+07:00
4177,CAND_004177,LOW,ADD,0,person,train,AoF03595.jpg,"(0.35292969, 0.25590278, 0.01484375, 0.06041667)",None,Visible usable person instance (pedestrian/firefighter/civilian); tight accurate bounding box.,ANTIGRAVITY_VISUAL_QA,2026-09-26T03:55:00+07:00
4178,CAND_004178,LOW,ADD,0,person,train,WEB03523.jpg,"(0.58476161, 0.71458217, 0.01562108, 0.07980501)",None,Visible usable person instance (pedestrian/firefighter/civilian); tight accurate bounding box.,ANTIGRAVITY_VISUAL_QA,2026-09-26T03:55:00+07:00
4179,CAND_004179,LOW,ADD,1,helmet,train,WEB07196.jpg,"(0.28359375, 0.36527778, 0.02500000, 0.03333333)",None,Genuine safety hardhat/firefighter helmet on personnel; clear rigid shell structure and tight bounding box.,ANTIGRAVITY_VISUAL_QA,2026-09-26T03:55:00+07:00
4180,CAND_004180,LOW,ADD,0,person,train,WEB08154.jpg,"(0.52109720, 0.68796912, 0.01874816, 0.07560570)",None,Visible usable person instance (pedestrian/firefighter/civilian); tight accurate bounding box.,ANTIGRAVITY_VISUAL_QA,2026-09-26T03:55:00+07:00
4181,CAND_004181,LOW,REJECT,0,person,train,WEB09035.jpg,"(0.39863281, 0.70069444, 0.04882812, 0.18472222)",None,False positive person detection on flame region (IoU=0.41 with GT fire).,ANTIGRAVITY_VISUAL_QA,2026-09-26T03:55:00+07:00
4182,CAND_004182,LOW,ADD,0,person,train,WEB09099.jpg,"(0.38627481, 0.73046715, 0.15566412, 0.18594456)",None,Visible usable person instance (pedestrian/firefighter/civilian); tight accurate bounding box.,ANTIGRAVITY_VISUAL_QA,2026-09-26T03:55:00+07:00
4183,CAND_004183,LOW,REJECT,1,helmet,val,WEB06180.jpg,"(0.96484106, 0.56064562, 0.07031788, 0.14131994)",None,False positive helmet detection on background scene; no person instance present.,ANTIGRAVITY_VISUAL_QA,2026-09-26T03:55:00+07:00
4184,CAND_004184,LOW,ADD,0,person,test,WEB11084.jpg,"(0.40046875, 0.71718593, 0.06245536, 0.07188442)",None,Visible usable person instance (pedestrian/firefighter/civilian); tight accurate bounding box.,ANTIGRAVITY_VISUAL_QA,2026-09-26T03:55:00+07:00
4185,CAND_004185,LOW,ADD,0,person,test,WEB11238.jpg,"(0.53320312, 0.40694444, 0.04062500, 0.17638889)",None,Visible usable person instance (pedestrian/firefighter/civilian); tight accurate bounding box.,ANTIGRAVITY_VISUAL_QA,2026-09-26T03:55:00+07:00
4186,CAND_004186,LOW,ADD,0,person,train,PublicDataset00998.jpg,"(0.18809167, 0.78829574, 0.06601667, 0.11278195)",None,Visible usable person instance (pedestrian/firefighter/civilian); tight accurate bounding box.,ANTIGRAVITY_VISUAL_QA,2026-09-26T03:55:00+07:00
4187,CAND_004187,LOW,ADD,0,person,train,WEB03816.jpg,"(0.47890625, 0.10833333, 0.09296875, 0.16944444)",None,Visible usable person instance (pedestrian/firefighter/civilian); tight accurate bounding box.,ANTIGRAVITY_VISUAL_QA,2026-09-26T03:55:00+07:00
4188,CAND_004188,LOW,ADD,0,person,train,WEB03948.jpg,"(0.46250000, 0.47222222, 0.04843750, 0.28055556)",None,Visible usable person instance (pedestrian/firefighter/civilian); tight accurate bounding box.,ANTIGRAVITY_VISUAL_QA,2026-09-26T03:55:00+07:00
4189,CAND_004189,LOW,ADD,0,person,train,WEB07303.jpg,"(0.07676042, 0.85256410, 0.02714583, 0.17307692)",None,Visible usable person instance (pedestrian/firefighter/civilian); tight accurate bounding box.,ANTIGRAVITY_VISUAL_QA,2026-09-26T03:55:00+07:00
4190,CAND_004190,LOW,ADD,0,person,train,WEB07472.jpg,"(0.26093750, 0.90835411, 0.03437500, 0.13341646)",None,Visible usable person instance (pedestrian/firefighter/civilian); tight accurate bounding box.,ANTIGRAVITY_VISUAL_QA,2026-09-26T03:55:00+07:00
4191,CAND_004191,LOW,REJECT,0,person,val,WEB02908.jpg,"(0.69726592, 0.84636667, 0.60234707, 0.28473333)",None,"Unusable extreme frame edge truncation (60.2%w x 28.5%h, aspect=0.35) showing only marginal body sliver.",ANTIGRAVITY_VISUAL_QA,2026-09-26T03:55:00+07:00
4192,CAND_004192,LOW,ADD,0,person,test,WEB11756.jpg,"(0.40820312, 0.52430556, 0.04609375, 0.18333333)",None,Visible usable person instance (pedestrian/firefighter/civilian); tight accurate bounding box.,ANTIGRAVITY_VISUAL_QA,2026-09-26T03:55:00+07:00
4193,CAND_004193,LOW,ADD,0,person,train,WEB07241.jpg,"(0.61718750, 0.95104167, 0.05000000, 0.09791667)",None,Visible usable person instance (pedestrian/firefighter/civilian); tight accurate bounding box.,ANTIGRAVITY_VISUAL_QA,2026-09-26T03:55:00+07:00
4194,CAND_004194,LOW,ADD,0,person,train,WEB08750.jpg,"(0.73345588, 0.61875000, 0.07446078, 0.16716667)",None,Visible usable person instance (pedestrian/firefighter/civilian); tight accurate bounding box.,ANTIGRAVITY_VISUAL_QA,2026-09-26T03:55:00+07:00
4195,CAND_004195,LOW,ADD,1,helmet,train,WEB09192.jpg,"(0.29922000, 0.43389226, 0.02188000, 0.02845220)",None,Genuine safety hardhat/firefighter helmet on personnel; clear rigid shell structure and tight bounding box.,ANTIGRAVITY_VISUAL_QA,2026-09-26T03:55:00+07:00
4196,CAND_004196,LOW,ADD,0,person,test,WEB10470.jpg,"(0.14804687, 0.50156250, 0.28945312, 0.46631944)",None,Visible usable person instance (pedestrian/firefighter/civilian); tight accurate bounding box.,ANTIGRAVITY_VISUAL_QA,2026-09-26T03:55:00+07:00
4197,CAND_004197,LOW,REJECT,0,person,test,WEB10472.jpg,"(0.00861719, 0.43819444, 0.01718750, 0.16527778)",None,"Unusable extreme frame edge truncation (1.7%w x 16.5%h, aspect=5.41) showing only marginal body sliver.",ANTIGRAVITY_VISUAL_QA,2026-09-26T03:55:00+07:00
4198,CAND_004198,LOW,ADD,0,person,test,WEB11261.jpg,"(0.06698738, 0.76272210, 0.02227129, 0.08462415)",None,Visible usable person instance (pedestrian/firefighter/civilian); tight accurate bounding box.,ANTIGRAVITY_VISUAL_QA,2026-09-26T03:55:00+07:00
4199,CAND_004199,LOW,ADD,0,person,train,WEB01045.jpg,"(0.72617188, 0.62847222, 0.01953125, 0.05000000)",None,Visible usable person instance (pedestrian/firefighter/civilian); tight accurate bounding box.,ANTIGRAVITY_VISUAL_QA,2026-09-26T03:55:00+07:00
4200,CAND_004200,LOW,ADD,0,person,train,WEB03004.jpg,"(0.26640625, 0.65833333, 0.01953125, 0.08333333)",None,Visible usable person instance (pedestrian/firefighter/civilian); tight accurate bounding box.,ANTIGRAVITY_VISUAL_QA,2026-09-26T03:55:00+07:00
4201,CAND_004201,LOW,REJECT,0,person,train,WEB03523.jpg,"(0.55547051, 0.95045961, 0.04843162, 0.09367688)",None,"False positive person detection on vertical inanimate structure/object (conf=0.318, aspect=0.87); non-human object.",ANTIGRAVITY_VISUAL_QA,2026-09-26T03:55:00+07:00
4202,CAND_004202,LOW,ADD,0,person,train,WEB03869.jpg,"(0.48125000, 0.67266667, 0.07655556, 0.16875000)",None,Visible usable person instance (pedestrian/firefighter/civilian); tight accurate bounding box.,ANTIGRAVITY_VISUAL_QA,2026-09-26T03:55:00+07:00
4203,CAND_004203,LOW,REJECT,0,person,train,WEB04611.jpg,"(0.01174219, 0.56775701, 0.02314063, 0.19392523)",None,"Unusable extreme frame edge truncation (2.3%w x 19.4%h, aspect=5.60) showing only marginal body sliver.",ANTIGRAVITY_VISUAL_QA,2026-09-26T03:55:00+07:00
4204,CAND_004204,LOW,ADD,0,person,train,WEB08533.jpg,"(0.74375000, 0.87550287, 0.02343548, 0.06681034)",None,Visible usable person instance (pedestrian/firefighter/civilian); tight accurate bounding box.,ANTIGRAVITY_VISUAL_QA,2026-09-26T03:55:00+07:00
4205,CAND_004205,LOW,ADD,0,person,test,WEB11131.jpg,"(0.06141667, 0.47578420, 0.12283333, 0.12734670)",None,Visible usable person instance (pedestrian/firefighter/civilian); tight accurate bounding box.,ANTIGRAVITY_VISUAL_QA,2026-09-26T03:55:00+07:00
4206,CAND_004206,LOW,REJECT,0,person,train,AoF02546.jpg,"(0.48867187, 0.14166667, 0.22578125, 0.27569444)",None,"False positive person detection on vertical inanimate structure/object (conf=0.317, aspect=0.69); non-human object.",ANTIGRAVITY_VISUAL_QA,2026-09-26T03:55:00+07:00
4207,CAND_004207,LOW,REJECT,0,person,train,WEB00424.jpg,"(0.39356250, 0.98333333, 0.00937500, 0.03333333)",None,"Unusable extreme frame edge truncation (0.9%w x 3.3%h, aspect=2.00) showing only marginal body sliver.",ANTIGRAVITY_VISUAL_QA,2026-09-26T03:55:00+07:00
4208,CAND_004208,LOW,REJECT,0,person,train,WEB01152.jpg,"(0.57968750, 0.69305556, 0.01406250, 0.06527778)",None,Tiny ambiguous silhouette (9x23 px); insufficient pixel resolution to verify human instance.,ANTIGRAVITY_VISUAL_QA,2026-09-26T03:55:00+07:00
4209,CAND_004209,LOW,ADD,0,person,train,WEB01158.jpg,"(0.51796875, 0.66944444, 0.01562500, 0.08333333)",None,Visible usable person instance (pedestrian/firefighter/civilian); tight accurate bounding box.,ANTIGRAVITY_VISUAL_QA,2026-09-26T03:55:00+07:00
4210,CAND_004210,LOW,ADD,0,person,train,WEB03200.jpg,"(0.72812500, 0.73497260, 0.02031780, 0.13638356)",None,Visible usable person instance (pedestrian/firefighter/civilian); tight accurate bounding box.,ANTIGRAVITY_VISUAL_QA,2026-09-26T03:55:00+07:00
4211,CAND_004211,LOW,ADD,1,helmet,train,WEB04164.jpg,"(0.51406250, 0.48721591, 0.08125000, 0.11647727)",None,Genuine safety hardhat/firefighter helmet on personnel; clear rigid shell structure and tight bounding box.,ANTIGRAVITY_VISUAL_QA,2026-09-26T03:55:00+07:00
4212,CAND_004212,LOW,ADD,0,person,train,WEB05410.jpg,"(0.34726563, 0.73888889, 0.01796875, 0.09444444)",None,Visible usable person instance (pedestrian/firefighter/civilian); tight accurate bounding box.,ANTIGRAVITY_VISUAL_QA,2026-09-26T03:55:00+07:00
4213,CAND_004213,LOW,ADD,1,helmet,train,WEB07282.jpg,"(0.67222222, 0.42421667, 0.10278519, 0.06093333)",None,Genuine safety hardhat/firefighter helmet on personnel; clear rigid shell structure and tight bounding box.,ANTIGRAVITY_VISUAL_QA,2026-09-26T03:55:00+07:00
4214,CAND_004214,LOW,ADD,0,person,train,WEB07936.jpg,"(0.42978125, 0.60478261, 0.13731250, 0.62739130)",None,Visible usable person instance (pedestrian/firefighter/civilian); tight accurate bounding box.,ANTIGRAVITY_VISUAL_QA,2026-09-26T03:55:00+07:00
4215,CAND_004215,LOW,REJECT,1,helmet,val,WEB05837.jpg,"(0.87343590, 0.75000000, 0.02812821, 0.02576923)",None,Distant blurred head silhouette (21x13 px); insufficient pixels to verify safety helmet.,ANTIGRAVITY_VISUAL_QA,2026-09-26T03:55:00+07:00
4216,CAND_004216,LOW,REJECT,1,helmet,val,WEB08067.jpg,"(0.45156410, 0.77050000, 0.02969231, 0.03984615)",None,False positive helmet detection misaligned with person anatomy (not on head region).,ANTIGRAVITY_VISUAL_QA,2026-09-26T03:55:00+07:00
4217,CAND_004217,LOW,ADD,0,person,val,WEB09287.jpg,"(0.18955556, 0.61875000, 0.02637037, 0.13827778)",None,Visible usable person instance (pedestrian/firefighter/civilian); tight accurate bounding box.,ANTIGRAVITY_VISUAL_QA,2026-09-26T03:55:00+07:00
4218,CAND_004218,LOW,REJECT,0,person,test,PublicDataset01291.jpg,"(0.82812500, 0.50625000, 0.00937500, 0.05625000)",None,Tiny ambiguous silhouette (7x14 px); insufficient pixel resolution to verify human instance.,ANTIGRAVITY_VISUAL_QA,2026-09-26T03:55:00+07:00
4219,CAND_004219,LOW,ADD,0,person,test,PublicDataset01300.jpg,"(0.11953333, 0.82206250, 0.02130000, 0.09492500)",None,Visible usable person instance (pedestrian/firefighter/civilian); tight accurate bounding box.,ANTIGRAVITY_VISUAL_QA,2026-09-26T03:55:00+07:00
4220,CAND_004220,LOW,ADD,0,person,test,WEB09473.jpg,"(0.73985185, 0.69726389, 0.03281481, 0.14763889)",None,Visible usable person instance (pedestrian/firefighter/civilian); tight accurate bounding box.,ANTIGRAVITY_VISUAL_QA,2026-09-26T03:55:00+07:00
4221,CAND_004221,LOW,ADD,0,person,train,WEB01499.jpg,"(0.73906250, 0.69722222, 0.05312500, 0.16111111)",None,Visible usable person instance (pedestrian/firefighter/civilian); tight accurate bounding box.,ANTIGRAVITY_VISUAL_QA,2026-09-26T03:55:00+07:00
4222,CAND_004222,LOW,ADD,0,person,train,WEB02882.jpg,"(0.82500000, 0.66984823, 0.02500000, 0.05838111)",None,Visible usable person instance (pedestrian/firefighter/civilian); tight accurate bounding box.,ANTIGRAVITY_VISUAL_QA,2026-09-26T03:55:00+07:00
4223,CAND_004223,LOW,ADD,0,person,train,WEB03407.jpg,"(0.94452941, 0.64721106, 0.08124183, 0.22825796)",None,Visible usable person instance (pedestrian/firefighter/civilian); tight accurate bounding box.,ANTIGRAVITY_VISUAL_QA,2026-09-26T03:55:00+07:00
4224,CAND_004224,LOW,ADD,0,person,train,WEB08196.jpg,"(0.67500000, 0.80089286, 0.02031250, 0.12857143)",None,Visible usable person instance (pedestrian/firefighter/civilian); tight accurate bounding box.,ANTIGRAVITY_VISUAL_QA,2026-09-26T03:55:00+07:00
4225,CAND_004225,LOW,REJECT,0,person,train,WEB08747.jpg,"(0.35156863, 0.53944444, 0.03862745, 0.05233333)",None,Tiny ambiguous silhouette (7x18 px); insufficient pixel resolution to verify human instance.,ANTIGRAVITY_VISUAL_QA,2026-09-26T03:55:00+07:00
4226,CAND_004226,LOW,ADD,0,person,train,WEB09883.jpg,"(0.38964063, 0.66597222, 0.01796875, 0.07500000)",None,Visible usable person instance (pedestrian/firefighter/civilian); tight accurate bounding box.,ANTIGRAVITY_VISUAL_QA,2026-09-26T03:55:00+07:00
4227,CAND_004227,LOW,ADD,0,person,val,WEB03942.jpg,"(0.41406250, 0.40416667, 0.02578125, 0.11388889)",None,Visible usable person instance (pedestrian/firefighter/civilian); tight accurate bounding box.,ANTIGRAVITY_VISUAL_QA,2026-09-26T03:55:00+07:00
4228,CAND_004228,LOW,ADD,0,person,train,WEB03935.jpg,"(0.19941406, 0.41597222, 0.03242188, 0.14722222)",None,Visible usable person instance (pedestrian/firefighter/civilian); tight accurate bounding box.,ANTIGRAVITY_VISUAL_QA,2026-09-26T03:55:00+07:00
4229,CAND_004229,LOW,ADD,1,helmet,train,WEB05072.jpg,"(0.79570312, 0.30868056, 0.04296875, 0.05347222)",None,Genuine safety hardhat/firefighter helmet on personnel; clear rigid shell structure and tight bounding box.,ANTIGRAVITY_VISUAL_QA,2026-09-26T03:55:00+07:00
4230,CAND_004230,LOW,ADD,0,person,train,WEB06793.jpg,"(0.86262500, 0.47147995, 0.04416667, 0.05937500)",None,Visible usable person instance (pedestrian/firefighter/civilian); tight accurate bounding box.,ANTIGRAVITY_VISUAL_QA,2026-09-26T03:55:00+07:00
4231,CAND_004231,LOW,ADD,0,person,train,WEB07678.jpg,"(0.20839556, 0.80262385, 0.02187689, 0.06392661)",None,Visible usable person instance (pedestrian/firefighter/civilian); tight accurate bounding box.,ANTIGRAVITY_VISUAL_QA,2026-09-26T03:55:00+07:00
4232,CAND_004232,LOW,REJECT,0,person,train,WEB08983.jpg,"(0.70103960, 0.42255556, 0.59455446, 0.60955556)",None,False positive person detection on dark billowing smoke plume (IoU=0.76 with GT smoke).,ANTIGRAVITY_VISUAL_QA,2026-09-26T03:55:00+07:00
4233,CAND_004233,LOW,REJECT,0,person,val,WEB03938.jpg,"(0.13799219, 0.33402778, 0.04023438, 0.06111111)",None,"False positive person detection on vertical inanimate structure/object (conf=0.316, aspect=0.85); non-human object.",ANTIGRAVITY_VISUAL_QA,2026-09-26T03:55:00+07:00
4234,CAND_004234,LOW,ADJUST_BBOX,0,person,val,WEB09331.jpg,"(0.13457031, 0.49375000, 0.26757812, 0.97361111)","(0.13417969, 0.49375000, 0.26835938, 0.97361111)",Visible valid person instance at image boundary; coordinate clamped to frame edge.,ANTIGRAVITY_VISUAL_QA,2026-09-26T03:55:00+07:00
4235,CAND_004235,LOW,ADD,0,person,test,WEB10652.jpg,"(0.70468750, 0.78835227, 0.03437500, 0.07386364)",None,Visible usable person instance (pedestrian/firefighter/civilian); tight accurate bounding box.,ANTIGRAVITY_VISUAL_QA,2026-09-26T03:55:00+07:00
4236,CAND_004236,LOW,ADD,0,person,train,WEB04024.jpg,"(0.51510417, 0.73085937, 0.02187500, 0.04531250)",None,Visible usable person instance (pedestrian/firefighter/civilian); tight accurate bounding box.,ANTIGRAVITY_VISUAL_QA,2026-09-26T03:55:00+07:00
4237,CAND_004237,LOW,REJECT,0,person,train,WEB04162.jpg,"(0.64687500, 0.68333333, 0.07656250, 0.21666667)",None,False positive person detection on flame region (IoU=0.76 with GT fire).,ANTIGRAVITY_VISUAL_QA,2026-09-26T03:55:00+07:00
4238,CAND_004238,LOW,ADD,0,person,train,WEB05408.jpg,"(0.56327500, 0.39387778, 0.05781667, 0.23931111)",None,Visible usable person instance (pedestrian/firefighter/civilian); tight accurate bounding box.,ANTIGRAVITY_VISUAL_QA,2026-09-26T03:55:00+07:00
4239,CAND_004239,LOW,ADD,0,person,train,WEB07209.jpg,"(0.89375000, 0.38194444, 0.01875000, 0.07638889)",None,Visible usable person instance (pedestrian/firefighter/civilian); tight accurate bounding box.,ANTIGRAVITY_VISUAL_QA,2026-09-26T03:55:00+07:00
4240,CAND_004240,LOW,ADJUST_BBOX,0,person,train,WEB08432.jpg,"(0.01067188, 0.45486111, 0.02128125, 0.10277778)","(0.01065625, 0.45486111, 0.02131250, 0.10277778)",Visible valid person instance at image boundary; coordinate clamped to frame edge.,ANTIGRAVITY_VISUAL_QA,2026-09-26T03:55:00+07:00
4241,CAND_004241,LOW,ADD,0,person,val,PublicDataset00923.jpg,"(0.41289375, 0.63555347, 0.01406250, 0.07741088)",None,Visible usable person instance (pedestrian/firefighter/civilian); tight accurate bounding box.,ANTIGRAVITY_VISUAL_QA,2026-09-26T03:55:00+07:00
4242,CAND_004242,LOW,ADD,0,person,test,PublicDataset01315.jpg,"(0.70390944, 0.75186424, 0.01406888, 0.05623327)",None,Visible usable person instance (pedestrian/firefighter/civilian); tight accurate bounding box.,ANTIGRAVITY_VISUAL_QA,2026-09-26T03:55:00+07:00
4243,CAND_004243,LOW,ADD,0,person,test,WEB11449.jpg,"(0.34355422, 0.76043636, 0.02461847, 0.13723636)",None,Visible usable person instance (pedestrian/firefighter/civilian); tight accurate bounding box.,ANTIGRAVITY_VISUAL_QA,2026-09-26T03:55:00+07:00
4244,CAND_004244,LOW,ADD,0,person,train,WEB02150.jpg,"(0.75859284, 0.50384068, 0.11875104, 0.49783784)",None,Visible usable person instance (pedestrian/firefighter/civilian); tight accurate bounding box.,ANTIGRAVITY_VISUAL_QA,2026-09-26T03:55:00+07:00
4245,CAND_004245,LOW,ADD,0,person,train,WEB02879.jpg,"(0.63906205, 0.71610434, 0.01250357, 0.06678862)",None,Visible usable person instance (pedestrian/firefighter/civilian); tight accurate bounding box.,ANTIGRAVITY_VISUAL_QA,2026-09-26T03:55:00+07:00
4246,CAND_004246,LOW,ADD,0,person,train,WEB03928.jpg,"(0.30546875, 0.39305556, 0.04023438, 0.11944444)",None,Visible usable person instance (pedestrian/firefighter/civilian); tight accurate bounding box.,ANTIGRAVITY_VISUAL_QA,2026-09-26T03:55:00+07:00
4247,CAND_004247,LOW,ADD,0,person,train,WEB07091.jpg,"(0.27636719, 0.82638889, 0.01406250, 0.05833333)",None,Visible usable person instance (pedestrian/firefighter/civilian); tight accurate bounding box.,ANTIGRAVITY_VISUAL_QA,2026-09-26T03:55:00+07:00
4248,CAND_004248,LOW,ADD,1,helmet,train,WEB07236.jpg,"(0.67969167, 0.53761128, 0.02968333, 0.04311573)",None,Genuine safety hardhat/firefighter helmet on personnel; clear rigid shell structure and tight bounding box.,ANTIGRAVITY_VISUAL_QA,2026-09-26T03:55:00+07:00
4249,CAND_004249,LOW,ADD,0,person,train,WEB07835.jpg,"(0.89843750, 0.63124444, 0.03125000, 0.14444444)",None,Visible usable person instance (pedestrian/firefighter/civilian); tight accurate bounding box.,ANTIGRAVITY_VISUAL_QA,2026-09-26T03:55:00+07:00
4250,CAND_004250,LOW,ADD,0,person,train,WEB08956.jpg,"(0.28085938, 0.94101124, 0.02734375, 0.10112360)",None,Visible usable person instance (pedestrian/firefighter/civilian); tight accurate bounding box.,ANTIGRAVITY_VISUAL_QA,2026-09-26T03:55:00+07:00
4251,CAND_004251,LOW,REJECT,0,person,train,WEB08975.jpg,"(0.26940594, 0.68838889, 0.49702970, 0.61700000)",None,False positive person detection on dark billowing smoke plume (IoU=0.49 with GT smoke).,ANTIGRAVITY_VISUAL_QA,2026-09-26T03:55:00+07:00
4252,CAND_004252,LOW,ADD,1,helmet,train,WEB09143.jpg,"(0.77656429, 0.62400254, 0.03515714, 0.04447268)",None,Genuine safety hardhat/firefighter helmet on personnel; clear rigid shell structure and tight bounding box.,ANTIGRAVITY_VISUAL_QA,2026-09-26T03:55:00+07:00
4253,CAND_004253,LOW,ADD,1,helmet,val,WEB07857.jpg,"(0.64296875, 0.49431818, 0.02343750, 0.03977273)",None,Genuine safety hardhat/firefighter helmet on personnel; clear rigid shell structure and tight bounding box.,ANTIGRAVITY_VISUAL_QA,2026-09-26T03:55:00+07:00
4254,CAND_004254,LOW,ADD,0,person,test,WEB09741.jpg,"(0.23653125, 0.64027778, 0.04687500, 0.12777778)",None,Visible usable person instance (pedestrian/firefighter/civilian); tight accurate bounding box.,ANTIGRAVITY_VISUAL_QA,2026-09-26T03:55:00+07:00
4255,CAND_004255,LOW,REJECT,0,person,train,WEB03499.jpg,"(0.35664122, 0.67882062, 0.00780534, 0.02312147)",None,Tiny ambiguous silhouette (8x16 px); insufficient pixel resolution to verify human instance.,ANTIGRAVITY_VISUAL_QA,2026-09-26T03:55:00+07:00
4256,CAND_004256,LOW,ADD,0,person,train,WEB04024.jpg,"(0.12473958, 0.84843750, 0.04322917, 0.04843750)",None,Visible usable person instance (pedestrian/firefighter/civilian); tight accurate bounding box.,ANTIGRAVITY_VISUAL_QA,2026-09-26T03:55:00+07:00
4257,CAND_004257,LOW,REJECT,0,person,train,WEB04153.jpg,"(0.05839844, 0.51875000, 0.11582812, 0.92916667)",None,False positive person detection on flame region (IoU=0.46 with GT fire).,ANTIGRAVITY_VISUAL_QA,2026-09-26T03:55:00+07:00
4258,CAND_004258,LOW,ADD,0,person,train,WEB07476.jpg,"(0.40078292, 0.86430070, 0.02187426, 0.07368298)",None,Visible usable person instance (pedestrian/firefighter/civilian); tight accurate bounding box.,ANTIGRAVITY_VISUAL_QA,2026-09-26T03:55:00+07:00
4259,CAND_004259,LOW,REJECT,0,person,train,WEB07929.jpg,"(0.72812500, 0.40208333, 0.02187500, 0.07500000)",None,False positive person detection on flame region (IoU=0.32 with GT fire).,ANTIGRAVITY_VISUAL_QA,2026-09-26T03:55:00+07:00
4260,CAND_004260,LOW,ADD,0,person,train,WEB08424.jpg,"(0.23027344, 0.59236111, 0.07304687, 0.35694444)",None,Visible usable person instance (pedestrian/firefighter/civilian); tight accurate bounding box.,ANTIGRAVITY_VISUAL_QA,2026-09-26T03:55:00+07:00
4261,CAND_004261,LOW,ADD,0,person,train,WEB09336.jpg,"(0.40703070, 0.75123984, 0.02578070, 0.22085366)",None,Visible usable person instance (pedestrian/firefighter/civilian); tight accurate bounding box.,ANTIGRAVITY_VISUAL_QA,2026-09-26T03:55:00+07:00
4262,CAND_004262,LOW,ADD,0,person,test,WEB10115.jpg,"(0.32539062, 0.92532943, 0.01562500, 0.08199122)",None,Visible usable person instance (pedestrian/firefighter/civilian); tight accurate bounding box.,ANTIGRAVITY_VISUAL_QA,2026-09-26T03:55:00+07:00
4263,CAND_004263,LOW,ADD,1,helmet,train,WEB03892.jpg,"(0.82890625, 0.64583333, 0.08906250, 0.10277778)",None,Genuine safety hardhat/firefighter helmet on personnel; clear rigid shell structure and tight bounding box.,ANTIGRAVITY_VISUAL_QA,2026-09-26T03:55:00+07:00
4264,CAND_004264,LOW,ADD,0,person,train,WEB03920.jpg,"(0.38085938, 0.48888889, 0.01953125, 0.10555556)",None,Visible usable person instance (pedestrian/firefighter/civilian); tight accurate bounding box.,ANTIGRAVITY_VISUAL_QA,2026-09-26T03:55:00+07:00
4265,CAND_004265,LOW,ADD,0,person,train,WEB07222.jpg,"(0.69921875, 0.53750000, 0.04218750, 0.17222222)",None,Visible usable person instance (pedestrian/firefighter/civilian); tight accurate bounding box.,ANTIGRAVITY_VISUAL_QA,2026-09-26T03:55:00+07:00
4266,CAND_004266,LOW,ADD,0,person,train,WEB07230.jpg,"(0.70625000, 0.32500000, 0.04218750, 0.16111111)",None,Visible usable person instance (pedestrian/firefighter/civilian); tight accurate bounding box.,ANTIGRAVITY_VISUAL_QA,2026-09-26T03:55:00+07:00
4267,CAND_004267,LOW,ADD,0,person,train,WEB07526.jpg,"(0.52734184, 0.40569746, 0.07656122, 0.20527174)",None,Visible usable person instance (pedestrian/firefighter/civilian); tight accurate bounding box.,ANTIGRAVITY_VISUAL_QA,2026-09-26T03:55:00+07:00
4268,CAND_004268,LOW,ADD,0,person,val,WEB08451.jpg,"(0.07860938, 0.49027778, 0.05409375, 0.10000000)",None,Visible usable person instance (pedestrian/firefighter/civilian); tight accurate bounding box.,ANTIGRAVITY_VISUAL_QA,2026-09-26T03:55:00+07:00
4269,CAND_004269,LOW,REJECT,0,person,test,WEB11416.jpg,"(0.41757380, 0.26621311, 0.57108856, 0.52409836)",None,False positive person detection on dark billowing smoke plume (IoU=0.62 with GT smoke).,ANTIGRAVITY_VISUAL_QA,2026-09-26T03:55:00+07:00
4270,CAND_004270,LOW,ADD,0,person,train,WEB02982.jpg,"(0.03420313, 0.59513889, 0.03334375, 0.12222222)",None,Visible usable person instance (pedestrian/firefighter/civilian); tight accurate bounding box.,ANTIGRAVITY_VISUAL_QA,2026-09-26T03:55:00+07:00
4271,CAND_004271,LOW,ADD,0,person,train,WEB03193.jpg,"(0.91640175, 0.81961285, 0.02812265, 0.09461285)",None,Visible usable person instance (pedestrian/firefighter/civilian); tight accurate bounding box.,ANTIGRAVITY_VISUAL_QA,2026-09-26T03:55:00+07:00
4272,CAND_004272,LOW,ADD,0,person,train,WEB04781.jpg,"(0.15859375, 0.56875000, 0.08789063, 0.28472222)",None,Visible usable person instance (pedestrian/firefighter/civilian); tight accurate bounding box.,ANTIGRAVITY_VISUAL_QA,2026-09-26T03:55:00+07:00
4273,CAND_004273,LOW,ADD,0,person,train,WEB06274.jpg,"(0.54335556, 0.84458580, 0.05000000, 0.24132150)",None,Visible usable person instance (pedestrian/firefighter/civilian); tight accurate bounding box.,ANTIGRAVITY_VISUAL_QA,2026-09-26T03:55:00+07:00
4274,CAND_004274,LOW,ADD,0,person,train,WEB07224.jpg,"(0.83281250, 0.50972222, 0.01875000, 0.07500000)",None,Visible usable person instance (pedestrian/firefighter/civilian); tight accurate bounding box.,ANTIGRAVITY_VISUAL_QA,2026-09-26T03:55:00+07:00
4275,CAND_004275,LOW,ADD,0,person,train,WEB07440.jpg,"(0.13105263, 0.71126736, 0.05585812, 0.14225694)",None,Visible usable person instance (pedestrian/firefighter/civilian); tight accurate bounding box.,ANTIGRAVITY_VISUAL_QA,2026-09-26T03:55:00+07:00
4276,CAND_004276,LOW,ADD,0,person,test,WEB11438.jpg,"(0.59335938, 0.85869565, 0.12890625, 0.27173913)",None,Visible usable person instance (pedestrian/firefighter/civilian); tight accurate bounding box.,ANTIGRAVITY_VISUAL_QA,2026-09-26T03:55:00+07:00
4277,CAND_004277,LOW,ADD,0,person,test,WEB11552.jpg,"(0.02487500, 0.58750000, 0.02934375, 0.11666667)",None,Visible usable person instance (pedestrian/firefighter/civilian); tight accurate bounding box.,ANTIGRAVITY_VISUAL_QA,2026-09-26T03:55:00+07:00
4278,CAND_004278,LOW,ADD,0,person,train,PublicDataset00896.jpg,"(0.36152857, 0.68329424, 0.05117143, 0.11660981)",None,Visible usable person instance (pedestrian/firefighter/civilian); tight accurate bounding box.,ANTIGRAVITY_VISUAL_QA,2026-09-26T03:55:00+07:00
4279,CAND_004279,LOW,ADD,0,person,train,PublicDataset00906.jpg,"(0.52578279, 0.67110526, 0.02733427, 0.11193684)",None,Visible usable person instance (pedestrian/firefighter/civilian); tight accurate bounding box.,ANTIGRAVITY_VISUAL_QA,2026-09-26T03:55:00+07:00
4280,CAND_004280,LOW,ADD,0,person,train,WEB02656.jpg,"(0.83280833, 0.61302222, 0.01875000, 0.06875556)",None,Visible usable person instance (pedestrian/firefighter/civilian); tight accurate bounding box.,ANTIGRAVITY_VISUAL_QA,2026-09-26T03:55:00+07:00
4281,CAND_004281,LOW,ADD,0,person,train,WEB03850.jpg,"(0.41708984, 0.77500000, 0.03457031, 0.13055556)",None,Visible usable person instance (pedestrian/firefighter/civilian); tight accurate bounding box.,ANTIGRAVITY_VISUAL_QA,2026-09-26T03:55:00+07:00
4282,CAND_004282,LOW,ADD,0,person,train,WEB06495.jpg,"(0.50625000, 0.71015625, 0.02083333, 0.03593750)",None,Visible usable person instance (pedestrian/firefighter/civilian); tight accurate bounding box.,ANTIGRAVITY_VISUAL_QA,2026-09-26T03:55:00+07:00
4283,CAND_004283,LOW,REJECT,0,person,train,WEB08154.jpg,"(0.44336524, 0.67725653, 0.01406480, 0.06676960)",None,Tiny ambiguous silhouette (9x28 px); insufficient pixel resolution to verify human instance.,ANTIGRAVITY_VISUAL_QA,2026-09-26T03:55:00+07:00
4284,CAND_004284,LOW,REJECT,0,person,train,WEB08922.jpg,"(0.57502475, 0.30545833, 0.81866337, 0.58125000)",None,False positive person detection on dark billowing smoke plume (IoU=0.78 with GT smoke).,ANTIGRAVITY_VISUAL_QA,2026-09-26T03:55:00+07:00
4285,CAND_004285,LOW,ADD,1,helmet,train,WEB09130.jpg,"(0.56015751, 0.60665179, 0.06249596, 0.08059524)",None,Genuine safety hardhat/firefighter helmet on personnel; clear rigid shell structure and tight bounding box.,ANTIGRAVITY_VISUAL_QA,2026-09-26T03:55:00+07:00
4286,CAND_004286,LOW,ADD,1,helmet,train,WEB09157.jpg,"(0.82167888, 0.40914005, 0.08164835, 0.09825553)",None,Genuine safety hardhat/firefighter helmet on personnel; clear rigid shell structure and tight bounding box.,ANTIGRAVITY_VISUAL_QA,2026-09-26T03:55:00+07:00
4287,CAND_004287,LOW,ADD,0,person,train,WEB03929.jpg,"(0.40429688, 0.43350694, 0.10468750, 0.22465278)",None,Visible usable person instance (pedestrian/firefighter/civilian); tight accurate bounding box.,ANTIGRAVITY_VISUAL_QA,2026-09-26T03:55:00+07:00
4288,CAND_004288,LOW,ADD,0,person,train,WEB05136.jpg,"(0.83417969, 0.66388889, 0.06914062, 0.36388889)",None,Visible usable person instance (pedestrian/firefighter/civilian); tight accurate bounding box.,ANTIGRAVITY_VISUAL_QA,2026-09-26T03:55:00+07:00
4289,CAND_004289,LOW,REJECT,0,person,train,WEB05741.jpg,"(0.90781011, 0.27850000, 0.01562021, 0.03851020)",None,Tiny ambiguous silhouette (10x18 px); insufficient pixel resolution to verify human instance.,ANTIGRAVITY_VISUAL_QA,2026-09-26T03:55:00+07:00
4290,CAND_004290,LOW,ADD,0,person,train,WEB06286.jpg,"(0.03686719, 0.87291667, 0.05557812, 0.11041667)",None,Visible usable person instance (pedestrian/firefighter/civilian); tight accurate bounding box.,ANTIGRAVITY_VISUAL_QA,2026-09-26T03:55:00+07:00
4291,CAND_004291,LOW,ADD,0,person,train,WEB07231.jpg,"(0.46406250, 0.45972222, 0.04062500, 0.20833333)",None,Visible usable person instance (pedestrian/firefighter/civilian); tight accurate bounding box.,ANTIGRAVITY_VISUAL_QA,2026-09-26T03:55:00+07:00
4292,CAND_004292,LOW,ADD,0,person,train,WEB09337.jpg,"(0.11052305, 0.58650171, 0.04927305, 0.21655290)",None,Visible usable person instance (pedestrian/firefighter/civilian); tight accurate bounding box.,ANTIGRAVITY_VISUAL_QA,2026-09-26T03:55:00+07:00
4293,CAND_004293,LOW,ADD,0,person,val,WEB04701.jpg,"(0.29023437, 0.51944444, 0.03125000, 0.08055556)",None,Visible usable person instance (pedestrian/firefighter/civilian); tight accurate bounding box.,ANTIGRAVITY_VISUAL_QA,2026-09-26T03:55:00+07:00
4294,CAND_004294,LOW,ADD,0,person,val,WEB04709.jpg,"(0.34960938, 0.77986111, 0.06015625, 0.17916667)",None,Visible usable person instance (pedestrian/firefighter/civilian); tight accurate bounding box.,ANTIGRAVITY_VISUAL_QA,2026-09-26T03:55:00+07:00
4295,CAND_004295,LOW,REJECT,0,person,val,WEB07164.jpg,"(0.70104167, 0.87968750, 0.59583333, 0.23750000)",None,"Unusable extreme frame edge truncation (59.6%w x 23.8%h, aspect=0.53) showing only marginal body sliver.",ANTIGRAVITY_VISUAL_QA,2026-09-26T03:55:00+07:00
4296,CAND_004296,LOW,ADD,0,person,test,WEB11620.jpg,"(0.66094340, 0.73979167, 0.02500000, 0.10491667)",None,Visible usable person instance (pedestrian/firefighter/civilian); tight accurate bounding box.,ANTIGRAVITY_VISUAL_QA,2026-09-26T03:55:00+07:00
4297,CAND_004297,LOW,ADD,0,person,train,PublicDataset00865.jpg,"(0.85078125, 0.68016432, 0.02968750, 0.12089202)",None,Visible usable person instance (pedestrian/firefighter/civilian); tight accurate bounding box.,ANTIGRAVITY_VISUAL_QA,2026-09-26T03:55:00+07:00
4298,CAND_004298,LOW,ADD,0,person,train,WEB03582.jpg,"(0.58750000, 0.57745242, 0.02343750, 0.03748170)",None,Visible usable person instance (pedestrian/firefighter/civilian); tight accurate bounding box.,ANTIGRAVITY_VISUAL_QA,2026-09-26T03:55:00+07:00
4299,CAND_004299,LOW,ADD,1,helmet,train,WEB08808.jpg,"(0.81113278, 0.35759717, 0.03398340, 0.05321555)",None,Genuine safety hardhat/firefighter helmet on personnel; clear rigid shell structure and tight bounding box.,ANTIGRAVITY_VISUAL_QA,2026-09-26T03:55:00+07:00
4300,CAND_004300,LOW,ADD,0,person,train,WEB09319.jpg,"(0.32812500, 0.64559659, 0.03750000, 0.15198864)",None,Visible usable person instance (pedestrian/firefighter/civilian); tight accurate bounding box.,ANTIGRAVITY_VISUAL_QA,2026-09-26T03:55:00+07:00
4301,CAND_004301,LOW,ADD,1,helmet,val,WEB07237.jpg,"(0.21762500, 0.60403226, 0.12255000, 0.09516129)",None,Genuine safety hardhat/firefighter helmet on personnel; clear rigid shell structure and tight bounding box.,ANTIGRAVITY_VISUAL_QA,2026-09-26T03:55:00+07:00
4302,CAND_004302,LOW,ADD,0,person,train,WEB07192.jpg,"(0.74140625, 0.38472222, 0.01250000, 0.06944444)",None,Visible usable person instance (pedestrian/firefighter/civilian); tight accurate bounding box.,ANTIGRAVITY_VISUAL_QA,2026-09-26T03:55:00+07:00
4303,CAND_004303,LOW,ADJUST_BBOX,0,person,train,WEB08167.jpg,"(0.97109375, 0.59659091, 0.05625000, 0.36647727)","(0.97148437, 0.59659091, 0.05703125, 0.36647727)",Visible valid person instance at image boundary; coordinate clamped to frame edge.,ANTIGRAVITY_VISUAL_QA,2026-09-26T03:55:00+07:00
4304,CAND_004304,LOW,REJECT,0,person,train,WEB08750.jpg,"(0.47426471, 0.56094444, 0.03303922, 0.06250000)",None,Tiny ambiguous silhouette (6x22 px); insufficient pixel resolution to verify human instance.,ANTIGRAVITY_VISUAL_QA,2026-09-26T03:55:00+07:00
4305,CAND_004305,LOW,REJECT,0,person,train,WEB09097.jpg,"(0.17655995, 0.96299287, 0.05780654, 0.07353919)",None,"False positive person detection on vertical inanimate structure/object (conf=0.308, aspect=0.73); non-human object.",ANTIGRAVITY_VISUAL_QA,2026-09-26T03:55:00+07:00
4306,CAND_004306,LOW,ADD,0,person,test,WEB11449.jpg,"(0.93906627, 0.97890000, 0.02500000, 0.04220000)",None,Visible usable person instance (pedestrian/firefighter/civilian); tight accurate bounding box.,ANTIGRAVITY_VISUAL_QA,2026-09-26T03:55:00+07:00
4307,CAND_004307,LOW,ADD,1,helmet,test,WEB11756.jpg,"(0.53437500, 0.46597222, 0.02968750, 0.04444444)",None,Genuine safety hardhat/firefighter helmet on personnel; clear rigid shell structure and tight bounding box.,ANTIGRAVITY_VISUAL_QA,2026-09-26T03:55:00+07:00
4308,CAND_004308,LOW,ADD,0,person,train,AoF03412.jpg,"(0.73476562, 0.50017361, 0.18359375, 0.49965278)",None,Visible usable person instance (pedestrian/firefighter/civilian); tight accurate bounding box.,ANTIGRAVITY_VISUAL_QA,2026-09-26T03:55:00+07:00
4309,CAND_004309,LOW,ADD,0,person,train,WEB07252.jpg,"(0.21445000, 0.58083628, 0.05625000, 0.11484099)",None,Visible usable person instance (pedestrian/firefighter/civilian); tight accurate bounding box.,ANTIGRAVITY_VISUAL_QA,2026-09-26T03:55:00+07:00
4310,CAND_004310,LOW,ADD,0,person,val,WEB04709.jpg,"(0.18857031, 0.79305556, 0.07207812, 0.13333333)",None,Visible usable person instance (pedestrian/firefighter/civilian); tight accurate bounding box.,ANTIGRAVITY_VISUAL_QA,2026-09-26T03:55:00+07:00
4311,CAND_004311,LOW,ADD,0,person,test,PublicDataset01300.jpg,"(0.86015833, 0.80976250, 0.02031667, 0.09607500)",None,Visible usable person instance (pedestrian/firefighter/civilian); tight accurate bounding box.,ANTIGRAVITY_VISUAL_QA,2026-09-26T03:55:00+07:00
4312,CAND_004312,LOW,REJECT,0,person,train,WEB03457.jpg,"(0.99374890, 0.41612857, 0.01250220, 0.06714286)",None,"Unusable extreme frame edge truncation (1.3%w x 6.7%h, aspect=3.31) showing only marginal body sliver.",ANTIGRAVITY_VISUAL_QA,2026-09-26T03:55:00+07:00
4313,CAND_004313,LOW,ADD,0,person,train,WEB03470.jpg,"(0.71992181, 0.89126187, 0.02186831, 0.07856174)",None,Visible usable person instance (pedestrian/firefighter/civilian); tight accurate bounding box.,ANTIGRAVITY_VISUAL_QA,2026-09-26T03:55:00+07:00
4314,CAND_004314,LOW,ADD,0,person,train,WEB03482.jpg,"(0.21640476, 0.78161829, 0.03477143, 0.15835994)",None,Visible usable person instance (pedestrian/firefighter/civilian); tight accurate bounding box.,ANTIGRAVITY_VISUAL_QA,2026-09-26T03:55:00+07:00
4315,CAND_004315,LOW,REJECT,0,person,train,WEB07174.jpg,"(0.11855208, 0.69687500, 0.01893750, 0.04216667)",None,Tiny ambiguous silhouette (9x20 px); insufficient pixel resolution to verify human instance.,ANTIGRAVITY_VISUAL_QA,2026-09-26T03:55:00+07:00
4316,CAND_004316,LOW,ADD,0,person,train,WEB07573.jpg,"(0.45859091, 0.96210824, 0.02812727, 0.07080775)",None,Visible usable person instance (pedestrian/firefighter/civilian); tight accurate bounding box.,ANTIGRAVITY_VISUAL_QA,2026-09-26T03:55:00+07:00
4317,CAND_004317,LOW,ADD,0,person,train,WEB08999.jpg,"(0.29531548, 0.50747881, 0.12655952, 0.31978814)",None,Visible usable person instance (pedestrian/firefighter/civilian); tight accurate bounding box.,ANTIGRAVITY_VISUAL_QA,2026-09-26T03:55:00+07:00
4318,CAND_004318,LOW,ADD,0,person,train,WEB09099.jpg,"(0.55588550, 0.60468686, 0.03601527, 0.08594456)",None,Visible usable person instance (pedestrian/firefighter/civilian); tight accurate bounding box.,ANTIGRAVITY_VISUAL_QA,2026-09-26T03:55:00+07:00
4319,CAND_004319,LOW,ADD,0,person,val,WEB03330.jpg,"(0.34941397, 0.78063934, 0.01523691, 0.05340984)",None,Visible usable person instance (pedestrian/firefighter/civilian); tight accurate bounding box.,ANTIGRAVITY_VISUAL_QA,2026-09-26T03:55:00+07:00
4320,CAND_004320,LOW,ADJUST_BBOX,0,person,test,WEB11099.jpg,"(0.43867480, 0.96517647, 0.02030894, 0.06782353)","(0.43867480, 0.96563235, 0.02030894, 0.06873529)",Visible valid person instance at image boundary; coordinate clamped to frame edge.,ANTIGRAVITY_VISUAL_QA,2026-09-26T03:55:00+07:00
4321,CAND_004321,LOW,ADD,0,person,test,WEB11343.jpg,"(0.74921875, 0.92986111, 0.01718750, 0.08472222)",None,Visible usable person instance (pedestrian/firefighter/civilian); tight accurate bounding box.,ANTIGRAVITY_VISUAL_QA,2026-09-26T03:55:00+07:00
4322,CAND_004322,LOW,REJECT,0,person,train,PublicDataset00932.jpg,"(0.23945000, 0.76146667, 0.02736667, 0.08124444)",None,Tiny ambiguous silhouette (8x18 px); insufficient pixel resolution to verify human instance.,ANTIGRAVITY_VISUAL_QA,2026-09-26T03:55:00+07:00
4323,CAND_004323,LOW,ADD,1,helmet,train,WEB01966.jpg,"(0.38457510, 0.49844007, 0.05171937, 0.03280788)",None,Genuine safety hardhat/firefighter helmet on personnel; clear rigid shell structure and tight bounding box.,ANTIGRAVITY_VISUAL_QA,2026-09-26T03:55:00+07:00
4324,CAND_004324,LOW,ADD,0,person,train,WEB02407.jpg,"(0.46171774, 0.51479469, 0.03282258, 0.07253623)",None,Visible usable person instance (pedestrian/firefighter/civilian); tight accurate bounding box.,ANTIGRAVITY_VISUAL_QA,2026-09-26T03:55:00+07:00
4325,CAND_004325,LOW,ADD,0,person,train,WEB03527.jpg,"(0.57187577, 0.74543406, 0.03280443, 0.05724541)",None,Visible usable person instance (pedestrian/firefighter/civilian); tight accurate bounding box.,ANTIGRAVITY_VISUAL_QA,2026-09-26T03:55:00+07:00
4326,CAND_004326,LOW,ADD,0,person,train,WEB04504.jpg,"(0.04392308, 0.78807377, 0.02378462, 0.10822404)",None,Visible usable person instance (pedestrian/firefighter/civilian); tight accurate bounding box.,ANTIGRAVITY_VISUAL_QA,2026-09-26T03:55:00+07:00
4327,CAND_004327,LOW,ADD,1,helmet,train,WEB06087.jpg,"(0.83515972, 0.40292391, 0.03437500, 0.05502174)",None,Genuine safety hardhat/firefighter helmet on personnel; clear rigid shell structure and tight bounding box.,ANTIGRAVITY_VISUAL_QA,2026-09-26T03:55:00+07:00
4328,CAND_004328,LOW,ADD,0,person,train,WEB06566.jpg,"(0.15430000, 0.41987310, 0.06640000, 0.20263959)",None,Visible usable person instance (pedestrian/firefighter/civilian); tight accurate bounding box.,ANTIGRAVITY_VISUAL_QA,2026-09-26T03:55:00+07:00
4329,CAND_004329,LOW,REJECT,0,person,train,WEB07287.jpg,"(0.04518229, 0.49765625, 0.09036458, 0.35156250)",None,"False positive person detection on vertical inanimate structure/object (conf=0.306, aspect=5.19); non-human object.",ANTIGRAVITY_VISUAL_QA,2026-09-26T03:55:00+07:00
4330,CAND_004330,LOW,ADJUST_BBOX,0,person,train,WEB07472.jpg,"(0.84687500, 0.94638404, 0.05937500, 0.10473815)","(0.84687500, 0.94700748, 0.05937500, 0.10598504)",Visible valid person instance at image boundary; coordinate clamped to frame edge.,ANTIGRAVITY_VISUAL_QA,2026-09-26T03:55:00+07:00
4331,CAND_004331,LOW,REJECT,0,person,val,WEB08952.jpg,"(0.50312500, 0.81039326, 0.03750000, 0.09550562)",None,False positive person detection on flame region (IoU=0.76 with GT fire).,ANTIGRAVITY_VISUAL_QA,2026-09-26T03:55:00+07:00
4332,CAND_004332,LOW,ADD,0,person,test,WEB11449.jpg,"(0.43750000, 0.77458182, 0.01797189, 0.10469091)",None,Visible usable person instance (pedestrian/firefighter/civilian); tight accurate bounding box.,ANTIGRAVITY_VISUAL_QA,2026-09-26T03:55:00+07:00
4333,CAND_004333,LOW,ADD,0,person,train,PublicDataset00906.jpg,"(0.91172073, 0.75448421, 0.12499295, 0.26821053)",None,Visible usable person instance (pedestrian/firefighter/civilian); tight accurate bounding box.,ANTIGRAVITY_VISUAL_QA,2026-09-26T03:55:00+07:00
4334,CAND_004334,LOW,ADD,0,person,train,WEB01152.jpg,"(0.98359375, 0.92013889, 0.03281250, 0.14166667)",None,Visible usable person instance (pedestrian/firefighter/civilian); tight accurate bounding box.,ANTIGRAVITY_VISUAL_QA,2026-09-26T03:55:00+07:00
4335,CAND_004335,LOW,REJECT,0,person,train,WEB02771.jpg,"(0.04729004, 0.98020833, 0.01821289, 0.03750000)",None,"Unusable extreme frame edge truncation (1.8%w x 3.8%h, aspect=1.54) showing only marginal body sliver.",ANTIGRAVITY_VISUAL_QA,2026-09-26T03:55:00+07:00
4336,CAND_004336,LOW,ADD,0,person,train,WEB03935.jpg,"(0.35117188, 0.40694444, 0.02695313, 0.12500000)",None,Visible usable person instance (pedestrian/firefighter/civilian); tight accurate bounding box.,ANTIGRAVITY_VISUAL_QA,2026-09-26T03:55:00+07:00
4337,CAND_004337,LOW,REJECT,0,person,train,WEB04683.jpg,"(0.54882812, 0.27414773, 0.27109375, 0.54119318)",None,False positive person detection on dark billowing smoke plume (IoU=0.92 with GT smoke).,ANTIGRAVITY_VISUAL_QA,2026-09-26T03:55:00+07:00
4338,CAND_004338,LOW,ADD,0,person,train,WEB07212.jpg,"(0.48671875, 0.45277778, 0.04062500, 0.18750000)",None,Visible usable person instance (pedestrian/firefighter/civilian); tight accurate bounding box.,ANTIGRAVITY_VISUAL_QA,2026-09-26T03:55:00+07:00
4339,CAND_004339,LOW,ADD,0,person,train,WEB07305.jpg,"(0.61366953, 0.69631825, 0.03671674, 0.07497660)",None,Visible usable person instance (pedestrian/firefighter/civilian); tight accurate bounding box.,ANTIGRAVITY_VISUAL_QA,2026-09-26T03:55:00+07:00
4340,CAND_004340,LOW,REJECT,0,person,train,AoF04371.jpg,"(0.56445312, 0.51666667, 0.03281250, 0.07222222)",None,False positive person detection on flame region (IoU=0.63 with GT fire).,ANTIGRAVITY_VISUAL_QA,2026-09-26T03:55:00+07:00
4341,CAND_004341,LOW,REJECT,0,person,train,WEB03179.jpg,"(0.67070529, 0.95640468, 0.14375315, 0.08712375)",None,"Unusable extreme frame edge truncation (14.4%w x 8.7%h, aspect=0.46) showing only marginal body sliver.",ANTIGRAVITY_VISUAL_QA,2026-09-26T03:55:00+07:00
4342,CAND_004342,LOW,REJECT,1,helmet,train,WEB06978.jpg,"(0.14062500, 0.42916667, 0.03612500, 0.03438889)",None,Distant blurred head silhouette (17x12 px); insufficient pixels to verify safety helmet.,ANTIGRAVITY_VISUAL_QA,2026-09-26T03:55:00+07:00
4343,CAND_004343,LOW,ADD,0,person,train,WEB07215.jpg,"(0.28203125, 0.35972222, 0.01484375, 0.11666667)",None,Visible usable person instance (pedestrian/firefighter/civilian); tight accurate bounding box.,ANTIGRAVITY_VISUAL_QA,2026-09-26T03:55:00+07:00
4344,CAND_004344,LOW,ADD,0,person,train,WEB08985.jpg,"(0.83047000, 0.73183735, 0.01406000, 0.05882530)",None,Visible usable person instance (pedestrian/firefighter/civilian); tight accurate bounding box.,ANTIGRAVITY_VISUAL_QA,2026-09-26T03:55:00+07:00
4345,CAND_004345,LOW,ADD,0,person,train,WEB09231.jpg,"(0.45507772, 0.76213748, 0.15468912, 0.46114878)",None,Visible usable person instance (pedestrian/firefighter/civilian); tight accurate bounding box.,ANTIGRAVITY_VISUAL_QA,2026-09-26T03:55:00+07:00
4346,CAND_004346,LOW,ADD,0,person,val,WEB03943.jpg,"(0.29667969, 0.31736111, 0.04257813, 0.14583333)",None,Visible usable person instance (pedestrian/firefighter/civilian); tight accurate bounding box.,ANTIGRAVITY_VISUAL_QA,2026-09-26T03:55:00+07:00
4347,CAND_004347,LOW,ADD,1,helmet,val,WEB04126.jpg,"(0.22050532, 0.56917769, 0.02539362, 0.03052930)",None,Genuine safety hardhat/firefighter helmet on personnel; clear rigid shell structure and tight bounding box.,ANTIGRAVITY_VISUAL_QA,2026-09-26T03:55:00+07:00
4348,CAND_004348,LOW,ADJUST_BBOX,0,person,val,WEB06118.jpg,"(0.03818125, 0.88745117, 0.07548750, 0.21728516)","(0.03796250, 0.88745117, 0.07592500, 0.21728516)",Visible valid person instance at image boundary; coordinate clamped to frame edge.,ANTIGRAVITY_VISUAL_QA,2026-09-26T03:55:00+07:00
4349,CAND_004349,LOW,REJECT,0,person,val,WEB07171.jpg,"(0.51528889, 0.11366250, 0.96666667, 0.22577500)",None,"Unusable extreme frame edge truncation (96.7%w x 22.6%h, aspect=0.42) showing only marginal body sliver.",ANTIGRAVITY_VISUAL_QA,2026-09-26T03:55:00+07:00
4350,CAND_004350,LOW,ADD,0,person,val,WEB07219.jpg,"(0.86640625, 0.49583333, 0.02343750, 0.11666667)",None,Visible usable person instance (pedestrian/firefighter/civilian); tight accurate bounding box.,ANTIGRAVITY_VISUAL_QA,2026-09-26T03:55:00+07:00
4351,CAND_004351,LOW,REJECT,1,helmet,val,WEB08660.jpg,"(0.26058824, 0.92969444, 0.10892157, 0.05938889)",None,False positive helmet detection misaligned with person anatomy (not on head region).,ANTIGRAVITY_VISUAL_QA,2026-09-26T03:55:00+07:00
4352,CAND_004352,LOW,ADD,0,person,train,WEB01155.jpg,"(0.41875000, 0.68194444, 0.01875000, 0.05277778)",None,Visible usable person instance (pedestrian/firefighter/civilian); tight accurate bounding box.,ANTIGRAVITY_VISUAL_QA,2026-09-26T03:55:00+07:00
4353,CAND_004353,LOW,ADD,0,person,train,WEB06076.jpg,"(0.59687207, 0.85907292, 0.01874413, 0.07072917)",None,Visible usable person instance (pedestrian/firefighter/civilian); tight accurate bounding box.,ANTIGRAVITY_VISUAL_QA,2026-09-26T03:55:00+07:00
4354,CAND_004354,LOW,ADD,0,person,train,WEB06652.jpg,"(0.44844000, 0.76693333, 0.02108000, 0.08593333)",None,Visible usable person instance (pedestrian/firefighter/civilian); tight accurate bounding box.,ANTIGRAVITY_VISUAL_QA,2026-09-26T03:55:00+07:00
4355,CAND_004355,LOW,ADD,0,person,train,WEB06797.jpg,"(0.81501042, 0.62617335, 0.09522917, 0.16954009)",None,Visible usable person instance (pedestrian/firefighter/civilian); tight accurate bounding box.,ANTIGRAVITY_VISUAL_QA,2026-09-26T03:55:00+07:00
4356,CAND_004356,LOW,ADD,0,person,train,WEB07314.jpg,"(0.18495935, 0.96084146, 0.02656911, 0.07831707)",None,Visible usable person instance (pedestrian/firefighter/civilian); tight accurate bounding box.,ANTIGRAVITY_VISUAL_QA,2026-09-26T03:55:00+07:00
4357,CAND_004357,LOW,ADD,0,person,train,WEB07573.jpg,"(0.62304545, 0.96210824, 0.03047273, 0.06941842)",None,Visible usable person instance (pedestrian/firefighter/civilian); tight accurate bounding box.,ANTIGRAVITY_VISUAL_QA,2026-09-26T03:55:00+07:00
4358,CAND_004358,LOW,REJECT,0,person,test,WEB11334.jpg,"(0.49140800, 0.98135977, 0.02579200, 0.03728045)",None,Tiny ambiguous silhouette (16x13 px); insufficient pixel resolution to verify human instance.,ANTIGRAVITY_VISUAL_QA,2026-09-26T03:55:00+07:00
4359,CAND_004359,LOW,REJECT,0,person,train,WEB02464.jpg,"(0.45000000, 0.72255181, 0.01405714, 0.04251295)",None,Tiny ambiguous silhouette (9x16 px); insufficient pixel resolution to verify human instance.,ANTIGRAVITY_VISUAL_QA,2026-09-26T03:55:00+07:00
4360,CAND_004360,LOW,ADD,0,person,train,WEB03978.jpg,"(0.78007812, 0.54785156, 0.03046875, 0.07148438)",None,Visible usable person instance (pedestrian/firefighter/civilian); tight accurate bounding box.,ANTIGRAVITY_VISUAL_QA,2026-09-26T03:55:00+07:00
4361,CAND_004361,LOW,REJECT,1,helmet,train,WEB04257.jpg,"(0.92500000, 0.72445007, 0.14061761, 0.16690304)",None,False positive helmet detection on background scene; no person instance present.,ANTIGRAVITY_VISUAL_QA,2026-09-26T03:55:00+07:00
4362,CAND_004362,LOW,ADD,0,person,train,WEB07231.jpg,"(0.21284375, 0.35208333, 0.03290625, 0.15416667)",None,Visible usable person instance (pedestrian/firefighter/civilian); tight accurate bounding box.,ANTIGRAVITY_VISUAL_QA,2026-09-26T03:55:00+07:00
4363,CAND_004363,LOW,ADD,0,person,train,WEB07243.jpg,"(0.20566406, 0.53229167, 0.02695313, 0.10000000)",None,Visible usable person instance (pedestrian/firefighter/civilian); tight accurate bounding box.,ANTIGRAVITY_VISUAL_QA,2026-09-26T03:55:00+07:00
4364,CAND_004364,LOW,ADD,0,person,train,WEB07645.jpg,"(0.61406250, 0.31986063, 0.07343750, 0.18815331)",None,Visible usable person instance (pedestrian/firefighter/civilian); tight accurate bounding box.,ANTIGRAVITY_VISUAL_QA,2026-09-26T03:55:00+07:00
4365,CAND_004365,LOW,ADD,0,person,train,WEB08724.jpg,"(0.32109583, 0.96388889, 0.02187500, 0.07222222)",None,Visible usable person instance (pedestrian/firefighter/civilian); tight accurate bounding box.,ANTIGRAVITY_VISUAL_QA,2026-09-26T03:55:00+07:00
4366,CAND_004366,LOW,REJECT,0,person,train,WEB08749.jpg,"(0.34674020, 0.53281944, 0.04553922, 0.08047222)",None,Tiny ambiguous silhouette (9x28 px); insufficient pixel resolution to verify human instance.,ANTIGRAVITY_VISUAL_QA,2026-09-26T03:55:00+07:00
4367,CAND_004367,LOW,ADD,0,person,test,WEB10221.jpg,"(0.82500000, 0.80905136, 0.03437555, 0.21893010)",None,Visible usable person instance (pedestrian/firefighter/civilian); tight accurate bounding box.,ANTIGRAVITY_VISUAL_QA,2026-09-26T03:55:00+07:00
4368,CAND_004368,LOW,REJECT,0,person,train,WEB04315.jpg,"(0.54922091, 0.93121029, 0.28749507, 0.12944024)",None,"False positive person detection on vertical inanimate structure/object (conf=0.302, aspect=0.29); non-human object.",ANTIGRAVITY_VISUAL_QA,2026-09-26T03:55:00+07:00
4369,CAND_004369,LOW,ADD,0,person,train,WEB06242.jpg,"(0.06596875, 0.78645833, 0.02001250, 0.06355000)",None,Visible usable person instance (pedestrian/firefighter/civilian); tight accurate bounding box.,ANTIGRAVITY_VISUAL_QA,2026-09-26T03:55:00+07:00
4370,CAND_004370,LOW,ADD,0,person,train,WEB06650.jpg,"(0.33613281, 0.88139205, 0.02304688, 0.05681818)",None,Visible usable person instance (pedestrian/firefighter/civilian); tight accurate bounding box.,ANTIGRAVITY_VISUAL_QA,2026-09-26T03:55:00+07:00
4371,CAND_004371,LOW,ADD,0,person,train,WEB07204.jpg,"(0.64765625, 0.45277778, 0.02187500, 0.16388889)",None,Visible usable person instance (pedestrian/firefighter/civilian); tight accurate bounding box.,ANTIGRAVITY_VISUAL_QA,2026-09-26T03:55:00+07:00
4372,CAND_004372,LOW,ADD,0,person,train,WEB07348.jpg,"(0.82421976, 0.66610000, 0.01562327, 0.05845455)",None,Visible usable person instance (pedestrian/firefighter/civilian); tight accurate bounding box.,ANTIGRAVITY_VISUAL_QA,2026-09-26T03:55:00+07:00
4373,CAND_004373,LOW,ADD,0,person,train,WEB07590.jpg,"(0.94530903, 0.71121508, 0.02187005, 0.08812849)",None,Visible usable person instance (pedestrian/firefighter/civilian); tight accurate bounding box.,ANTIGRAVITY_VISUAL_QA,2026-09-26T03:55:00+07:00
4374,CAND_004374,LOW,ADD,0,person,train,WEB08421.jpg,"(0.56875000, 0.57500000, 0.02656250, 0.11666667)",None,Visible usable person instance (pedestrian/firefighter/civilian); tight accurate bounding box.,ANTIGRAVITY_VISUAL_QA,2026-09-26T03:55:00+07:00
4375,CAND_004375,LOW,ADD,0,person,val,WEB09283.jpg,"(0.88281250, 0.72222222, 0.18125000, 0.54166667)",None,Visible usable person instance (pedestrian/firefighter/civilian); tight accurate bounding box.,ANTIGRAVITY_VISUAL_QA,2026-09-26T03:55:00+07:00
4376,CAND_004376,LOW,ADD,0,person,test,WEB10391.jpg,"(0.06357422, 0.43103953, 0.01093750, 0.03279649)",None,Visible usable person instance (pedestrian/firefighter/civilian); tight accurate bounding box.,ANTIGRAVITY_VISUAL_QA,2026-09-26T03:55:00+07:00
4377,CAND_004377,LOW,ADD,1,helmet,test,WEB11472.jpg,"(0.20957031, 0.26875000, 0.02500000, 0.04722222)",None,Genuine safety hardhat/firefighter helmet on personnel; clear rigid shell structure and tight bounding box.,ANTIGRAVITY_VISUAL_QA,2026-09-26T03:55:00+07:00
4378,CAND_004378,LOW,ADD,0,person,train,AoF03410.jpg,"(0.73398438, 0.49097222, 0.18515625, 0.49583333)",None,Visible usable person instance (pedestrian/firefighter/civilian); tight accurate bounding box.,ANTIGRAVITY_VISUAL_QA,2026-09-26T03:55:00+07:00
4379,CAND_004379,LOW,ADD,0,person,train,WEB03898.jpg,"(0.25546875, 0.47638889, 0.02578125, 0.12222222)",None,Visible usable person instance (pedestrian/firefighter/civilian); tight accurate bounding box.,ANTIGRAVITY_VISUAL_QA,2026-09-26T03:55:00+07:00
4380,CAND_004380,LOW,ADD,1,helmet,train,WEB07150.jpg,"(0.44804688, 0.76388889, 0.02500000, 0.03888889)",None,Genuine safety hardhat/firefighter helmet on personnel; clear rigid shell structure and tight bounding box.,ANTIGRAVITY_VISUAL_QA,2026-09-26T03:55:00+07:00
4381,CAND_004381,LOW,ADD,1,helmet,train,WEB07476.jpg,"(0.36288849, 0.81364802, 0.02069988, 0.04449883)",None,Genuine safety hardhat/firefighter helmet on personnel; clear rigid shell structure and tight bounding box.,ANTIGRAVITY_VISUAL_QA,2026-09-26T03:55:00+07:00
4382,CAND_004382,LOW,ADD,0,person,train,WEB08900.jpg,"(0.52187500, 0.65555556, 0.01718750, 0.08333333)",None,Visible usable person instance (pedestrian/firefighter/civilian); tight accurate bounding box.,ANTIGRAVITY_VISUAL_QA,2026-09-26T03:55:00+07:00
4383,CAND_004383,LOW,ADD,0,person,val,WEB04579.jpg,"(0.70078750, 0.76937262, 0.02812500, 0.11406844)",None,Visible usable person instance (pedestrian/firefighter/civilian); tight accurate bounding box.,ANTIGRAVITY_VISUAL_QA,2026-09-26T03:55:00+07:00
4384,CAND_004384,LOW,ADD,0,person,train,WEB02993.jpg,"(0.09971094, 0.79166667, 0.03614062, 0.17777778)",None,Visible usable person instance (pedestrian/firefighter/civilian); tight accurate bounding box.,ANTIGRAVITY_VISUAL_QA,2026-09-26T03:55:00+07:00
4385,CAND_004385,LOW,ADD,0,person,train,WEB07541.jpg,"(0.29296674, 0.76095813, 0.15155579, 0.34471820)",None,Visible usable person instance (pedestrian/firefighter/civilian); tight accurate bounding box.,ANTIGRAVITY_VISUAL_QA,2026-09-26T03:55:00+07:00
4386,CAND_004386,LOW,ADD,0,person,train,WEB07755.jpg,"(0.32968750, 0.30528868, 0.04532500, 0.16309469)",None,Visible usable person instance (pedestrian/firefighter/civilian); tight accurate bounding box.,ANTIGRAVITY_VISUAL_QA,2026-09-26T03:55:00+07:00
4387,CAND_004387,LOW,ADD,0,person,val,WEB06802.jpg,"(0.88885417, 0.55546580, 0.08558333, 0.13437500)",None,Visible usable person instance (pedestrian/firefighter/civilian); tight accurate bounding box.,ANTIGRAVITY_VISUAL_QA,2026-09-26T03:55:00+07:00
4388,CAND_004388,LOW,ADD,0,person,test,WEB11752.jpg,"(0.94452778, 0.70663889, 0.03124074, 0.14294444)",None,Visible usable person instance (pedestrian/firefighter/civilian); tight accurate bounding box.,ANTIGRAVITY_VISUAL_QA,2026-09-26T03:55:00+07:00
4389,CAND_004389,LOW,ADD,0,person,train,WEB00947.jpg,"(0.24414062, 0.71458333, 0.02656250, 0.14027778)",None,Visible usable person instance (pedestrian/firefighter/civilian); tight accurate bounding box.,ANTIGRAVITY_VISUAL_QA,2026-09-26T03:55:00+07:00
4390,CAND_004390,LOW,ADD,0,person,train,WEB03923.jpg,"(0.22656250, 0.46597222, 0.04687500, 0.18888889)",None,Visible usable person instance (pedestrian/firefighter/civilian); tight accurate bounding box.,ANTIGRAVITY_VISUAL_QA,2026-09-26T03:55:00+07:00
4391,CAND_004391,LOW,ADD,0,person,train,WEB03936.jpg,"(0.26367188, 0.39097222, 0.03554687, 0.14166667)",None,Visible usable person instance (pedestrian/firefighter/civilian); tight accurate bounding box.,ANTIGRAVITY_VISUAL_QA,2026-09-26T03:55:00+07:00
4392,CAND_004392,LOW,ADD,0,person,train,WEB03950.jpg,"(0.24335937, 0.58750000, 0.02812500, 0.15000000)",None,Visible usable person instance (pedestrian/firefighter/civilian); tight accurate bounding box.,ANTIGRAVITY_VISUAL_QA,2026-09-26T03:55:00+07:00
4393,CAND_004393,LOW,ADD,1,helmet,train,WEB07513.jpg,"(0.39160529, 0.67110153, 0.02226697, 0.03641762)",None,Genuine safety hardhat/firefighter helmet on personnel; clear rigid shell structure and tight bounding box.,ANTIGRAVITY_VISUAL_QA,2026-09-26T03:55:00+07:00
4394,CAND_004394,LOW,REJECT,0,person,train,WEB08381.jpg,"(0.14287143, 0.85107500, 0.21660000, 0.28575000)",None,"False positive person detection on vertical inanimate structure/object (conf=0.299, aspect=0.75); non-human object.",ANTIGRAVITY_VISUAL_QA,2026-09-26T03:55:00+07:00
4395,CAND_004395,LOW,ADD,0,person,train,WEB08438.jpg,"(0.19121094, 0.49583333, 0.02460937, 0.18333333)",None,Visible usable person instance (pedestrian/firefighter/civilian); tight accurate bounding box.,ANTIGRAVITY_VISUAL_QA,2026-09-26T03:55:00+07:00
4396,CAND_004396,LOW,ADD,1,helmet,train,WEB09192.jpg,"(0.80781000, 0.37699545, 0.05000000, 0.07232170)",None,Genuine safety hardhat/firefighter helmet on personnel; clear rigid shell structure and tight bounding box.,ANTIGRAVITY_VISUAL_QA,2026-09-26T03:55:00+07:00
4397,CAND_004397,LOW,REJECT,0,person,val,WEB02350.jpg,"(0.98203010, 0.35327160, 0.03593980, 0.39894376)",None,"False positive person detection on vertical inanimate structure/object (conf=0.299, aspect=5.41); non-human object.",ANTIGRAVITY_VISUAL_QA,2026-09-26T03:55:00+07:00
4398,CAND_004398,LOW,ADD,0,person,val,WEB03942.jpg,"(0.39589844, 0.40277778, 0.03945312, 0.13333333)",None,Visible usable person instance (pedestrian/firefighter/civilian); tight accurate bounding box.,ANTIGRAVITY_VISUAL_QA,2026-09-26T03:55:00+07:00
4399,CAND_004399,LOW,ADJUST_BBOX,0,person,test,WEB11449.jpg,"(0.37812249, 0.96063636, 0.02578313, 0.07356364)","(0.37812249, 0.96192727, 0.02578313, 0.07614545)",Visible valid person instance at image boundary; coordinate clamped to frame edge.,ANTIGRAVITY_VISUAL_QA,2026-09-26T03:55:00+07:00
4400,CAND_004400,LOW,REJECT,0,person,test,WEB11553.jpg,"(0.68046875, 0.98611111, 0.02343750, 0.02777778)",None,Tiny ambiguous silhouette (15x10 px); insufficient pixel resolution to verify human instance.,ANTIGRAVITY_VISUAL_QA,2026-09-26T03:55:00+07:00
4401,CAND_004401,LOW,ADD,0,person,train,WEB03193.jpg,"(0.77968711, 0.82166392, 0.03436796, 0.11107084)",None,Visible usable person instance (pedestrian/firefighter/civilian); tight accurate bounding box.,ANTIGRAVITY_VISUAL_QA,2026-09-26T03:55:00+07:00
4402,CAND_004402,LOW,ADD,0,person,train,WEB07543.jpg,"(0.20747318, 0.70908497, 0.03662017, 0.19986928)",None,Visible usable person instance (pedestrian/firefighter/civilian); tight accurate bounding box.,ANTIGRAVITY_VISUAL_QA,2026-09-26T03:55:00+07:00
4403,CAND_004403,LOW,ADD,0,person,test,WEB11241.jpg,"(0.45039062, 0.53888889, 0.04765625, 0.22500000)",None,Visible usable person instance (pedestrian/firefighter/civilian); tight accurate bounding box.,ANTIGRAVITY_VISUAL_QA,2026-09-26T03:55:00+07:00
4404,CAND_004404,LOW,ADD,1,helmet,test,WEB11316.jpg,"(0.42733906, 0.26662857, 0.03281116, 0.04438095)",None,Genuine safety hardhat/firefighter helmet on personnel; clear rigid shell structure and tight bounding box.,ANTIGRAVITY_VISUAL_QA,2026-09-26T03:55:00+07:00
4405,CAND_004405,LOW,ADD,0,person,train,WEB02663.jpg,"(0.69375000, 0.96718750, 0.09166667, 0.06562500)",None,Visible usable person instance (pedestrian/firefighter/civilian); tight accurate bounding box.,ANTIGRAVITY_VISUAL_QA,2026-09-26T03:55:00+07:00
4406,CAND_004406,LOW,ADD,0,person,train,WEB02755.jpg,"(0.23789276, 0.97583815, 0.03281279, 0.04832370)",None,Visible usable person instance (pedestrian/firefighter/civilian); tight accurate bounding box.,ANTIGRAVITY_VISUAL_QA,2026-09-26T03:55:00+07:00
4407,CAND_004407,LOW,ADD,0,person,train,WEB08935.jpg,"(0.68710396, 0.60351389, 0.05569307, 0.05858333)",None,Visible usable person instance (pedestrian/firefighter/civilian); tight accurate bounding box.,ANTIGRAVITY_VISUAL_QA,2026-09-26T03:55:00+07:00
4408,CAND_004408,LOW,ADD,0,person,train,WEB09099.jpg,"(0.30728244, 0.68320329, 0.04763359, 0.05780287)",None,Visible usable person instance (pedestrian/firefighter/civilian); tight accurate bounding box.,ANTIGRAVITY_VISUAL_QA,2026-09-26T03:55:00+07:00
4409,CAND_004409,LOW,ADD,0,person,val,WEB02339.jpg,"(0.37812500, 0.69236111, 0.28593750, 0.58194444)",None,Visible usable person instance (pedestrian/firefighter/civilian); tight accurate bounding box.,ANTIGRAVITY_VISUAL_QA,2026-09-26T03:55:00+07:00
4410,CAND_004410,LOW,ADD,0,person,val,WEB08961.jpg,"(0.19071875, 0.69101124, 0.04706250, 0.09831461)",None,Visible usable person instance (pedestrian/firefighter/civilian); tight accurate bounding box.,ANTIGRAVITY_VISUAL_QA,2026-09-26T03:55:00+07:00
4411,CAND_004411,LOW,ADD,0,person,train,WEB03873.jpg,"(0.43672819, 0.40586310, 0.07030201, 0.19434524)",None,Visible usable person instance (pedestrian/firefighter/civilian); tight accurate bounding box.,ANTIGRAVITY_VISUAL_QA,2026-09-26T03:55:00+07:00
4412,CAND_004412,LOW,ADD,0,person,train,WEB03930.jpg,"(0.38046875, 0.42013889, 0.04218750, 0.27083333)",None,Visible usable person instance (pedestrian/firefighter/civilian); tight accurate bounding box.,ANTIGRAVITY_VISUAL_QA,2026-09-26T03:55:00+07:00
4413,CAND_004413,LOW,REJECT,0,person,val,WEB06832.jpg,"(0.33495974, 0.92929952, 0.01913043, 0.03516908)",None,Tiny ambiguous silhouette (11x14 px); insufficient pixel resolution to verify human instance.,ANTIGRAVITY_VISUAL_QA,2026-09-26T03:55:00+07:00
4414,CAND_004414,LOW,REJECT,0,person,train,WEB01152.jpg,"(0.54101562, 0.68750000, 0.01250000, 0.05000000)",None,Tiny ambiguous silhouette (8x18 px); insufficient pixel resolution to verify human instance.,ANTIGRAVITY_VISUAL_QA,2026-09-26T03:55:00+07:00
4415,CAND_004415,LOW,ADD,0,person,train,WEB02794.jpg,"(0.25546900, 0.80608833, 0.01562798, 0.06511041)",None,Visible usable person instance (pedestrian/firefighter/civilian); tight accurate bounding box.,ANTIGRAVITY_VISUAL_QA,2026-09-26T03:55:00+07:00
4416,CAND_004416,LOW,ADJUST_BBOX,0,person,train,WEB03362.jpg,"(0.29043991, 0.96014984, 0.05315451, 0.07812303)","(0.29043991, 0.96054416, 0.05315451, 0.07891167)",Visible valid person instance at image boundary; coordinate clamped to frame edge.,ANTIGRAVITY_VISUAL_QA,2026-09-26T03:55:00+07:00
4417,CAND_004417,LOW,ADJUST_BBOX,0,person,train,WEB05402.jpg,"(0.84082292, 0.43490278, 0.31210417, 0.85625000)","(0.84238542, 0.43490278, 0.31522917, 0.85625000)",Visible valid person instance at image boundary; coordinate clamped to frame edge.,ANTIGRAVITY_VISUAL_QA,2026-09-26T03:55:00+07:00
4418,CAND_004418,LOW,REJECT,0,person,train,WEB07259.jpg,"(0.28164167, 0.69480000, 0.01445000, 0.04791111)",None,Tiny ambiguous silhouette (8x21 px); insufficient pixel resolution to verify human instance.,ANTIGRAVITY_VISUAL_QA,2026-09-26T03:55:00+07:00
4419,CAND_004419,LOW,ADD,1,helmet,train,WEB07837.jpg,"(0.72187500, 0.51406250, 0.03906250, 0.03333333)",None,Genuine safety hardhat/firefighter helmet on personnel; clear rigid shell structure and tight bounding box.,ANTIGRAVITY_VISUAL_QA,2026-09-26T03:55:00+07:00
4420,CAND_004420,LOW,REJECT,0,person,train,WEB08751.jpg,"(0.54595588, 0.55545833, 0.03034314, 0.05469444)",None,Tiny ambiguous silhouette (6x19 px); insufficient pixel resolution to verify human instance.,ANTIGRAVITY_VISUAL_QA,2026-09-26T03:55:00+07:00
4421,CAND_004421,LOW,ADD,0,person,train,WEB08753.jpg,"(0.53906863, 0.59179167, 0.04960784, 0.06952778)",None,Visible usable person instance (pedestrian/firefighter/civilian); tight accurate bounding box.,ANTIGRAVITY_VISUAL_QA,2026-09-26T03:55:00+07:00
4422,CAND_004422,LOW,ADD,0,person,val,WEB04221.jpg,"(0.49726714, 0.69360553, 0.03671353, 0.12062814)",None,Visible usable person instance (pedestrian/firefighter/civilian); tight accurate bounding box.,ANTIGRAVITY_VISUAL_QA,2026-09-26T03:55:00+07:00
4423,CAND_004423,LOW,ADD,0,person,val,WEB06352.jpg,"(0.42968750, 0.52637076, 0.01953125, 0.02924282)",None,Visible usable person instance (pedestrian/firefighter/civilian); tight accurate bounding box.,ANTIGRAVITY_VISUAL_QA,2026-09-26T03:55:00+07:00
4424,CAND_004424,LOW,ADD,0,person,test,WEB11452.jpg,"(0.26210916, 0.78462025, 0.06171159, 0.18450271)",None,Visible usable person instance (pedestrian/firefighter/civilian); tight accurate bounding box.,ANTIGRAVITY_VISUAL_QA,2026-09-26T03:55:00+07:00
4425,CAND_004425,LOW,ADD,0,person,train,WEB06068.jpg,"(0.65273437, 0.63055556, 0.02890625, 0.12222222)",None,Visible usable person instance (pedestrian/firefighter/civilian); tight accurate bounding box.,ANTIGRAVITY_VISUAL_QA,2026-09-26T03:55:00+07:00
4426,CAND_004426,LOW,ADD,0,person,train,WEB06182.jpg,"(0.73515820, 0.06111916, 0.03593819, 0.12223833)",None,Visible usable person instance (pedestrian/firefighter/civilian); tight accurate bounding box.,ANTIGRAVITY_VISUAL_QA,2026-09-26T03:55:00+07:00
4427,CAND_004427,LOW,ADD,0,person,train,WEB07955.jpg,"(0.69062500, 0.87500958, 0.02500000, 0.13055556)",None,Visible usable person instance (pedestrian/firefighter/civilian); tight accurate bounding box.,ANTIGRAVITY_VISUAL_QA,2026-09-26T03:55:00+07:00
4428,CAND_004428,LOW,ADD,0,person,train,WEB08421.jpg,"(0.22929688, 0.54861111, 0.02734375, 0.11388889)",None,Visible usable person instance (pedestrian/firefighter/civilian); tight accurate bounding box.,ANTIGRAVITY_VISUAL_QA,2026-09-26T03:55:00+07:00
4429,CAND_004429,LOW,ADD,0,person,val,PublicDataset00901.jpg,"(0.16914773, 0.90042857, 0.03125000, 0.05657143)",None,Visible usable person instance (pedestrian/firefighter/civilian); tight accurate bounding box.,ANTIGRAVITY_VISUAL_QA,2026-09-26T03:55:00+07:00
4430,CAND_004430,LOW,ADD,0,person,val,WEB04392.jpg,"(0.58125000, 0.60625323, 0.02812016, 0.09271318)",None,Visible usable person instance (pedestrian/firefighter/civilian); tight accurate bounding box.,ANTIGRAVITY_VISUAL_QA,2026-09-26T03:55:00+07:00
4431,CAND_004431,LOW,REJECT,0,person,val,WEB08660.jpg,"(0.23781863, 0.94844444, 0.20681373, 0.10311111)",None,"False positive person detection on vertical inanimate structure/object (conf=0.295, aspect=0.88); non-human object.",ANTIGRAVITY_VISUAL_QA,2026-09-26T03:55:00+07:00
4432,CAND_004432,LOW,ADD,0,person,test,WEB11449.jpg,"(0.97187751, 0.97430000, 0.02500000, 0.05140000)",None,Visible usable person instance (pedestrian/firefighter/civilian); tight accurate bounding box.,ANTIGRAVITY_VISUAL_QA,2026-09-26T03:55:00+07:00
4433,CAND_004433,LOW,ADJUST_BBOX,0,person,train,WEB03362.jpg,"(0.16209227, 0.97031546, 0.04783262, 0.05624606)","(0.16209227, 0.97109621, 0.04783262, 0.05780757)",Visible valid person instance at image boundary; coordinate clamped to frame edge.,ANTIGRAVITY_VISUAL_QA,2026-09-26T03:55:00+07:00
4434,CAND_004434,LOW,ADJUST_BBOX,0,person,train,WEB04918.jpg,"(0.08457921, 0.47098611, 0.16638614, 0.37363889)","(0.08388614, 0.47098611, 0.16777228, 0.37363889)",Visible valid person instance at image boundary; coordinate clamped to frame edge.,ANTIGRAVITY_VISUAL_QA,2026-09-26T03:55:00+07:00
4435,CAND_004435,LOW,ADD,0,person,train,WEB06274.jpg,"(0.34296667, 0.80158777, 0.03360000, 0.13867850)",None,Visible usable person instance (pedestrian/firefighter/civilian); tight accurate bounding box.,ANTIGRAVITY_VISUAL_QA,2026-09-26T03:55:00+07:00
4436,CAND_004436,LOW,REJECT,0,person,train,WEB07259.jpg,"(0.14160000, 0.68751111, 0.01406667, 0.03333333)",None,Tiny ambiguous silhouette (8x15 px); insufficient pixel resolution to verify human instance.,ANTIGRAVITY_VISUAL_QA,2026-09-26T03:55:00+07:00
4437,CAND_004437,LOW,ADD,0,person,train,WEB07955.jpg,"(0.64766164, 0.86944444, 0.01875000, 0.12084291)",None,Visible usable person instance (pedestrian/firefighter/civilian); tight accurate bounding box.,ANTIGRAVITY_VISUAL_QA,2026-09-26T03:55:00+07:00
4438,CAND_004438,LOW,ADD,1,helmet,train,WEB08832.jpg,"(0.80859375, 0.24618056, 0.12968750, 0.18541667)",None,Genuine safety hardhat/firefighter helmet on personnel; clear rigid shell structure and tight bounding box.,ANTIGRAVITY_VISUAL_QA,2026-09-26T03:55:00+07:00
4439,CAND_004439,LOW,ADD,0,person,train,WEB08853.jpg,"(0.35507813, 0.71527778, 0.12578125, 0.31388889)",None,Visible usable person instance (pedestrian/firefighter/civilian); tight accurate bounding box.,ANTIGRAVITY_VISUAL_QA,2026-09-26T03:55:00+07:00
4440,CAND_004440,LOW,ADD,0,person,train,WEB09097.jpg,"(0.28202997, 0.93029691, 0.04452316, 0.13076010)",None,Visible usable person instance (pedestrian/firefighter/civilian); tight accurate bounding box.,ANTIGRAVITY_VISUAL_QA,2026-09-26T03:55:00+07:00
4441,CAND_004441,LOW,ADD,0,person,val,WEB08962.jpg,"(0.83906250, 0.94662921, 0.04687500, 0.10674157)",None,Visible usable person instance (pedestrian/firefighter/civilian); tight accurate bounding box.,ANTIGRAVITY_VISUAL_QA,2026-09-26T03:55:00+07:00
4442,CAND_004442,LOW,ADD,0,person,test,WEB11557.jpg,"(0.19550000, 0.50555556, 0.04218750, 0.23888889)",None,Visible usable person instance (pedestrian/firefighter/civilian); tight accurate bounding box.,ANTIGRAVITY_VISUAL_QA,2026-09-26T03:55:00+07:00
4443,CAND_004443,LOW,ADD,0,person,test,WEB11683.jpg,"(0.44960937, 0.69305556, 0.02265625, 0.06111111)",None,Visible usable person instance (pedestrian/firefighter/civilian); tight accurate bounding box.,ANTIGRAVITY_VISUAL_QA,2026-09-26T03:55:00+07:00
4444,CAND_004444,LOW,ADD,0,person,train,AoF07460.jpg,"(0.15429688, 0.63194444, 0.01601562, 0.05972222)",None,Visible usable person instance (pedestrian/firefighter/civilian); tight accurate bounding box.,ANTIGRAVITY_VISUAL_QA,2026-09-26T03:55:00+07:00
4445,CAND_004445,LOW,REJECT,0,person,train,WEB00262.jpg,"(0.17725000, 0.95416667, 0.06387500, 0.08611111)",None,"False positive person detection on vertical inanimate structure/object (conf=0.293, aspect=0.76); non-human object.",ANTIGRAVITY_VISUAL_QA,2026-09-26T03:55:00+07:00
4446,CAND_004446,LOW,ADD,0,person,train,WEB01155.jpg,"(0.43046875, 0.68177778, 0.01875000, 0.05033333)",None,Visible usable person instance (pedestrian/firefighter/civilian); tight accurate bounding box.,ANTIGRAVITY_VISUAL_QA,2026-09-26T03:55:00+07:00
4447,CAND_004447,LOW,ADD,0,person,train,WEB02656.jpg,"(0.44218333, 0.62083333, 0.03906667, 0.09375556)",None,Visible usable person instance (pedestrian/firefighter/civilian); tight accurate bounding box.,ANTIGRAVITY_VISUAL_QA,2026-09-26T03:55:00+07:00
4448,CAND_004448,LOW,ADD,0,person,train,WEB03947.jpg,"(0.98046875, 0.39305556, 0.03906250, 0.13055556)",None,Visible usable person instance (pedestrian/firefighter/civilian); tight accurate bounding box.,ANTIGRAVITY_VISUAL_QA,2026-09-26T03:55:00+07:00
4449,CAND_004449,LOW,ADD,0,person,train,WEB07939.jpg,"(0.07705469, 0.37567935, 0.03242188, 0.14538043)",None,Visible usable person instance (pedestrian/firefighter/civilian); tight accurate bounding box.,ANTIGRAVITY_VISUAL_QA,2026-09-26T03:55:00+07:00
4450,CAND_004450,LOW,REJECT,0,person,train,WEB08751.jpg,"(0.62590686, 0.55625000, 0.03857843, 0.05311111)",None,Tiny ambiguous silhouette (7x19 px); insufficient pixel resolution to verify human instance.,ANTIGRAVITY_VISUAL_QA,2026-09-26T03:55:00+07:00
4451,CAND_004451,LOW,REJECT,0,person,train,WEB08983.jpg,"(0.85490099, 0.37538889, 0.28821782, 0.45938889)",None,False positive person detection on dark billowing smoke plume (IoU=0.38 with GT smoke).,ANTIGRAVITY_VISUAL_QA,2026-09-26T03:55:00+07:00
4452,CAND_004452,LOW,ADD,0,person,train,WEB09403.jpg,"(0.13779687, 0.52083333, 0.03046875, 0.14166667)",None,Visible usable person instance (pedestrian/firefighter/civilian); tight accurate bounding box.,ANTIGRAVITY_VISUAL_QA,2026-09-26T03:55:00+07:00
4453,CAND_004453,LOW,ADD,0,person,test,PublicDataset01300.jpg,"(0.80390833, 0.81680000, 0.02188333, 0.09845000)",None,Visible usable person instance (pedestrian/firefighter/civilian); tight accurate bounding box.,ANTIGRAVITY_VISUAL_QA,2026-09-26T03:55:00+07:00
4454,CAND_004454,LOW,ADD,0,person,train,AoF02883.jpg,"(0.15449219, 0.63090278, 0.01640625, 0.05763889)",None,Visible usable person instance (pedestrian/firefighter/civilian); tight accurate bounding box.,ANTIGRAVITY_VISUAL_QA,2026-09-26T03:55:00+07:00
4455,CAND_004455,LOW,ADD,0,person,train,WEB02559.jpg,"(0.66093750, 0.66822917, 0.06562500, 0.11770833)",None,Visible usable person instance (pedestrian/firefighter/civilian); tight accurate bounding box.,ANTIGRAVITY_VISUAL_QA,2026-09-26T03:55:00+07:00
4456,CAND_004456,LOW,ADJUST_BBOX,0,person,train,WEB03179.jpg,"(0.92031486, 0.71989967, 0.15780856, 0.20538462)","(0.92070529, 0.71989967, 0.15858942, 0.20538462)",Visible valid person instance at image boundary; coordinate clamped to frame edge.,ANTIGRAVITY_VISUAL_QA,2026-09-26T03:55:00+07:00
4457,CAND_004457,LOW,REJECT,0,person,train,WEB07376.jpg,"(0.04917279, 0.49517528, 0.09736520, 0.98566421)",None,"Unusable extreme frame edge truncation (9.7%w x 98.6%h, aspect=6.72) showing only marginal body sliver.",ANTIGRAVITY_VISUAL_QA,2026-09-26T03:55:00+07:00
4458,CAND_004458,LOW,ADD,0,person,train,WEB07678.jpg,"(0.27578204, 0.82252294, 0.01796165, 0.03693578)",None,Visible usable person instance (pedestrian/firefighter/civilian); tight accurate bounding box.,ANTIGRAVITY_VISUAL_QA,2026-09-26T03:55:00+07:00
4459,CAND_004459,LOW,ADD,0,person,train,WEB07960.jpg,"(0.51796875, 0.53611111, 0.05000000, 0.20277778)",None,Visible usable person instance (pedestrian/firefighter/civilian); tight accurate bounding box.,ANTIGRAVITY_VISUAL_QA,2026-09-26T03:55:00+07:00
4460,CAND_004460,LOW,ADJUST_BBOX,0,person,train,WEB09284.jpg,"(0.83437963, 0.91172222, 0.07968519, 0.17344444)","(0.83437963, 0.91250000, 0.07968519, 0.17500000)",Visible valid person instance at image boundary; coordinate clamped to frame edge.,ANTIGRAVITY_VISUAL_QA,2026-09-26T03:55:00+07:00
4461,CAND_004461,LOW,ADD,0,person,val,WEB07601.jpg,"(0.62578301, 0.70694649, 0.01406346, 0.07322878)",None,Visible usable person instance (pedestrian/firefighter/civilian); tight accurate bounding box.,ANTIGRAVITY_VISUAL_QA,2026-09-26T03:55:00+07:00
4462,CAND_004462,LOW,ADD,0,person,test,WEB10302.jpg,"(0.15175906, 0.79405099, 0.02890547, 0.09031161)",None,Visible usable person instance (pedestrian/firefighter/civilian); tight accurate bounding box.,ANTIGRAVITY_VISUAL_QA,2026-09-26T03:55:00+07:00
4463,CAND_004463,LOW,ADD,0,person,test,WEB11449.jpg,"(0.60468876, 0.96204545, 0.01875502, 0.06507273)",None,Visible usable person instance (pedestrian/firefighter/civilian); tight accurate bounding box.,ANTIGRAVITY_VISUAL_QA,2026-09-26T03:55:00+07:00
4464,CAND_004464,LOW,ADD,0,person,train,WEB07259.jpg,"(0.43593333, 0.70624444, 0.02110000, 0.06875556)",None,Visible usable person instance (pedestrian/firefighter/civilian); tight accurate bounding box.,ANTIGRAVITY_VISUAL_QA,2026-09-26T03:55:00+07:00
4465,CAND_004465,LOW,ADD,0,person,train,WEB07716.jpg,"(0.06825994, 0.74539122, 0.01933405, 0.08604962)",None,Visible usable person instance (pedestrian/firefighter/civilian); tight accurate bounding box.,ANTIGRAVITY_VISUAL_QA,2026-09-26T03:55:00+07:00
4466,CAND_004466,LOW,ADD,0,person,train,WEB09351.jpg,"(0.51132813, 0.77500000, 0.02265625, 0.09722222)",None,Visible usable person instance (pedestrian/firefighter/civilian); tight accurate bounding box.,ANTIGRAVITY_VISUAL_QA,2026-09-26T03:55:00+07:00
4467,CAND_004467,LOW,ADD,0,person,train,WEB02465.jpg,"(0.72968783, 0.40823086, 0.01562434, 0.05230858)",None,Visible usable person instance (pedestrian/firefighter/civilian); tight accurate bounding box.,ANTIGRAVITY_VISUAL_QA,2026-09-26T03:55:00+07:00
4468,CAND_004468,LOW,ADD,1,helmet,train,WEB03816.jpg,"(0.60781250, 0.15000000, 0.06171875, 0.11805556)",None,Genuine safety hardhat/firefighter helmet on personnel; clear rigid shell structure and tight bounding box.,ANTIGRAVITY_VISUAL_QA,2026-09-26T03:55:00+07:00
4469,CAND_004469,LOW,ADD,0,person,train,WEB03923.jpg,"(0.03798438, 0.51388889, 0.02968750, 0.10972222)",None,Visible usable person instance (pedestrian/firefighter/civilian); tight accurate bounding box.,ANTIGRAVITY_VISUAL_QA,2026-09-26T03:55:00+07:00
4470,CAND_004470,LOW,ADD,1,helmet,train,WEB04075.jpg,"(0.64531008, 0.32255489, 0.09297158, 0.08267465)",None,Genuine safety hardhat/firefighter helmet on personnel; clear rigid shell structure and tight bounding box.,ANTIGRAVITY_VISUAL_QA,2026-09-26T03:55:00+07:00
4471,CAND_004471,LOW,REJECT,0,person,train,WEB06784.jpg,"(0.95685417, 0.83105542, 0.08629167, 0.33477594)",None,"Unusable extreme frame edge truncation (8.6%w x 33.5%h, aspect=6.85) showing only marginal body sliver.",ANTIGRAVITY_VISUAL_QA,2026-09-26T03:55:00+07:00
4472,CAND_004472,LOW,ADD,1,helmet,train,WEB07305.jpg,"(0.84062768, 0.65542902, 0.02812232, 0.03407176)",None,Genuine safety hardhat/firefighter helmet on personnel; clear rigid shell structure and tight bounding box.,ANTIGRAVITY_VISUAL_QA,2026-09-26T03:55:00+07:00
4473,CAND_004473,LOW,ADD,1,helmet,train,WEB07513.jpg,"(0.26327963, 0.67110153, 0.02421174, 0.03381226)",None,Genuine safety hardhat/firefighter helmet on personnel; clear rigid shell structure and tight bounding box.,ANTIGRAVITY_VISUAL_QA,2026-09-26T03:55:00+07:00
4474,CAND_004474,LOW,ADD,0,person,train,WEB07592.jpg,"(0.88437500, 0.69568627, 0.02811709, 0.05254902)",None,Visible usable person instance (pedestrian/firefighter/civilian); tight accurate bounding box.,ANTIGRAVITY_VISUAL_QA,2026-09-26T03:55:00+07:00
4475,CAND_004475,LOW,ADD,0,person,train,WEB07599.jpg,"(0.04753894, 0.45084270, 0.02065421, 0.08314607)",None,Visible usable person instance (pedestrian/firefighter/civilian); tight accurate bounding box.,ANTIGRAVITY_VISUAL_QA,2026-09-26T03:55:00+07:00
4476,CAND_004476,LOW,ADD,0,person,train,WEB07764.jpg,"(0.30020000, 0.37940774, 0.02305000, 0.09111617)",None,Visible usable person instance (pedestrian/firefighter/civilian); tight accurate bounding box.,ANTIGRAVITY_VISUAL_QA,2026-09-26T03:55:00+07:00
4477,CAND_004477,LOW,REJECT,0,person,train,WEB08494.jpg,"(0.54648585, 0.53138542, 0.04608491, 0.07177083)",None,"False positive person detection on vertical inanimate structure/object (conf=0.291, aspect=0.88); non-human object.",ANTIGRAVITY_VISUAL_QA,2026-09-26T03:55:00+07:00
4478,CAND_004478,LOW,ADJUST_BBOX,0,person,train,WEB08975.jpg,"(0.34529703, 0.06356944, 0.06821782, 0.12169444)","(0.34529703, 0.06220833, 0.06821782, 0.12441667)",Visible valid person instance at image boundary; coordinate clamped to frame edge.,ANTIGRAVITY_VISUAL_QA,2026-09-26T03:55:00+07:00
4479,CAND_004479,LOW,REJECT,0,person,train,WEB09079.jpg,"(0.50208696, 0.75859375, 0.99373913, 0.48125000)",None,"False positive person detection on vertical inanimate structure/object (conf=0.291, aspect=0.86); non-human object.",ANTIGRAVITY_VISUAL_QA,2026-09-26T03:55:00+07:00
4480,CAND_004480,LOW,ADD,0,person,train,WEB09169.jpg,"(0.60234483, 0.76855814, 0.04531034, 0.20793798)",None,Visible usable person instance (pedestrian/firefighter/civilian); tight accurate bounding box.,ANTIGRAVITY_VISUAL_QA,2026-09-26T03:55:00+07:00
4481,CAND_004481,LOW,ADD,1,helmet,val,WEB06783.jpg,"(0.48169792, 0.52070165, 0.04693750, 0.02343160)",None,Genuine safety hardhat/firefighter helmet on personnel; clear rigid shell structure and tight bounding box.,ANTIGRAVITY_VISUAL_QA,2026-09-26T03:55:00+07:00
4482,CAND_004482,LOW,ADD,0,person,val,WEB07611.jpg,"(0.31171429, 0.65902542, 0.01796825, 0.09454802)",None,Visible usable person instance (pedestrian/firefighter/civilian); tight accurate bounding box.,ANTIGRAVITY_VISUAL_QA,2026-09-26T03:55:00+07:00
4483,CAND_004483,LOW,REJECT,1,helmet,val,WEB08067.jpg,"(0.38457051, 0.64570192, 0.01952564, 0.02813462)",None,False positive helmet detection misaligned with person anatomy (not on head region).,ANTIGRAVITY_VISUAL_QA,2026-09-26T03:55:00+07:00
4484,CAND_004484,LOW,ADD,0,person,test,WEB10211.jpg,"(0.65823593, 0.77851550, 0.03629870, 0.07889070)",None,Visible usable person instance (pedestrian/firefighter/civilian); tight accurate bounding box.,ANTIGRAVITY_VISUAL_QA,2026-09-26T03:55:00+07:00
4485,CAND_004485,LOW,ADJUST_BBOX,0,person,train,PublicDataset00927.jpg,"(0.01381536, 0.55951368, 0.02730392, 0.17148936)","(0.01373366, 0.55951368, 0.02746732, 0.17148936)",Visible valid person instance at image boundary; coordinate clamped to frame edge.,ANTIGRAVITY_VISUAL_QA,2026-09-26T03:55:00+07:00
4486,CAND_004486,LOW,ADD,0,person,train,WEB00918.jpg,"(0.85937500, 0.61388889, 0.03750000, 0.06666667)",None,Visible usable person instance (pedestrian/firefighter/civilian); tight accurate bounding box.,ANTIGRAVITY_VISUAL_QA,2026-09-26T03:55:00+07:00
4487,CAND_004487,LOW,ADD,0,person,train,WEB03816.jpg,"(0.60937500, 0.23125000, 0.08281250, 0.27500000)",None,Visible usable person instance (pedestrian/firefighter/civilian); tight accurate bounding box.,ANTIGRAVITY_VISUAL_QA,2026-09-26T03:55:00+07:00
4488,CAND_004488,LOW,ADD,0,person,train,WEB06790.jpg,"(0.94130208, 0.48593750, 0.04693750, 0.05937500)",None,Visible usable person instance (pedestrian/firefighter/civilian); tight accurate bounding box.,ANTIGRAVITY_VISUAL_QA,2026-09-26T03:55:00+07:00
4489,CAND_004489,LOW,ADD,0,person,train,WEB07713.jpg,"(0.66601598, 0.86344828, 0.11406393, 0.25821501)",None,Visible usable person instance (pedestrian/firefighter/civilian); tight accurate bounding box.,ANTIGRAVITY_VISUAL_QA,2026-09-26T03:55:00+07:00
4490,CAND_004490,LOW,ADD,0,person,train,WEB08716.jpg,"(0.51249815, 0.50196059, 0.01484109, 0.06457143)",None,Visible usable person instance (pedestrian/firefighter/civilian); tight accurate bounding box.,ANTIGRAVITY_VISUAL_QA,2026-09-26T03:55:00+07:00
4491,CAND_004491,LOW,REJECT,1,helmet,train,WEB04112.jpg,"(0.45234375, 0.24201389, 0.22812500, 0.33541667)",None,Oversized false positive detection (22.8%w x 33.5%h) on non-helmet background object.,ANTIGRAVITY_VISUAL_QA,2026-09-26T03:55:00+07:00
4492,CAND_004492,LOW,ADD,0,person,train,WEB07494.jpg,"(0.94530882, 0.53882892, 0.03438235, 0.10710794)",None,Visible usable person instance (pedestrian/firefighter/civilian); tight accurate bounding box.,ANTIGRAVITY_VISUAL_QA,2026-09-26T03:55:00+07:00
4493,CAND_004493,LOW,ADD,1,helmet,train,WEB07560.jpg,"(0.77968750, 0.49305556, 0.03750000, 0.05277778)",None,Genuine safety hardhat/firefighter helmet on personnel; clear rigid shell structure and tight bounding box.,ANTIGRAVITY_VISUAL_QA,2026-09-26T03:55:00+07:00
4494,CAND_004494,LOW,ADD,0,person,val,WEB06782.jpg,"(0.47065625, 0.52890920, 0.03864583, 0.04531840)",None,Visible usable person instance (pedestrian/firefighter/civilian); tight accurate bounding box.,ANTIGRAVITY_VISUAL_QA,2026-09-26T03:55:00+07:00
4495,CAND_004495,LOW,ADD,0,person,test,WEB11765.jpg,"(0.60156250, 0.49930556, 0.25312500, 0.58333333)",None,Visible usable person instance (pedestrian/firefighter/civilian); tight accurate bounding box.,ANTIGRAVITY_VISUAL_QA,2026-09-26T03:55:00+07:00
4496,CAND_004496,LOW,ADD,0,person,train,PublicDataset00587.jpg,"(0.92968750, 0.88958333, 0.01875000, 0.08472222)",None,Visible usable person instance (pedestrian/firefighter/civilian); tight accurate bounding box.,ANTIGRAVITY_VISUAL_QA,2026-09-26T03:55:00+07:00
4497,CAND_004497,LOW,ADD,0,person,train,WEB03919.jpg,"(0.34980469, 0.58611111, 0.02617188, 0.10555556)",None,Visible usable person instance (pedestrian/firefighter/civilian); tight accurate bounding box.,ANTIGRAVITY_VISUAL_QA,2026-09-26T03:55:00+07:00
4498,CAND_004498,LOW,REJECT,0,person,train,WEB06769.jpg,"(0.19902344, 0.39375000, 0.02031250, 0.06388889)",None,False positive person detection on dark billowing smoke plume (IoU=0.65 with GT smoke).,ANTIGRAVITY_VISUAL_QA,2026-09-26T03:55:00+07:00
4499,CAND_004499,LOW,ADD,0,person,train,WEB06781.jpg,"(0.78119792, 0.54687500, 0.02760417, 0.04844340)",None,Visible usable person instance (pedestrian/firefighter/civilian); tight accurate bounding box.,ANTIGRAVITY_VISUAL_QA,2026-09-26T03:55:00+07:00
4500,CAND_004500,LOW,ADD,0,person,train,WEB07123.jpg,"(0.34570312, 0.52500000, 0.01289062, 0.05138889)",None,Visible usable person instance (pedestrian/firefighter/civilian); tight accurate bounding box.,ANTIGRAVITY_VISUAL_QA,2026-09-26T03:55:00+07:00
4501,CAND_004501,LOW,ADD,0,person,train,WEB09019.jpg,"(0.47031250, 0.80277778, 0.03593750, 0.10833333)",None,Visible usable person instance (pedestrian/firefighter/civilian); tight accurate bounding box.,ANTIGRAVITY_VISUAL_QA,2026-09-26T03:55:00+07:00
4502,CAND_004502,LOW,ADD,0,person,test,WEB11084.jpg,"(0.81204241, 0.72265704, 0.05274554, 0.09609296)",None,Visible usable person instance (pedestrian/firefighter/civilian); tight accurate bounding box.,ANTIGRAVITY_VISUAL_QA,2026-09-26T03:55:00+07:00
4503,CAND_004503,LOW,ADD,0,person,train,WEB03523.jpg,"(0.77890213, 0.70330084, 0.02656211, 0.12314763)",None,Visible usable person instance (pedestrian/firefighter/civilian); tight accurate bounding box.,ANTIGRAVITY_VISUAL_QA,2026-09-26T03:55:00+07:00
4504,CAND_004504,LOW,REJECT,1,helmet,train,WEB05462.jpg,"(0.15468750, 0.41250000, 0.02916667, 0.01718750)",None,Distant blurred head silhouette (11x8 px); insufficient pixels to verify safety helmet.,ANTIGRAVITY_VISUAL_QA,2026-09-26T03:55:00+07:00
4505,CAND_004505,LOW,ADD,0,person,train,WEB07537.jpg,"(0.19179687, 0.46447140, 0.02500000, 0.10814558)",None,Visible usable person instance (pedestrian/firefighter/civilian); tight accurate bounding box.,ANTIGRAVITY_VISUAL_QA,2026-09-26T03:55:00+07:00
4506,CAND_004506,LOW,REJECT,1,helmet,train,WEB07936.jpg,"(0.48945312, 0.21739130, 0.21718750, 0.32336957)",None,Oversized false positive detection (21.7%w x 32.3%h) on non-helmet background object.,ANTIGRAVITY_VISUAL_QA,2026-09-26T03:55:00+07:00
4507,CAND_004507,LOW,ADD,0,person,train,WEB08432.jpg,"(0.13828125, 0.55347222, 0.06953125, 0.22638889)",None,Visible usable person instance (pedestrian/firefighter/civilian); tight accurate bounding box.,ANTIGRAVITY_VISUAL_QA,2026-09-26T03:55:00+07:00
4508,CAND_004508,LOW,ADD,0,person,train,WEB08709.jpg,"(0.68750000, 0.76808333, 0.02578616, 0.11594444)",None,Visible usable person instance (pedestrian/firefighter/civilian); tight accurate bounding box.,ANTIGRAVITY_VISUAL_QA,2026-09-26T03:55:00+07:00
4509,CAND_004509,LOW,ADD,0,person,train,WEB08901.jpg,"(0.55312500, 0.77916667, 0.02343750, 0.16666667)",None,Visible usable person instance (pedestrian/firefighter/civilian); tight accurate bounding box.,ANTIGRAVITY_VISUAL_QA,2026-09-26T03:55:00+07:00
4510,CAND_004510,LOW,ADD,0,person,val,WEB03902.jpg,"(0.14394531, 0.29930556, 0.03476563, 0.14027778)",None,Visible usable person instance (pedestrian/firefighter/civilian); tight accurate bounding box.,ANTIGRAVITY_VISUAL_QA,2026-09-26T03:55:00+07:00
4511,CAND_004511,LOW,ADD,0,person,val,WEB03941.jpg,"(0.23906250, 0.45000000, 0.03281250, 0.16944444)",None,Visible usable person instance (pedestrian/firefighter/civilian); tight accurate bounding box.,ANTIGRAVITY_VISUAL_QA,2026-09-26T03:55:00+07:00
4512,CAND_004512,LOW,ADD,0,person,val,WEB07218.jpg,"(0.39921875, 0.50000000, 0.03671875, 0.14722222)",None,Visible usable person instance (pedestrian/firefighter/civilian); tight accurate bounding box.,ANTIGRAVITY_VISUAL_QA,2026-09-26T03:55:00+07:00
4513,CAND_004513,LOW,ADD,0,person,val,WEB09287.jpg,"(0.16425926, 0.64569444, 0.02870370, 0.11250000)",None,Visible usable person instance (pedestrian/firefighter/civilian); tight accurate bounding box.,ANTIGRAVITY_VISUAL_QA,2026-09-26T03:55:00+07:00
4514,CAND_004514,LOW,ADD,0,person,test,WEB10221.jpg,"(0.69140833, 0.72160485, 0.02187777, 0.07422254)",None,Visible usable person instance (pedestrian/firefighter/civilian); tight accurate bounding box.,ANTIGRAVITY_VISUAL_QA,2026-09-26T03:55:00+07:00
4515,CAND_004515,LOW,ADD,0,person,test,WEB11440.jpg,"(0.82589286, 0.46406250, 0.05022321, 0.08282500)",None,Visible usable person instance (pedestrian/firefighter/civilian); tight accurate bounding box.,ANTIGRAVITY_VISUAL_QA,2026-09-26T03:55:00+07:00
4516,CAND_004516,LOW,ADD,0,person,train,WEB02377.jpg,"(0.02065107, 0.52793046, 0.03070796, 0.05218543)",None,Visible usable person instance (pedestrian/firefighter/civilian); tight accurate bounding box.,ANTIGRAVITY_VISUAL_QA,2026-09-26T03:55:00+07:00
4517,CAND_004517,LOW,ADD,0,person,train,WEB03914.jpg,"(0.31757812, 0.51597222, 0.05859375, 0.19027778)",None,Visible usable person instance (pedestrian/firefighter/civilian); tight accurate bounding box.,ANTIGRAVITY_VISUAL_QA,2026-09-26T03:55:00+07:00
4518,CAND_004518,LOW,ADD,0,person,train,WEB06528.jpg,"(0.29746180, 0.60382353, 0.02069610, 0.07914027)",None,Visible usable person instance (pedestrian/firefighter/civilian); tight accurate bounding box.,ANTIGRAVITY_VISUAL_QA,2026-09-26T03:55:00+07:00
4519,CAND_004519,LOW,REJECT,0,person,train,WEB07092.jpg,"(0.01001172, 0.75138889, 0.01967969, 0.06388889)",None,"Unusable extreme frame edge truncation (2.0%w x 6.4%h, aspect=1.83) showing only marginal body sliver.",ANTIGRAVITY_VISUAL_QA,2026-09-26T03:55:00+07:00
4520,CAND_004520,LOW,ADJUST_BBOX,0,person,train,WEB07955.jpg,"(0.91875000, 0.91042146, 0.04375000, 0.17777778)","(0.91875000, 0.91076628, 0.04375000, 0.17846743)",Visible valid person instance at image boundary; coordinate clamped to frame edge.,ANTIGRAVITY_VISUAL_QA,2026-09-26T03:55:00+07:00
4521,CAND_004521,LOW,ADD,0,person,train,WEB09166.jpg,"(0.75625118, 0.72470588, 0.01405687, 0.03572755)",None,Visible usable person instance (pedestrian/firefighter/civilian); tight accurate bounding box.,ANTIGRAVITY_VISUAL_QA,2026-09-26T03:55:00+07:00
4522,CAND_004522,LOW,ADD,0,person,test,WEB10541.jpg,"(0.81875000, 0.46539189, 0.04530645, 0.07986486)",None,Visible usable person instance (pedestrian/firefighter/civilian); tight accurate bounding box.,ANTIGRAVITY_VISUAL_QA,2026-09-26T03:55:00+07:00
4523,CAND_004523,LOW,ADD,0,person,test,WEB11528.jpg,"(0.79765625, 0.93611111, 0.02812500, 0.07500000)",None,Visible usable person instance (pedestrian/firefighter/civilian); tight accurate bounding box.,ANTIGRAVITY_VISUAL_QA,2026-09-26T03:55:00+07:00
4524,CAND_004524,LOW,REJECT,0,person,test,WEB11665.jpg,"(0.33955446, 0.56795833, 0.04772277, 0.06875000)",None,Tiny ambiguous silhouette (9x24 px); insufficient pixel resolution to verify human instance.,ANTIGRAVITY_VISUAL_QA,2026-09-26T03:55:00+07:00
4525,CAND_004525,LOW,ADD,0,person,train,PublicDataset00889.jpg,"(0.64765625, 0.77142857, 0.03593750, 0.12915851)",None,Visible usable person instance (pedestrian/firefighter/civilian); tight accurate bounding box.,ANTIGRAVITY_VISUAL_QA,2026-09-26T03:55:00+07:00
4526,CAND_004526,LOW,REJECT,0,person,train,WEB03936.jpg,"(0.80449219, 0.34513889, 0.38789062, 0.67638889)",None,False positive person detection on dark billowing smoke plume (IoU=0.68 with GT smoke).,ANTIGRAVITY_VISUAL_QA,2026-09-26T03:55:00+07:00
4527,CAND_004527,LOW,ADD,1,helmet,train,WEB06163.jpg,"(0.68281250, 0.45990000, 0.09532500, 0.13750000)",None,Genuine safety hardhat/firefighter helmet on personnel; clear rigid shell structure and tight bounding box.,ANTIGRAVITY_VISUAL_QA,2026-09-26T03:55:00+07:00
4528,CAND_004528,LOW,REJECT,0,person,train,WEB06264.jpg,"(0.65468500, 0.84022202, 0.02969000, 0.24978686)",None,"False positive person detection on vertical inanimate structure/object (conf=0.286, aspect=4.74); non-human object.",ANTIGRAVITY_VISUAL_QA,2026-09-26T03:55:00+07:00
4529,CAND_004529,LOW,ADD,0,person,train,WEB07123.jpg,"(0.32070312, 0.53611111, 0.01601562, 0.03333333)",None,Visible usable person instance (pedestrian/firefighter/civilian); tight accurate bounding box.,ANTIGRAVITY_VISUAL_QA,2026-09-26T03:55:00+07:00
4530,CAND_004530,LOW,ADD,0,person,train,WEB07955.jpg,"(0.21953664, 0.84305556, 0.02187500, 0.11944444)",None,Visible usable person instance (pedestrian/firefighter/civilian); tight accurate bounding box.,ANTIGRAVITY_VISUAL_QA,2026-09-26T03:55:00+07:00
4531,CAND_004531,LOW,ADD,0,person,train,WEB08842.jpg,"(0.12949219, 0.46527778, 0.02245313, 0.12083333)",None,Visible usable person instance (pedestrian/firefighter/civilian); tight accurate bounding box.,ANTIGRAVITY_VISUAL_QA,2026-09-26T03:55:00+07:00
4532,CAND_004532,LOW,ADD,1,helmet,val,WEB03941.jpg,"(0.75468750, 0.37083333, 0.02968750, 0.04027778)",None,Genuine safety hardhat/firefighter helmet on personnel; clear rigid shell structure and tight bounding box.,ANTIGRAVITY_VISUAL_QA,2026-09-26T03:55:00+07:00
4533,CAND_004533,LOW,ADD,1,helmet,val,WEB07237.jpg,"(0.63125000, 0.69434839, 0.10000000, 0.09677419)",None,Genuine safety hardhat/firefighter helmet on personnel; clear rigid shell structure and tight bounding box.,ANTIGRAVITY_VISUAL_QA,2026-09-26T03:55:00+07:00
4534,CAND_004534,LOW,ADD,0,person,test,PublicDataset01300.jpg,"(0.87890833, 0.81035000, 0.02188333, 0.09845000)",None,Visible usable person instance (pedestrian/firefighter/civilian); tight accurate bounding box.,ANTIGRAVITY_VISUAL_QA,2026-09-26T03:55:00+07:00
4535,CAND_004535,LOW,ADD,0,person,test,WEB10556.jpg,"(0.65312579, 0.89382841, 0.05467925, 0.13293358)",None,Visible usable person instance (pedestrian/firefighter/civilian); tight accurate bounding box.,ANTIGRAVITY_VISUAL_QA,2026-09-26T03:55:00+07:00
4536,CAND_004536,LOW,ADD,0,person,test,WEB10571.jpg,"(0.58945252, 0.59374677, 0.03516473, 0.09271318)",None,Visible usable person instance (pedestrian/firefighter/civilian); tight accurate bounding box.,ANTIGRAVITY_VISUAL_QA,2026-09-26T03:55:00+07:00
4537,CAND_004537,LOW,REJECT,0,person,train,AoF02502.jpg,"(0.47031250, 0.13411806, 0.18515625, 0.26198611)",None,"False positive person detection on vertical inanimate structure/object (conf=0.285, aspect=0.80); non-human object.",ANTIGRAVITY_VISUAL_QA,2026-09-26T03:55:00+07:00
4538,CAND_004538,LOW,REJECT,0,person,train,AoF04688.jpg,"(0.02083594, 0.32048611, 0.04132813, 0.09652778)",None,False positive person detection on flame region (IoU=0.78 with GT fire).,ANTIGRAVITY_VISUAL_QA,2026-09-26T03:55:00+07:00
4539,CAND_004539,LOW,ADD,0,person,train,PublicDataset00906.jpg,"(0.51132581, 0.65769474, 0.02344147, 0.12128421)",None,Visible usable person instance (pedestrian/firefighter/civilian); tight accurate bounding box.,ANTIGRAVITY_VISUAL_QA,2026-09-26T03:55:00+07:00
4540,CAND_004540,LOW,REJECT,0,person,train,WEB02150.jpg,"(0.39765612, 0.69669986, 0.02578684, 0.21889047)",None,"False positive person detection on vertical inanimate structure/object (conf=0.285, aspect=4.97); non-human object.",ANTIGRAVITY_VISUAL_QA,2026-09-26T03:55:00+07:00
4541,CAND_004541,LOW,REJECT,0,person,train,WEB03978.jpg,"(0.42187500, 0.54257812, 0.01250000, 0.05039063)",None,Tiny ambiguous silhouette (9x25 px); insufficient pixel resolution to verify human instance.,ANTIGRAVITY_VISUAL_QA,2026-09-26T03:55:00+07:00
4542,CAND_004542,LOW,REJECT,0,person,train,WEB08747.jpg,"(0.65625000, 0.54062500, 0.03583333, 0.05625000)",None,Tiny ambiguous silhouette (7x20 px); insufficient pixel resolution to verify human instance.,ANTIGRAVITY_VISUAL_QA,2026-09-26T03:55:00+07:00
4543,CAND_004543,LOW,ADD,0,person,val,WEB06430.jpg,"(0.97291667, 0.67617187, 0.02916667, 0.04062500)",None,Visible usable person instance (pedestrian/firefighter/civilian); tight accurate bounding box.,ANTIGRAVITY_VISUAL_QA,2026-09-26T03:55:00+07:00
4544,CAND_004544,LOW,ADD,0,person,test,PublicDataset01295.jpg,"(0.48866949, 0.67557252, 0.02344068, 0.07740458)",None,Visible usable person instance (pedestrian/firefighter/civilian); tight accurate bounding box.,ANTIGRAVITY_VISUAL_QA,2026-09-26T03:55:00+07:00
4545,CAND_004545,LOW,REJECT,0,person,test,WEB11189.jpg,"(0.07402344, 0.09340278, 0.10410937, 0.14722222)",None,"False positive person detection on vertical inanimate structure/object (conf=0.285, aspect=0.80); non-human object.",ANTIGRAVITY_VISUAL_QA,2026-09-26T03:55:00+07:00
4546,CAND_004546,LOW,ADD,0,person,train,AoF07582.jpg,"(0.73710937, 0.49565972, 0.17890625, 0.48645833)",None,Visible usable person instance (pedestrian/firefighter/civilian); tight accurate bounding box.,ANTIGRAVITY_VISUAL_QA,2026-09-26T03:55:00+07:00
4547,CAND_004547,LOW,REJECT,1,helmet,train,WEB04259.jpg,"(0.90937582, 0.71154848, 0.14374507, 0.16002894)",None,False positive helmet detection on background scene; no person instance present.,ANTIGRAVITY_VISUAL_QA,2026-09-26T03:55:00+07:00
4548,CAND_004548,LOW,ADD,0,person,train,WEB06781.jpg,"(0.68320833, 0.53515920, 0.03037500, 0.02890330)",None,Visible usable person instance (pedestrian/firefighter/civilian); tight accurate bounding box.,ANTIGRAVITY_VISUAL_QA,2026-09-26T03:55:00+07:00
4549,CAND_004549,LOW,ADD,0,person,train,WEB07929.jpg,"(0.74921875, 0.40468750, 0.02968750, 0.11979167)",None,Visible usable person instance (pedestrian/firefighter/civilian); tight accurate bounding box.,ANTIGRAVITY_VISUAL_QA,2026-09-26T03:55:00+07:00
4550,CAND_004550,LOW,ADD,1,helmet,train,WEB08831.jpg,"(0.84980469, 0.23125000, 0.13476562, 0.17361111)",None,Genuine safety hardhat/firefighter helmet on personnel; clear rigid shell structure and tight bounding box.,ANTIGRAVITY_VISUAL_QA,2026-09-26T03:55:00+07:00
4551,CAND_004551,LOW,ADD,0,person,train,WEB09286.jpg,"(0.40273148, 0.87304167, 0.03672222, 0.18513889)",None,Visible usable person instance (pedestrian/firefighter/civilian); tight accurate bounding box.,ANTIGRAVITY_VISUAL_QA,2026-09-26T03:55:00+07:00
4552,CAND_004552,LOW,REJECT,1,helmet,val,WEB07927.jpg,"(0.92187500, 0.20520833, 0.15625000, 0.20104167)",None,Oversized false positive detection (15.6%w x 20.1%h) on non-helmet background object.,ANTIGRAVITY_VISUAL_QA,2026-09-26T03:55:00+07:00
4553,CAND_004553,LOW,ADD,0,person,test,PublicDataset01328.jpg,"(0.78437383, 0.76349167, 0.02343925, 0.15325000)",None,Visible usable person instance (pedestrian/firefighter/civilian); tight accurate bounding box.,ANTIGRAVITY_VISUAL_QA,2026-09-26T03:55:00+07:00
4554,CAND_004554,LOW,REJECT,0,person,test,WEB09728.jpg,"(0.11562500, 0.64444444, 0.00975000, 0.03611111)",None,Tiny ambiguous silhouette (6x13 px); insufficient pixel resolution to verify human instance.,ANTIGRAVITY_VISUAL_QA,2026-09-26T03:55:00+07:00
4555,CAND_004555,LOW,REJECT,0,person,test,WEB11132.jpg,"(0.43407292, 0.39336085, 0.03864583, 0.04844340)",None,False positive person detection on flame region (IoU=0.35 with GT fire).,ANTIGRAVITY_VISUAL_QA,2026-09-26T03:55:00+07:00
4556,CAND_004556,LOW,ADD,0,person,test,WEB11372.jpg,"(0.97343750, 0.70277778, 0.01875000, 0.07500000)",None,Visible usable person instance (pedestrian/firefighter/civilian); tight accurate bounding box.,ANTIGRAVITY_VISUAL_QA,2026-09-26T03:55:00+07:00
4557,CAND_004557,LOW,ADJUST_BBOX,0,person,train,WEB03362.jpg,"(0.22932403, 0.96797319, 0.04517167, 0.06093060)","(0.22932403, 0.96875394, 0.04517167, 0.06249211)",Visible valid person instance at image boundary; coordinate clamped to frame edge.,ANTIGRAVITY_VISUAL_QA,2026-09-26T03:55:00+07:00
4558,CAND_004558,LOW,ADD,0,person,train,WEB03527.jpg,"(0.26523370, 0.73906511, 0.03905289, 0.09225376)",None,Visible usable person instance (pedestrian/firefighter/civilian); tight accurate bounding box.,ANTIGRAVITY_VISUAL_QA,2026-09-26T03:55:00+07:00
4559,CAND_004559,LOW,ADD,0,person,train,WEB06028.jpg,"(0.65235016, 0.82794737, 0.07968454, 0.16684211)",None,Visible usable person instance (pedestrian/firefighter/civilian); tight accurate bounding box.,ANTIGRAVITY_VISUAL_QA,2026-09-26T03:55:00+07:00
4560,CAND_004560,LOW,ADD,0,person,train,WEB06068.jpg,"(0.50937500, 0.63750000, 0.02343750, 0.17500000)",None,Visible usable person instance (pedestrian/firefighter/civilian); tight accurate bounding box.,ANTIGRAVITY_VISUAL_QA,2026-09-26T03:55:00+07:00
4561,CAND_004561,LOW,REJECT,0,person,train,WEB06977.jpg,"(0.12763542, 0.50416667, 0.02068750, 0.06250000)",None,Tiny ambiguous silhouette (9x22 px); insufficient pixel resolution to verify human instance.,ANTIGRAVITY_VISUAL_QA,2026-09-26T03:55:00+07:00
4562,CAND_004562,LOW,ADJUST_BBOX,0,person,train,WEB09760.jpg,"(0.06855469, 0.77916667, 0.13632812, 0.42500000)","(0.06835938, 0.77916667, 0.13671875, 0.42500000)",Visible valid person instance at image boundary; coordinate clamped to frame edge.,ANTIGRAVITY_VISUAL_QA,2026-09-26T03:55:00+07:00
4563,CAND_004563,LOW,REJECT,0,person,test,WEB10373.jpg,"(0.43398726, 0.97581772, 0.04453503, 0.04597956)",None,"False positive person detection on vertical inanimate structure/object (conf=0.283, aspect=0.77); non-human object.",ANTIGRAVITY_VISUAL_QA,2026-09-26T03:55:00+07:00
4564,CAND_004564,LOW,ADD,0,person,test,WEB10473.jpg,"(0.40390625, 0.46250000, 0.07500000, 0.17222222)",None,Visible usable person instance (pedestrian/firefighter/civilian); tight accurate bounding box.,ANTIGRAVITY_VISUAL_QA,2026-09-26T03:55:00+07:00
4565,CAND_004565,LOW,REJECT,0,person,test,WEB10655.jpg,"(0.75429687, 0.36319444, 0.43984375, 0.67361111)",None,"False positive person detection on vertical inanimate structure/object (conf=0.283, aspect=0.86); non-human object.",ANTIGRAVITY_VISUAL_QA,2026-09-26T03:55:00+07:00
4566,CAND_004566,LOW,ADD,0,person,test,WEB11478.jpg,"(0.10546429, 0.75649541, 0.03203061, 0.12080734)",None,Visible usable person instance (pedestrian/firefighter/civilian); tight accurate bounding box.,ANTIGRAVITY_VISUAL_QA,2026-09-26T03:55:00+07:00
4567,CAND_004567,LOW,REJECT,0,person,test,WEB11634.jpg,"(0.48281250, 0.49375000, 0.51406250, 0.80416667)",None,False positive person detection on dark billowing smoke plume (IoU=0.36 with GT smoke).,ANTIGRAVITY_VISUAL_QA,2026-09-26T03:55:00+07:00
4568,CAND_004568,LOW,ADD,0,person,train,WEB02151.jpg,"(0.74609375, 0.93194444, 0.06562500, 0.13055556)",None,Visible usable person instance (pedestrian/firefighter/civilian); tight accurate bounding box.,ANTIGRAVITY_VISUAL_QA,2026-09-26T03:55:00+07:00
4569,CAND_004569,LOW,ADD,0,person,train,WEB03978.jpg,"(0.77031250, 0.54609375, 0.01796875, 0.06328125)",None,Visible usable person instance (pedestrian/firefighter/civilian); tight accurate bounding box.,ANTIGRAVITY_VISUAL_QA,2026-09-26T03:55:00+07:00
4570,CAND_004570,LOW,ADD,0,person,train,WEB04038.jpg,"(0.09023125, 0.53072500, 0.07148750, 0.13438333)",None,Visible usable person instance (pedestrian/firefighter/civilian); tight accurate bounding box.,ANTIGRAVITY_VISUAL_QA,2026-09-26T03:55:00+07:00
4571,CAND_004571,LOW,REJECT,0,person,train,WEB05412.jpg,"(0.32656250, 0.63750000, 0.01406250, 0.06388889)",None,Tiny ambiguous silhouette (9x23 px); insufficient pixel resolution to verify human instance.,ANTIGRAVITY_VISUAL_QA,2026-09-26T03:55:00+07:00
4572,CAND_004572,LOW,ADD,0,person,train,WEB07211.jpg,"(0.48203125, 0.43750000, 0.04843750, 0.21666667)",None,Visible usable person instance (pedestrian/firefighter/civilian); tight accurate bounding box.,ANTIGRAVITY_VISUAL_QA,2026-09-26T03:55:00+07:00
4573,CAND_004573,LOW,ADD,0,person,train,WEB07786.jpg,"(0.97812500, 0.84862222, 0.04375000, 0.08888889)",None,Visible usable person instance (pedestrian/firefighter/civilian); tight accurate bounding box.,ANTIGRAVITY_VISUAL_QA,2026-09-26T03:55:00+07:00
4574,CAND_004574,LOW,ADD,0,person,train,WEB07973.jpg,"(0.08251875, 0.39772727, 0.05566250, 0.25386847)",None,Visible usable person instance (pedestrian/firefighter/civilian); tight accurate bounding box.,ANTIGRAVITY_VISUAL_QA,2026-09-26T03:55:00+07:00
4575,CAND_004575,LOW,ADD,0,person,train,WEB08290.jpg,"(0.98750000, 0.73055556, 0.02500000, 0.18333333)",None,Visible usable person instance (pedestrian/firefighter/civilian); tight accurate bounding box.,ANTIGRAVITY_VISUAL_QA,2026-09-26T03:55:00+07:00
4576,CAND_004576,LOW,ADD,0,person,train,WEB09384.jpg,"(0.86796875, 0.77485795, 0.08125000, 0.13352273)",None,Visible usable person instance (pedestrian/firefighter/civilian); tight accurate bounding box.,ANTIGRAVITY_VISUAL_QA,2026-09-26T03:55:00+07:00
4577,CAND_004577,LOW,REJECT,1,helmet,val,WEB06305.jpg,"(0.81562500, 0.45378378, 0.02188333, 0.02073710)",None,Distant blurred head silhouette (13x8 px); insufficient pixels to verify safety helmet.,ANTIGRAVITY_VISUAL_QA,2026-09-26T03:55:00+07:00
4578,CAND_004578,LOW,ADD,1,helmet,val,WEB08994.jpg,"(0.49140417, 0.51236372, 0.03594167, 0.03788534)",None,Genuine safety hardhat/firefighter helmet on personnel; clear rigid shell structure and tight bounding box.,ANTIGRAVITY_VISUAL_QA,2026-09-26T03:55:00+07:00
4579,CAND_004579,LOW,ADD,0,person,test,WEB11039.jpg,"(0.50820417, 0.92776706, 0.03437500, 0.13630564)",None,Visible usable person instance (pedestrian/firefighter/civilian); tight accurate bounding box.,ANTIGRAVITY_VISUAL_QA,2026-09-26T03:55:00+07:00
4580,CAND_004580,LOW,ADD,0,person,test,WEB11220.jpg,"(0.32109375, 0.53611111, 0.01796875, 0.03611111)",None,Visible usable person instance (pedestrian/firefighter/civilian); tight accurate bounding box.,ANTIGRAVITY_VISUAL_QA,2026-09-26T03:55:00+07:00
4581,CAND_004581,LOW,ADJUST_BBOX,0,person,train,WEB02755.jpg,"(0.57070085, 0.98168353, 0.02343368, 0.03599711)","(0.57070085, 0.98184249, 0.02343368, 0.03631503)",Visible valid person instance at image boundary; coordinate clamped to frame edge.,ANTIGRAVITY_VISUAL_QA,2026-09-26T03:55:00+07:00
4582,CAND_004582,LOW,ADD,0,person,train,WEB03482.jpg,"(0.11699524, 0.79471698, 0.03202857, 0.17262700)",None,Visible usable person instance (pedestrian/firefighter/civilian); tight accurate bounding box.,ANTIGRAVITY_VISUAL_QA,2026-09-26T03:55:00+07:00
4583,CAND_004583,LOW,ADD,0,person,train,WEB03527.jpg,"(0.83749692, 0.66696995, 0.02813038, 0.10178631)",None,Visible usable person instance (pedestrian/firefighter/civilian); tight accurate bounding box.,ANTIGRAVITY_VISUAL_QA,2026-09-26T03:55:00+07:00
4584,CAND_004584,LOW,ADD,0,person,train,WEB08424.jpg,"(0.32304688, 0.55902778, 0.08515625, 0.35138889)",None,Visible usable person instance (pedestrian/firefighter/civilian); tight accurate bounding box.,ANTIGRAVITY_VISUAL_QA,2026-09-26T03:55:00+07:00
4585,CAND_004585,LOW,REJECT,0,person,train,WEB08896.jpg,"(0.51914063, 0.56736111, 0.01484375, 0.05277778)",None,Tiny ambiguous silhouette (9x19 px); insufficient pixel resolution to verify human instance.,ANTIGRAVITY_VISUAL_QA,2026-09-26T03:55:00+07:00
4586,CAND_004586,LOW,ADD,0,person,test,WEB10264.jpg,"(0.61054688, 0.60972222, 0.03671875, 0.13888889)",None,Visible usable person instance (pedestrian/firefighter/civilian); tight accurate bounding box.,ANTIGRAVITY_VISUAL_QA,2026-09-26T03:55:00+07:00
4587,CAND_004587,LOW,REJECT,0,person,test,WEB11130.jpg,"(0.97926042, 0.65000000, 0.04002083, 0.10702830)",None,"False positive person detection on vertical inanimate structure/object (conf=0.281, aspect=4.72); non-human object.",ANTIGRAVITY_VISUAL_QA,2026-09-26T03:55:00+07:00
4588,CAND_004588,LOW,ADD,0,person,train,PublicDataset00951.jpg,"(0.34481000, 0.77187602, 0.02010000, 0.04061990)",None,Visible usable person instance (pedestrian/firefighter/civilian); tight accurate bounding box.,ANTIGRAVITY_VISUAL_QA,2026-09-26T03:55:00+07:00
4589,CAND_004589,LOW,ADD,0,person,train,WEB03967.jpg,"(0.61015504, 0.59116179, 0.02031008, 0.13044750)",None,Visible usable person instance (pedestrian/firefighter/civilian); tight accurate bounding box.,ANTIGRAVITY_VISUAL_QA,2026-09-26T03:55:00+07:00
4590,CAND_004590,LOW,ADD,0,person,train,WEB04968.jpg,"(0.04750630, 0.78966000, 0.02841310, 0.13524000)",None,Visible usable person instance (pedestrian/firefighter/civilian); tight accurate bounding box.,ANTIGRAVITY_VISUAL_QA,2026-09-26T03:55:00+07:00
4591,CAND_004591,LOW,ADJUST_BBOX,0,person,train,WEB07472.jpg,"(0.22519531, 0.95448878, 0.04570312, 0.08852868)","(0.22519531, 0.95511222, 0.04570312, 0.08977556)",Visible valid person instance at image boundary; coordinate clamped to frame edge.,ANTIGRAVITY_VISUAL_QA,2026-09-26T03:55:00+07:00
4592,CAND_004592,LOW,ADJUST_BBOX,0,person,train,WEB07972.jpg,"(0.94687424, 0.88412148, 0.07343101, 0.22763557)","(0.94687424, 0.88515184, 0.07343101, 0.22969631)",Visible valid person instance at image boundary; coordinate clamped to frame edge.,ANTIGRAVITY_VISUAL_QA,2026-09-26T03:55:00+07:00
4593,CAND_004593,LOW,REJECT,0,person,train,WEB08896.jpg,"(0.53984375, 0.56666667, 0.01250000, 0.05555556)",None,Tiny ambiguous silhouette (8x20 px); insufficient pixel resolution to verify human instance.,ANTIGRAVITY_VISUAL_QA,2026-09-26T03:55:00+07:00
4594,CAND_004594,LOW,ADD,0,person,train,WEB09217.jpg,"(0.89687000, 0.72454493, 0.03750000, 0.07740783)",None,Visible usable person instance (pedestrian/firefighter/civilian); tight accurate bounding box.,ANTIGRAVITY_VISUAL_QA,2026-09-26T03:55:00+07:00
4595,CAND_004595,LOW,ADD,0,person,train,WEB09759.jpg,"(0.55781250, 0.72361111, 0.02812500, 0.07222222)",None,Visible usable person instance (pedestrian/firefighter/civilian); tight accurate bounding box.,ANTIGRAVITY_VISUAL_QA,2026-09-26T03:55:00+07:00
4596,CAND_004596,LOW,ADD,0,person,val,WEB05321.jpg,"(0.03916016, 0.50694444, 0.01338281, 0.05000000)",None,Visible usable person instance (pedestrian/firefighter/civilian); tight accurate bounding box.,ANTIGRAVITY_VISUAL_QA,2026-09-26T03:55:00+07:00
4597,CAND_004597,LOW,REJECT,0,person,train,WEB01154.jpg,"(0.58085937, 0.69027778, 0.01562500, 0.04166667)",None,Tiny ambiguous silhouette (10x15 px); insufficient pixel resolution to verify human instance.,ANTIGRAVITY_VISUAL_QA,2026-09-26T03:55:00+07:00
4598,CAND_004598,LOW,REJECT,0,person,train,WEB03209.jpg,"(0.51328321, 0.97525729, 0.01874687, 0.04704974)",None,"Unusable extreme frame edge truncation (1.9%w x 4.7%h, aspect=1.83) showing only marginal body sliver.",ANTIGRAVITY_VISUAL_QA,2026-09-26T03:55:00+07:00
4599,CAND_004599,LOW,REJECT,0,person,train,WEB08748.jpg,"(0.93887255, 0.49881944, 0.03862745, 0.07030556)",None,Tiny ambiguous silhouette (7x25 px); insufficient pixel resolution to verify human instance.,ANTIGRAVITY_VISUAL_QA,2026-09-26T03:55:00+07:00
4600,CAND_004600,LOW,ADD,0,person,train,WEB08862.jpg,"(0.33671875, 0.47083333, 0.01993750, 0.08611111)",None,Visible usable person instance (pedestrian/firefighter/civilian); tight accurate bounding box.,ANTIGRAVITY_VISUAL_QA,2026-09-26T03:55:00+07:00
4601,CAND_004601,LOW,ADD,0,person,train,WEB08941.jpg,"(0.50960396, 0.58672222, 0.08910891, 0.11405556)",None,Visible usable person instance (pedestrian/firefighter/civilian); tight accurate bounding box.,ANTIGRAVITY_VISUAL_QA,2026-09-26T03:55:00+07:00
4602,CAND_004602,LOW,REJECT,0,person,test,AoF07789.jpg,"(0.33496094, 0.80277778, 0.01445313, 0.05277778)",None,"False positive person detection on vertical inanimate structure/object (conf=0.280, aspect=2.05); non-human object.",ANTIGRAVITY_VISUAL_QA,2026-09-26T03:55:00+07:00
4603,CAND_004603,LOW,REJECT,0,person,test,PublicDataset01078.jpg,"(0.27187500, 0.52500000, 0.11329167, 0.12711111)",None,False positive person detection on dark billowing smoke plume (IoU=0.67 with GT smoke).,ANTIGRAVITY_VISUAL_QA,2026-09-26T03:55:00+07:00
4604,CAND_004604,LOW,REJECT,0,person,train,WEB03786.jpg,"(0.98125000, 0.65416667, 0.01562500, 0.05000000)",None,"False positive person detection on vertical inanimate structure/object (conf=0.280, aspect=2.40); non-human object.",ANTIGRAVITY_VISUAL_QA,2026-09-26T03:55:00+07:00
4605,CAND_004605,LOW,REJECT,0,person,train,WEB05545.jpg,"(0.45585938, 0.63888889, 0.03203125, 0.08611111)",None,"False positive person detection on vertical inanimate structure/object (conf=0.280, aspect=1.51); non-human object.",ANTIGRAVITY_VISUAL_QA,2026-09-26T03:55:00+07:00
4606,CAND_004606,LOW,REJECT,0,person,train,WEB07125.jpg,"(0.32109375, 0.53402778, 0.01718750, 0.03750000)",None,"False positive person detection on vertical inanimate structure/object (conf=0.280, aspect=1.23); non-human object.",ANTIGRAVITY_VISUAL_QA,2026-09-26T03:55:00+07:00
4607,CAND_004607,LOW,REJECT,0,person,train,WEB08196.jpg,"(0.87812500, 0.74285714, 0.03125000, 0.14642857)",None,"False positive person detection on vertical inanimate structure/object (conf=0.280, aspect=2.05); non-human object.",ANTIGRAVITY_VISUAL_QA,2026-09-26T03:55:00+07:00
4608,CAND_004608,LOW,REJECT,0,person,train,WEB08842.jpg,"(0.17675781, 0.46666667, 0.01835938, 0.10277778)",None,"False positive person detection on vertical inanimate structure/object (conf=0.280, aspect=3.15); non-human object.",ANTIGRAVITY_VISUAL_QA,2026-09-26T03:55:00+07:00
4609,CAND_004609,LOW,REJECT,0,person,train,WEB09288.jpg,"(0.31054630, 0.46581944, 0.05312963, 0.17580556)",None,"False positive person detection on vertical inanimate structure/object (conf=0.280, aspect=2.21); non-human object.",ANTIGRAVITY_VISUAL_QA,2026-09-26T03:55:00+07:00
4610,CAND_004610,LOW,REJECT,0,person,train,WEB09564.jpg,"(0.33164063, 0.88750000, 0.01875000, 0.10833333)",None,"False positive person detection on vertical inanimate structure/object (conf=0.280, aspect=3.25); non-human object.",ANTIGRAVITY_VISUAL_QA,2026-09-26T03:55:00+07:00
4611,CAND_004611,LOW,REJECT,0,person,train,WEB06528.jpg,"(0.39414261, 0.59757919, 0.01718166, 0.06036199)",None,"False positive person detection on vertical inanimate structure/object (conf=0.279, aspect=2.64); non-human object.",ANTIGRAVITY_VISUAL_QA,2026-09-26T03:55:00+07:00
4612,CAND_004612,LOW,REJECT,0,person,train,WEB06787.jpg,"(0.22636458, 0.63906250, 0.16010417, 0.16015330)",None,"False positive person detection on vertical inanimate structure/object (conf=0.279, aspect=1.77); non-human object.",ANTIGRAVITY_VISUAL_QA,2026-09-26T03:55:00+07:00
4613,CAND_004613,LOW,REJECT,0,person,train,WEB07206.jpg,"(0.52031250, 0.40277778, 0.03593750, 0.16388889)",None,"False positive person detection on vertical inanimate structure/object (conf=0.279, aspect=2.57); non-human object.",ANTIGRAVITY_VISUAL_QA,2026-09-26T03:55:00+07:00
4614,CAND_004614,LOW,REJECT,0,person,train,WEB07678.jpg,"(0.75703330, 0.81399083, 0.01562059, 0.09660550)",None,"False positive person detection on vertical inanimate structure/object (conf=0.279, aspect=3.40); non-human object.",ANTIGRAVITY_VISUAL_QA,2026-09-26T03:55:00+07:00
4615,CAND_004615,LOW,REJECT,0,person,train,WEB09286.jpg,"(0.97265741, 0.88476389, 0.05468519, 0.22030556)",None,"False positive person detection on vertical inanimate structure/object (conf=0.279, aspect=2.69); non-human object.",ANTIGRAVITY_VISUAL_QA,2026-09-26T03:55:00+07:00
4616,CAND_004616,LOW,REJECT,0,person,train,PublicDataset00981.jpg,"(0.56171875, 0.52259887, 0.03046250, 0.08945386)",None,"False positive person detection on vertical inanimate structure/object (conf=0.278, aspect=1.95); non-human object.",ANTIGRAVITY_VISUAL_QA,2026-09-26T03:55:00+07:00
4617,CAND_004617,LOW,REJECT,0,person,train,WEB01999.jpg,"(0.45468750, 0.58280556, 0.02812500, 0.07394444)",None,"False positive person detection on vertical inanimate structure/object (conf=0.278, aspect=1.97); non-human object.",ANTIGRAVITY_VISUAL_QA,2026-09-26T03:55:00+07:00
4618,CAND_004618,LOW,REJECT,0,person,train,WEB03209.jpg,"(0.49492481, 0.87901372, 0.01406015, 0.05133791)",None,"False positive person detection on vertical inanimate structure/object (conf=0.278, aspect=2.67); non-human object.",ANTIGRAVITY_VISUAL_QA,2026-09-26T03:55:00+07:00
4619,CAND_004619,LOW,REJECT,0,person,train,WEB03967.jpg,"(0.54921512, 0.58074871, 0.02968992, 0.14569707)",None,"False positive person detection on vertical inanimate structure/object (conf=0.278, aspect=2.76); non-human object.",ANTIGRAVITY_VISUAL_QA,2026-09-26T03:55:00+07:00
4620,CAND_004620,LOW,REJECT,0,person,train,WEB07224.jpg,"(0.44062500, 0.52500000, 0.03906250, 0.16944444)",None,"False positive person detection on vertical inanimate structure/object (conf=0.278, aspect=2.44); non-human object.",ANTIGRAVITY_VISUAL_QA,2026-09-26T03:55:00+07:00
4621,CAND_004621,LOW,ADD,1,helmet,train,WEB08358.jpg,"(0.53593750, 0.31583578, 0.02812500, 0.03225806)",None,Genuine safety hardhat/firefighter helmet on personnel; clear rigid shell structure and tight bounding box.,ANTIGRAVITY_VISUAL_QA,2026-09-26T03:55:00+07:00
4622,CAND_004622,LOW,REJECT,0,person,train,WEB08657.jpg,"(0.70036765, 0.17773611, 0.50455882, 0.35391667)",None,False positive person detection on dark billowing smoke plume (IoU=0.87 with GT smoke).,ANTIGRAVITY_VISUAL_QA,2026-09-26T03:55:00+07:00
4623,CAND_004623,LOW,REJECT,0,person,train,WEB08708.jpg,"(0.62030660, 0.68595833, 0.03281447, 0.17113889)",None,"False positive person detection on vertical inanimate structure/object (conf=0.278, aspect=2.95); non-human object.",ANTIGRAVITY_VISUAL_QA,2026-09-26T03:55:00+07:00
4624,CAND_004624,LOW,REJECT,0,person,train,WEB09018.jpg,"(0.41962500, 0.76527778, 0.04825000, 0.11944444)",None,"False positive person detection on vertical inanimate structure/object (conf=0.278, aspect=1.39); non-human object.",ANTIGRAVITY_VISUAL_QA,2026-09-26T03:55:00+07:00
4625,CAND_004625,LOW,REJECT,0,person,train,PublicDataset00981.jpg,"(0.36952500, 0.58321092, 0.05000000, 0.20363465)",None,"False positive person detection on vertical inanimate structure/object (conf=0.278, aspect=2.70); non-human object.",ANTIGRAVITY_VISUAL_QA,2026-09-26T03:55:00+07:00
4626,CAND_004626,LOW,REJECT,0,person,train,WEB04053.jpg,"(0.56093500, 0.59150675, 0.01563000, 0.06676162)",None,"False positive person detection on vertical inanimate structure/object (conf=0.278, aspect=2.85); non-human object.",ANTIGRAVITY_VISUAL_QA,2026-09-26T03:55:00+07:00
4627,CAND_004627,LOW,REJECT,0,person,train,WEB07143.jpg,"(0.94922222, 0.05679487, 0.02657143, 0.10816850)",None,False positive person detection on dark billowing smoke plume (IoU=0.56 with GT smoke).,ANTIGRAVITY_VISUAL_QA,2026-09-26T03:55:00+07:00
4628,CAND_004628,LOW,REJECT,0,person,train,WEB08430.jpg,"(0.02572656, 0.58055556, 0.05107813, 0.35833333)",None,"False positive person detection on vertical inanimate structure/object (conf=0.278, aspect=3.95); non-human object.",ANTIGRAVITY_VISUAL_QA,2026-09-26T03:55:00+07:00
4629,CAND_004629,LOW,REJECT,0,person,train,WEB09318.jpg,"(0.57421875, 0.90767045, 0.01875000, 0.11079545)",None,"False positive person detection on vertical inanimate structure/object (conf=0.278, aspect=3.25); non-human object.",ANTIGRAVITY_VISUAL_QA,2026-09-26T03:55:00+07:00
4630,CAND_004630,LOW,REJECT,0,person,val,WEB06421.jpg,"(0.04144828, 0.52696667, 0.08241379, 0.92473333)",None,"Unusable extreme frame edge truncation (8.2%w x 92.5%h, aspect=5.80) showing only marginal body sliver.",ANTIGRAVITY_VISUAL_QA,2026-09-26T03:55:00+07:00
4631,CAND_004631,LOW,REJECT,0,person,val,WEB07140.jpg,"(0.77265625, 0.83472222, 0.14843750, 0.31666667)",None,"False positive person detection on vertical inanimate structure/object (conf=0.278, aspect=1.20); non-human object.",ANTIGRAVITY_VISUAL_QA,2026-09-26T03:55:00+07:00
4632,CAND_004632,LOW,REJECT,0,person,test,PublicDataset01298.jpg,"(0.47187500, 0.41245431, 0.01328333, 0.03671018)",None,"False positive person detection on vertical inanimate structure/object (conf=0.277, aspect=1.76); non-human object.",ANTIGRAVITY_VISUAL_QA,2026-09-26T03:55:00+07:00
4633,CAND_004633,LOW,ADD,1,helmet,test,WEB10520.jpg,"(0.68320313, 0.40767045, 0.05546875, 0.07670455)",None,Genuine safety hardhat/firefighter helmet on personnel; clear rigid shell structure and tight bounding box.,ANTIGRAVITY_VISUAL_QA,2026-09-26T03:55:00+07:00
4634,CAND_004634,LOW,REJECT,0,person,test,WEB11752.jpg,"(0.55937037, 0.68202778, 0.02500000, 0.08672222)",None,"False positive person detection on vertical inanimate structure/object (conf=0.277, aspect=2.31); non-human object.",ANTIGRAVITY_VISUAL_QA,2026-09-26T03:55:00+07:00
4635,CAND_004635,LOW,REJECT,0,person,train,WEB00843.jpg,"(0.05214844, 0.70833333, 0.02129687, 0.06944444)",None,"False positive person detection on vertical inanimate structure/object (conf=0.277, aspect=1.83); non-human object.",ANTIGRAVITY_VISUAL_QA,2026-09-26T03:55:00+07:00
4636,CAND_004636,LOW,REJECT,0,person,train,WEB03209.jpg,"(0.67031328, 0.91644082, 0.01406015, 0.04276158)",None,"False positive person detection on vertical inanimate structure/object (conf=0.277, aspect=2.22); non-human object.",ANTIGRAVITY_VISUAL_QA,2026-09-26T03:55:00+07:00
4637,CAND_004637,LOW,REJECT,0,person,train,WEB03948.jpg,"(0.35390625, 0.54375000, 0.03750000, 0.18611111)",None,"False positive person detection on vertical inanimate structure/object (conf=0.277, aspect=2.79); non-human object.",ANTIGRAVITY_VISUAL_QA,2026-09-26T03:55:00+07:00
4638,CAND_004638,LOW,REJECT,0,person,train,WEB07935.jpg,"(0.43632813, 0.70380435, 0.16796875, 0.57880435)",None,"False positive person detection on vertical inanimate structure/object (conf=0.277, aspect=1.98); non-human object.",ANTIGRAVITY_VISUAL_QA,2026-09-26T03:55:00+07:00
4639,CAND_004639,LOW,REJECT,0,person,train,WEB08424.jpg,"(0.98359375, 0.38333333, 0.03281250, 0.23611111)",None,"False positive person detection on vertical inanimate structure/object (conf=0.277, aspect=4.05); non-human object.",ANTIGRAVITY_VISUAL_QA,2026-09-26T03:55:00+07:00
4640,CAND_004640,LOW,REJECT,1,helmet,train,WEB08984.jpg,"(0.48125000, 0.71597222, 0.01328125, 0.02222222)",None,Distant blurred head silhouette (13x12 px); insufficient pixels to verify safety helmet.,ANTIGRAVITY_VISUAL_QA,2026-09-26T03:55:00+07:00
4641,CAND_004641,LOW,REJECT,0,person,test,PublicDataset01300.jpg,"(0.03477500, 0.83672500, 0.02791667, 0.11250000)",None,"False positive person detection on vertical inanimate structure/object (conf=0.276, aspect=2.69); non-human object.",ANTIGRAVITY_VISUAL_QA,2026-09-26T03:55:00+07:00
4642,CAND_004642,LOW,REJECT,0,person,test,WEB09911.jpg,"(0.28925781, 0.97083333, 0.21367188, 0.05000000)",None,"Unusable extreme frame edge truncation (21.4%w x 5.0%h, aspect=0.13) showing only marginal body sliver.",ANTIGRAVITY_VISUAL_QA,2026-09-26T03:55:00+07:00
4643,CAND_004643,LOW,REJECT,0,person,test,WEB10117.jpg,"(0.78242188, 0.77708333, 0.07734375, 0.07395833)",None,"False positive person detection on vertical inanimate structure/object (conf=0.276, aspect=0.72); non-human object.",ANTIGRAVITY_VISUAL_QA,2026-09-26T03:55:00+07:00
4644,CAND_004644,LOW,REJECT,0,person,test,WEB11686.jpg,"(0.62929687, 0.71180556, 0.02031250, 0.09027778)",None,"False positive person detection on vertical inanimate structure/object (conf=0.276, aspect=2.50); non-human object.",ANTIGRAVITY_VISUAL_QA,2026-09-26T03:55:00+07:00
4645,CAND_004645,LOW,REJECT,0,person,test,WEB11754.jpg,"(0.06533333, 0.74765278, 0.02422222, 0.09608333)",None,"False positive person detection on vertical inanimate structure/object (conf=0.276, aspect=2.64); non-human object.",ANTIGRAVITY_VISUAL_QA,2026-09-26T03:55:00+07:00
4646,CAND_004646,LOW,REJECT,0,person,test,WEB11789.jpg,"(0.70625000, 0.64614754, 0.07343333, 0.15240437)",None,"False positive person detection on vertical inanimate structure/object (conf=0.276, aspect=1.27); non-human object.",ANTIGRAVITY_VISUAL_QA,2026-09-26T03:55:00+07:00
4647,CAND_004647,LOW,REJECT,0,person,train,PublicDataset00946.jpg,"(0.65155833, 0.74765833, 0.05781667, 0.11095000)",None,"False positive person detection on vertical inanimate structure/object (conf=0.276, aspect=1.92); non-human object.",ANTIGRAVITY_VISUAL_QA,2026-09-26T03:55:00+07:00
4648,CAND_004648,LOW,REJECT,0,person,train,WEB02656.jpg,"(0.81640833, 0.60988889, 0.01875000, 0.07395556)",None,"False positive person detection on vertical inanimate structure/object (conf=0.276, aspect=2.96); non-human object.",ANTIGRAVITY_VISUAL_QA,2026-09-26T03:55:00+07:00
4649,CAND_004649,LOW,REJECT,0,person,train,WEB03523.jpg,"(0.74687578, 0.80824513, 0.04218319, 0.12835655)",None,"False positive person detection on vertical inanimate structure/object (conf=0.276, aspect=1.37); non-human object.",ANTIGRAVITY_VISUAL_QA,2026-09-26T03:55:00+07:00
4650,CAND_004650,LOW,REJECT,0,person,train,WEB05392.jpg,"(0.49491667, 0.41980556, 0.48516667, 0.79583333)",None,False positive person detection on flame region (IoU=0.30 with GT fire).,ANTIGRAVITY_VISUAL_QA,2026-09-26T03:55:00+07:00
4651,CAND_004651,LOW,REJECT,0,person,train,WEB07568.jpg,"(0.27168182, 0.77399031, 0.03710909, 0.22907916)",None,"False positive person detection on vertical inanimate structure/object (conf=0.276, aspect=3.47); non-human object.",ANTIGRAVITY_VISUAL_QA,2026-09-26T03:55:00+07:00
4652,CAND_004652,LOW,REJECT,0,person,train,WEB07955.jpg,"(0.23671875, 0.84791188, 0.02772629, 0.12222222)",None,"False positive person detection on vertical inanimate structure/object (conf=0.276, aspect=2.48); non-human object.",ANTIGRAVITY_VISUAL_QA,2026-09-26T03:55:00+07:00
4653,CAND_004653,LOW,REJECT,0,person,train,WEB08897.jpg,"(0.63515625, 0.89097222, 0.02343750, 0.09861111)",None,"False positive person detection on vertical inanimate structure/object (conf=0.276, aspect=2.37); non-human object.",ANTIGRAVITY_VISUAL_QA,2026-09-26T03:55:00+07:00
4654,CAND_004654,LOW,REJECT,0,person,train,WEB09071.jpg,"(0.92343529, 0.70813636, 0.03750588, 0.10867273)",None,"False positive person detection on vertical inanimate structure/object (conf=0.276, aspect=1.87); non-human object.",ANTIGRAVITY_VISUAL_QA,2026-09-26T03:55:00+07:00
4655,CAND_004655,LOW,REJECT,0,person,val,WEB04701.jpg,"(0.17578125, 0.54097222, 0.03631250, 0.07361111)",None,"False positive person detection on vertical inanimate structure/object (conf=0.276, aspect=1.14); non-human object.",ANTIGRAVITY_VISUAL_QA,2026-09-26T03:55:00+07:00
4656,CAND_004656,LOW,REJECT,0,person,test,PublicDataset01300.jpg,"(0.99218333, 0.81738750, 0.01563333, 0.07382500)",None,"Unusable extreme frame edge truncation (1.6%w x 7.4%h, aspect=3.15) showing only marginal body sliver.",ANTIGRAVITY_VISUAL_QA,2026-09-26T03:55:00+07:00
4657,CAND_004657,LOW,REJECT,0,person,train,WEB01154.jpg,"(0.30742188, 0.79861111, 0.03321875, 0.17500000)",None,"False positive person detection on vertical inanimate structure/object (conf=0.275, aspect=2.96); non-human object.",ANTIGRAVITY_VISUAL_QA,2026-09-26T03:55:00+07:00
4658,CAND_004658,LOW,REJECT,0,person,train,WEB03457.jpg,"(0.84687665, 0.42309286, 0.01250220, 0.02532857)",None,"False positive person detection on vertical inanimate structure/object (conf=0.275, aspect=1.25); non-human object.",ANTIGRAVITY_VISUAL_QA,2026-09-26T03:55:00+07:00
4659,CAND_004659,LOW,REJECT,0,person,train,WEB05245.jpg,"(0.17929687, 0.54652778, 0.02109375, 0.08750000)",None,"False positive person detection on vertical inanimate structure/object (conf=0.275, aspect=2.33); non-human object.",ANTIGRAVITY_VISUAL_QA,2026-09-26T03:55:00+07:00
4660,CAND_004660,LOW,REJECT,0,person,train,WEB07002.jpg,"(0.17089844, 0.91666667, 0.03828125, 0.15000000)",None,"False positive person detection on vertical inanimate structure/object (conf=0.275, aspect=2.20); non-human object.",ANTIGRAVITY_VISUAL_QA,2026-09-26T03:55:00+07:00
4661,CAND_004661,LOW,REJECT,0,person,train,WEB07120.jpg,"(0.32109375, 0.53611111, 0.01953125, 0.03611111)",None,"False positive person detection on vertical inanimate structure/object (conf=0.275, aspect=1.04); non-human object.",ANTIGRAVITY_VISUAL_QA,2026-09-26T03:55:00+07:00
4662,CAND_004662,LOW,ADD,1,helmet,train,WEB07305.jpg,"(0.89609442, 0.65883775, 0.02813305, 0.04088924)",None,Genuine safety hardhat/firefighter helmet on personnel; clear rigid shell structure and tight bounding box.,ANTIGRAVITY_VISUAL_QA,2026-09-26T03:55:00+07:00
4663,CAND_004663,LOW,REJECT,0,person,train,WEB08941.jpg,"(0.61054455, 0.59375000, 0.08356436, 0.11250000)",None,"False positive person detection on vertical inanimate structure/object (conf=0.275, aspect=2.40); non-human object.",ANTIGRAVITY_VISUAL_QA,2026-09-26T03:55:00+07:00
4664,CAND_004664,LOW,REJECT,0,person,train,WEB09351.jpg,"(0.95234375, 0.74305556, 0.02500000, 0.07222222)",None,"False positive person detection on vertical inanimate structure/object (conf=0.275, aspect=1.62); non-human object.",ANTIGRAVITY_VISUAL_QA,2026-09-26T03:55:00+07:00
4665,CAND_004665,LOW,REJECT,0,person,test,WEB10459.jpg,"(0.96562405, 0.71364839, 0.02342466, 0.05432892)",None,"False positive person detection on vertical inanimate structure/object (conf=0.274, aspect=1.87); non-human object.",ANTIGRAVITY_VISUAL_QA,2026-09-26T03:55:00+07:00
4666,CAND_004666,LOW,REJECT,0,person,test,WEB10481.jpg,"(0.74804712, 0.96843000, 0.04530890, 0.05970000)",None,"False positive person detection on vertical inanimate structure/object (conf=0.274, aspect=0.69); non-human object.",ANTIGRAVITY_VISUAL_QA,2026-09-26T03:55:00+07:00
4667,CAND_004667,LOW,REJECT,0,person,test,WEB11318.jpg,"(0.72812338, 0.77551843, 0.02188312, 0.04573733)",None,"False positive person detection on vertical inanimate structure/object (conf=0.274, aspect=1.18); non-human object.",ANTIGRAVITY_VISUAL_QA,2026-09-26T03:55:00+07:00
4668,CAND_004668,LOW,REJECT,0,person,train,WEB02897.jpg,"(0.75703198, 0.84915612, 0.01718721, 0.04205345)",None,"False positive person detection on vertical inanimate structure/object (conf=0.274, aspect=1.64); non-human object.",ANTIGRAVITY_VISUAL_QA,2026-09-26T03:55:00+07:00
4669,CAND_004669,LOW,REJECT,0,person,train,WEB05543.jpg,"(0.44101563, 0.64722222, 0.07421875, 0.22916667)",None,"False positive person detection on vertical inanimate structure/object (conf=0.274, aspect=1.74); non-human object.",ANTIGRAVITY_VISUAL_QA,2026-09-26T03:55:00+07:00
4670,CAND_004670,LOW,REJECT,0,person,train,WEB09288.jpg,"(0.17158333, 0.44648611, 0.06775926, 0.18280556)",None,"False positive person detection on vertical inanimate structure/object (conf=0.274, aspect=1.80); non-human object.",ANTIGRAVITY_VISUAL_QA,2026-09-26T03:55:00+07:00
4671,CAND_004671,LOW,REJECT,0,person,train,WEB07230.jpg,"(0.82656250, 0.31909722, 0.05000000, 0.20625000)",None,"False positive person detection on vertical inanimate structure/object (conf=0.274, aspect=2.32); non-human object.",ANTIGRAVITY_VISUAL_QA,2026-09-26T03:55:00+07:00
4672,CAND_004672,LOW,REJECT,1,helmet,train,WEB07448.jpg,"(0.25468304, 0.78694954, 0.09335975, 0.11871560)",None,False positive helmet detection misaligned with person anatomy (not on head region).,ANTIGRAVITY_VISUAL_QA,2026-09-26T03:55:00+07:00
4673,CAND_004673,LOW,REJECT,0,person,train,WEB08528.jpg,"(0.90937500, 0.51111111, 0.03906250, 0.19166667)",None,"False positive person detection on vertical inanimate structure/object (conf=0.274, aspect=2.76); non-human object.",ANTIGRAVITY_VISUAL_QA,2026-09-26T03:55:00+07:00
4674,CAND_004674,LOW,REJECT,0,person,val,WEB06622.jpg,"(0.98906250, 0.94744318, 0.02187500, 0.10511364)",None,"False positive person detection on vertical inanimate structure/object (conf=0.274, aspect=2.64); non-human object.",ANTIGRAVITY_VISUAL_QA,2026-09-26T03:55:00+07:00
4675,CAND_004675,LOW,REJECT,0,person,test,WEB11238.jpg,"(0.47578125, 0.39722222, 0.02656250, 0.11666667)",None,"False positive person detection on vertical inanimate structure/object (conf=0.273, aspect=2.47); non-human object.",ANTIGRAVITY_VISUAL_QA,2026-09-26T03:55:00+07:00
4676,CAND_004676,LOW,REJECT,0,person,test,WEB11582.jpg,"(0.30296569, 0.17695833, 0.51632353, 0.35352778)",None,False positive person detection on dark billowing smoke plume (IoU=0.86 with GT smoke).,ANTIGRAVITY_VISUAL_QA,2026-09-26T03:55:00+07:00
4677,CAND_004677,LOW,REJECT,0,person,train,WEB01157.jpg,"(0.55546875, 0.67500000, 0.01562500, 0.05694444)",None,"False positive person detection on vertical inanimate structure/object (conf=0.273, aspect=2.05); non-human object.",ANTIGRAVITY_VISUAL_QA,2026-09-26T03:55:00+07:00
4678,CAND_004678,LOW,REJECT,0,person,train,WEB02545.jpg,"(0.34453125, 0.78671875, 0.03593750, 0.04843750)",None,"False positive person detection on vertical inanimate structure/object (conf=0.273, aspect=1.80); non-human object.",ANTIGRAVITY_VISUAL_QA,2026-09-26T03:55:00+07:00
4679,CAND_004679,LOW,REJECT,0,person,train,WEB04131.jpg,"(0.52890625, 0.52934028, 0.08125000, 0.43854167)",None,"False positive person detection on vertical inanimate structure/object (conf=0.273, aspect=3.04); non-human object.",ANTIGRAVITY_VISUAL_QA,2026-09-26T03:55:00+07:00
4680,CAND_004680,LOW,REJECT,0,person,train,WEB06455.jpg,"(0.65117187, 0.64687500, 0.01562500, 0.04687500)",None,"False positive person detection on vertical inanimate structure/object (conf=0.273, aspect=2.25); non-human object.",ANTIGRAVITY_VISUAL_QA,2026-09-26T03:55:00+07:00
4681,CAND_004681,LOW,REJECT,0,person,train,WEB07568.jpg,"(0.43437273, 0.71151858, 0.02656364, 0.12911147)",None,"False positive person detection on vertical inanimate structure/object (conf=0.273, aspect=2.74); non-human object.",ANTIGRAVITY_VISUAL_QA,2026-09-26T03:55:00+07:00
4682,CAND_004682,LOW,REJECT,0,person,train,WEB08550.jpg,"(0.33164103, 0.68672115, 0.01797436, 0.05155769)",None,"False positive person detection on vertical inanimate structure/object (conf=0.273, aspect=1.91); non-human object.",ANTIGRAVITY_VISUAL_QA,2026-09-26T03:55:00+07:00
4683,CAND_004683,LOW,REJECT,0,person,train,WEB09286.jpg,"(0.92187037, 0.82734722, 0.05625926, 0.07030556)",None,"False positive person detection on vertical inanimate structure/object (conf=0.273, aspect=0.83); non-human object.",ANTIGRAVITY_VISUAL_QA,2026-09-26T03:55:00+07:00
4684,CAND_004684,LOW,REJECT,0,person,train,WEB09351.jpg,"(0.68281250, 0.77291667, 0.01875000, 0.06805556)",None,"False positive person detection on vertical inanimate structure/object (conf=0.273, aspect=2.04); non-human object.",ANTIGRAVITY_VISUAL_QA,2026-09-26T03:55:00+07:00
4685,CAND_004685,LOW,REJECT,0,person,val,AoF04558.jpg,"(0.07690129, 0.23040055, 0.14970874, 0.19939227)",None,False positive person detection on dark billowing smoke plume (IoU=0.36 with GT smoke).,ANTIGRAVITY_VISUAL_QA,2026-09-26T03:55:00+07:00
4686,CAND_004686,LOW,REJECT,0,person,test,WEB10527.jpg,"(0.01278333, 0.74889053, 0.02513333, 0.49926036)",None,"Unusable extreme frame edge truncation (2.5%w x 49.9%h, aspect=11.19) showing only marginal body sliver.",ANTIGRAVITY_VISUAL_QA,2026-09-26T03:55:00+07:00
4687,CAND_004687,LOW,REJECT,0,person,test,WEB11039.jpg,"(0.71093750, 0.91802671, 0.03905833, 0.15857567)",None,"False positive person detection on vertical inanimate structure/object (conf=0.272, aspect=2.28); non-human object.",ANTIGRAVITY_VISUAL_QA,2026-09-26T03:55:00+07:00
4688,CAND_004688,LOW,ADD,1,helmet,test,WEB11247.jpg,"(0.80390625, 0.29224012, 0.05937500, 0.09136164)",None,Genuine safety hardhat/firefighter helmet on personnel; clear rigid shell structure and tight bounding box.,ANTIGRAVITY_VISUAL_QA,2026-09-26T03:55:00+07:00
4689,CAND_004689,LOW,REJECT,0,person,train,PublicDataset00865.jpg,"(0.36562500, 0.59214085, 0.02187500, 0.07276995)",None,"False positive person detection on vertical inanimate structure/object (conf=0.272, aspect=2.21); non-human object.",ANTIGRAVITY_VISUAL_QA,2026-09-26T03:55:00+07:00
4690,CAND_004690,LOW,REJECT,0,person,train,PublicDataset00890.jpg,"(0.38632813, 0.65096317, 0.02578125, 0.05901794)",None,"False positive person detection on vertical inanimate structure/object (conf=0.272, aspect=1.52); non-human object.",ANTIGRAVITY_VISUAL_QA,2026-09-26T03:55:00+07:00
4691,CAND_004691,LOW,REJECT,0,person,train,WEB03179.jpg,"(0.54843829, 0.95017559, 0.10390428, 0.09543478)",None,"False positive person detection on vertical inanimate structure/object (conf=0.272, aspect=0.69); non-human object.",ANTIGRAVITY_VISUAL_QA,2026-09-26T03:55:00+07:00
4692,CAND_004692,LOW,REJECT,0,person,train,WEB03924.jpg,"(0.05092969, 0.43611111, 0.03750000, 0.11388889)",None,"False positive person detection on vertical inanimate structure/object (conf=0.272, aspect=1.71); non-human object.",ANTIGRAVITY_VISUAL_QA,2026-09-26T03:55:00+07:00
4693,CAND_004693,LOW,ADD,1,helmet,train,WEB04044.jpg,"(0.47148250, 0.53873466, 0.07968692, 0.07286810)",None,Genuine safety hardhat/firefighter helmet on personnel; clear rigid shell structure and tight bounding box.,ANTIGRAVITY_VISUAL_QA,2026-09-26T03:55:00+07:00
4694,CAND_004694,LOW,REJECT,0,person,train,WEB05402.jpg,"(0.49443750, 0.40937500, 0.49862500, 0.79791667)",None,"False positive person detection on vertical inanimate structure/object (conf=0.272, aspect=1.20); non-human object.",ANTIGRAVITY_VISUAL_QA,2026-09-26T03:55:00+07:00
4695,CAND_004695,LOW,REJECT,0,person,train,WEB07123.jpg,"(0.09238281, 0.56041667, 0.01542188, 0.04305556)",None,"False positive person detection on vertical inanimate structure/object (conf=0.272, aspect=1.57); non-human object.",ANTIGRAVITY_VISUAL_QA,2026-09-26T03:55:00+07:00
4696,CAND_004696,LOW,REJECT,0,person,train,WEB09036.jpg,"(0.30898437, 0.61805556, 0.01328125, 0.03611111)",None,Tiny ambiguous silhouette (8x13 px); insufficient pixel resolution to verify human instance.,ANTIGRAVITY_VISUAL_QA,2026-09-26T03:55:00+07:00
4697,CAND_004697,LOW,REJECT,0,person,test,WEB10053.jpg,"(0.58594181, 0.80559633, 0.01874426, 0.05733945)",None,"False positive person detection on vertical inanimate structure/object (conf=0.271, aspect=2.04); non-human object.",ANTIGRAVITY_VISUAL_QA,2026-09-26T03:55:00+07:00
4698,CAND_004698,LOW,REJECT,0,person,train,WEB02526.jpg,"(0.65234375, 0.70771277, 0.01406250, 0.08138298)",None,"False positive person detection on vertical inanimate structure/object (conf=0.271, aspect=2.83); non-human object.",ANTIGRAVITY_VISUAL_QA,2026-09-26T03:55:00+07:00
4699,CAND_004699,LOW,REJECT,0,person,train,WEB03193.jpg,"(0.14765957, 0.82577430, 0.04042553, 0.12341021)",None,"False positive person detection on vertical inanimate structure/object (conf=0.271, aspect=2.32); non-human object.",ANTIGRAVITY_VISUAL_QA,2026-09-26T03:55:00+07:00
4700,CAND_004700,LOW,REJECT,0,person,train,WEB03957.jpg,"(0.06796667, 0.66302410, 0.01035000, 0.04631325)",None,"False positive person detection on vertical inanimate structure/object (conf=0.271, aspect=3.10); non-human object.",ANTIGRAVITY_VISUAL_QA,2026-09-26T03:55:00+07:00
4701,CAND_004701,LOW,REJECT,0,person,train,WEB08897.jpg,"(0.48242188, 0.80833333, 0.01093750, 0.06111111)",None,Tiny ambiguous silhouette (7x22 px); insufficient pixel resolution to verify human instance.,ANTIGRAVITY_VISUAL_QA,2026-09-26T03:55:00+07:00
4702,CAND_004702,LOW,REJECT,0,person,train,WEB09132.jpg,"(0.17168048, 0.53222393, 0.06172192, 0.10411043)",None,"False positive person detection on vertical inanimate structure/object (conf=0.271, aspect=1.01); non-human object.",ANTIGRAVITY_VISUAL_QA,2026-09-26T03:55:00+07:00
4703,CAND_004703,LOW,REJECT,0,person,test,WEB11099.jpg,"(0.53007317, 0.95644118, 0.02108943, 0.08711765)",None,"False positive person detection on vertical inanimate structure/object (conf=0.271, aspect=2.28); non-human object.",ANTIGRAVITY_VISUAL_QA,2026-09-26T03:55:00+07:00
4704,CAND_004704,LOW,REJECT,0,person,test,WEB11445.jpg,"(0.20747000, 0.96475089, 0.02568000, 0.06672598)",None,"False positive person detection on vertical inanimate structure/object (conf=0.271, aspect=1.46); non-human object.",ANTIGRAVITY_VISUAL_QA,2026-09-26T03:55:00+07:00
4705,CAND_004705,LOW,ADD,1,helmet,test,WEB11717.jpg,"(0.40820513, 0.41684211, 0.08593407, 0.08037594)",None,Genuine safety hardhat/firefighter helmet on personnel; clear rigid shell structure and tight bounding box.,ANTIGRAVITY_VISUAL_QA,2026-09-26T03:55:00+07:00
4706,CAND_004706,LOW,REJECT,0,person,train,PublicDataset00861.jpg,"(0.49296667, 0.77602007, 0.02344444, 0.05879599)",None,"False positive person detection on vertical inanimate structure/object (conf=0.271, aspect=1.67); non-human object.",ANTIGRAVITY_VISUAL_QA,2026-09-26T03:55:00+07:00
4707,CAND_004707,LOW,REJECT,0,person,train,WEB02247.jpg,"(0.07558594, 0.35815972, 0.03476563, 0.15034722)",None,"False positive person detection on vertical inanimate structure/object (conf=0.271, aspect=2.43); non-human object.",ANTIGRAVITY_VISUAL_QA,2026-09-26T03:55:00+07:00
4708,CAND_004708,LOW,REJECT,0,person,train,WEB04487.jpg,"(0.12812500, 0.78210469, 0.18007000, 0.42257361)",None,"False positive person detection on vertical inanimate structure/object (conf=0.271, aspect=2.15); non-human object.",ANTIGRAVITY_VISUAL_QA,2026-09-26T03:55:00+07:00
4709,CAND_004709,LOW,REJECT,0,person,train,WEB06890.jpg,"(0.61562667, 0.97108216, 0.02344000, 0.05635271)",None,"False positive person detection on vertical inanimate structure/object (conf=0.271, aspect=1.60); non-human object.",ANTIGRAVITY_VISUAL_QA,2026-09-26T03:55:00+07:00
4710,CAND_004710,LOW,ADD,1,helmet,train,WEB07221.jpg,"(0.30292969, 0.41805556, 0.02070312, 0.02777778)",None,Genuine safety hardhat/firefighter helmet on personnel; clear rigid shell structure and tight bounding box.,ANTIGRAVITY_VISUAL_QA,2026-09-26T03:55:00+07:00
4711,CAND_004711,LOW,REJECT,0,person,test,WEB09917.jpg,"(0.28885938, 0.97083333, 0.21640625, 0.05277778)",None,"Unusable extreme frame edge truncation (21.6%w x 5.3%h, aspect=0.14) showing only marginal body sliver.",ANTIGRAVITY_VISUAL_QA,2026-09-26T03:55:00+07:00
4712,CAND_004712,LOW,REJECT,0,person,test,WEB10556.jpg,"(0.31503774, 0.90298893, 0.03203774, 0.11000000)",None,"False positive person detection on vertical inanimate structure/object (conf=0.270, aspect=2.34); non-human object.",ANTIGRAVITY_VISUAL_QA,2026-09-26T03:55:00+07:00
4713,CAND_004713,LOW,REJECT,0,person,test,WEB10558.jpg,"(0.68888889, 0.53281250, 0.07500000, 0.11250000)",None,"False positive person detection on vertical inanimate structure/object (conf=0.270, aspect=2.67); non-human object.",ANTIGRAVITY_VISUAL_QA,2026-09-26T03:55:00+07:00
4714,CAND_004714,LOW,REJECT,0,person,test,WEB11222.jpg,"(0.10732422, 0.55000000, 0.01660156, 0.06944444)",None,"False positive person detection on vertical inanimate structure/object (conf=0.270, aspect=2.35); non-human object.",ANTIGRAVITY_VISUAL_QA,2026-09-26T03:55:00+07:00
4715,CAND_004715,LOW,REJECT,0,person,test,WEB11635.jpg,"(0.52929688, 0.51319444, 0.37890625, 0.78750000)",None,False positive person detection on dark billowing smoke plume (IoU=0.61 with GT smoke).,ANTIGRAVITY_VISUAL_QA,2026-09-26T03:55:00+07:00
4716,CAND_004716,LOW,REJECT,0,person,train,PublicDataset01020.jpg,"(0.08222581, 0.43606383, 0.10506452, 0.18164894)",None,"False positive person detection on vertical inanimate structure/object (conf=0.270, aspect=1.05); non-human object.",ANTIGRAVITY_VISUAL_QA,2026-09-26T03:55:00+07:00
4717,CAND_004717,LOW,REJECT,0,person,train,WEB02925.jpg,"(0.93850324, 0.34531200, 0.12299353, 0.68672000)",None,"Unusable extreme frame edge truncation (12.3%w x 68.7%h, aspect=5.65) showing only marginal body sliver.",ANTIGRAVITY_VISUAL_QA,2026-09-26T03:55:00+07:00
4718,CAND_004718,LOW,REJECT,0,person,train,WEB07602.jpg,"(0.95156786, 0.83089385, 0.03124805, 0.14407821)",None,"False positive person detection on vertical inanimate structure/object (conf=0.270, aspect=2.58); non-human object.",ANTIGRAVITY_VISUAL_QA,2026-09-26T03:55:00+07:00
4719,CAND_004719,LOW,REJECT,0,person,val,WEB07228.jpg,"(0.63359375, 0.45625000, 0.04765625, 0.32222222)",None,"False positive person detection on vertical inanimate structure/object (conf=0.270, aspect=3.80); non-human object.",ANTIGRAVITY_VISUAL_QA,2026-09-26T03:55:00+07:00
4720,CAND_004720,LOW,REJECT,0,person,val,WEB07339.jpg,"(0.01696996, 0.69120286, 0.03354506, 0.21304291)",None,"False positive person detection on vertical inanimate structure/object (conf=0.270, aspect=4.19); non-human object.",ANTIGRAVITY_VISUAL_QA,2026-09-26T03:55:00+07:00
4721,CAND_004721,LOW,REJECT,0,person,test,WEB10118.jpg,"(0.95937500, 0.97395833, 0.06718750, 0.03958333)",None,"False positive person detection on vertical inanimate structure/object (conf=0.269, aspect=0.44); non-human object.",ANTIGRAVITY_VISUAL_QA,2026-09-26T03:55:00+07:00
4722,CAND_004722,LOW,REJECT,0,person,train,PublicDataset00861.jpg,"(0.34062222, 0.78542642, 0.02891111, 0.06349498)",None,"False positive person detection on vertical inanimate structure/object (conf=0.269, aspect=1.46); non-human object.",ANTIGRAVITY_VISUAL_QA,2026-09-26T03:55:00+07:00
4723,CAND_004723,LOW,REJECT,0,person,train,WEB02910.jpg,"(0.06088872, 0.66962304, 0.01923824, 0.07588905)",None,"False positive person detection on vertical inanimate structure/object (conf=0.269, aspect=2.07); non-human object.",ANTIGRAVITY_VISUAL_QA,2026-09-26T03:55:00+07:00
4724,CAND_004724,LOW,REJECT,0,person,train,WEB04684.jpg,"(0.13125000, 0.29421488, 0.06406250, 0.18181818)",None,"False positive person detection on vertical inanimate structure/object (conf=0.269, aspect=1.34); non-human object.",ANTIGRAVITY_VISUAL_QA,2026-09-26T03:55:00+07:00
4725,CAND_004725,LOW,REJECT,0,person,train,WEB05411.jpg,"(0.70859375, 0.66527778, 0.02968750, 0.07083333)",None,"False positive person detection on vertical inanimate structure/object (conf=0.269, aspect=1.34); non-human object.",ANTIGRAVITY_VISUAL_QA,2026-09-26T03:55:00+07:00
4726,CAND_004726,LOW,REJECT,0,person,train,WEB06068.jpg,"(0.73164063, 0.64513889, 0.04062500, 0.19027778)",None,"False positive person detection on vertical inanimate structure/object (conf=0.269, aspect=2.63); non-human object.",ANTIGRAVITY_VISUAL_QA,2026-09-26T03:55:00+07:00
4727,CAND_004727,LOW,REJECT,0,person,train,WEB06259.jpg,"(0.33437500, 0.56527778, 0.01601562, 0.11388889)",None,"False positive person detection on vertical inanimate structure/object (conf=0.269, aspect=4.00); non-human object.",ANTIGRAVITY_VISUAL_QA,2026-09-26T03:55:00+07:00
4728,CAND_004728,LOW,REJECT,0,person,train,WEB07211.jpg,"(0.79453125, 0.38888889, 0.01718750, 0.06111111)",None,"False positive person detection on vertical inanimate structure/object (conf=0.269, aspect=2.00); non-human object.",ANTIGRAVITY_VISUAL_QA,2026-09-26T03:55:00+07:00
4729,CAND_004729,LOW,ADD,1,helmet,train,WEB08570.jpg,"(0.26090686, 0.92969444, 0.10681373, 0.05938889)",None,Genuine safety hardhat/firefighter helmet on personnel; clear rigid shell structure and tight bounding box.,ANTIGRAVITY_VISUAL_QA,2026-09-26T03:55:00+07:00
4730,CAND_004730,LOW,REJECT,0,person,train,WEB08936.jpg,"(0.15386139, 0.41630556, 0.06960396, 0.04705556)",None,"False positive person detection on vertical inanimate structure/object (conf=0.269, aspect=1.20); non-human object.",ANTIGRAVITY_VISUAL_QA,2026-09-26T03:55:00+07:00
4731,CAND_004731,LOW,REJECT,0,person,train,AoF03423.jpg,"(0.75703125, 0.55694444, 0.15468750, 0.43888889)",None,"False positive person detection on vertical inanimate structure/object (conf=0.268, aspect=1.60); non-human object.",ANTIGRAVITY_VISUAL_QA,2026-09-26T03:55:00+07:00
4732,CAND_004732,LOW,REJECT,0,person,train,PublicDataset00861.jpg,"(0.41992222, 0.77661371, 0.03360000, 0.07289298)",None,"False positive person detection on vertical inanimate structure/object (conf=0.268, aspect=1.44); non-human object.",ANTIGRAVITY_VISUAL_QA,2026-09-26T03:55:00+07:00
4733,CAND_004733,LOW,REJECT,0,person,train,WEB00918.jpg,"(0.98281250, 0.59722222, 0.03125000, 0.10694444)",None,"False positive person detection on vertical inanimate structure/object (conf=0.268, aspect=1.93); non-human object.",ANTIGRAVITY_VISUAL_QA,2026-09-26T03:55:00+07:00
4734,CAND_004734,LOW,REJECT,0,person,train,WEB04252.jpg,"(0.77656442, 0.54844325, 0.02969325, 0.04921779)",None,"False positive person detection on vertical inanimate structure/object (conf=0.268, aspect=1.11); non-human object.",ANTIGRAVITY_VISUAL_QA,2026-09-26T03:55:00+07:00
4735,CAND_004735,LOW,REJECT,0,person,train,WEB07132.jpg,"(0.75507813, 0.93263889, 0.02812500, 0.09861111)",None,"False positive person detection on vertical inanimate structure/object (conf=0.268, aspect=1.97); non-human object.",ANTIGRAVITY_VISUAL_QA,2026-09-26T03:55:00+07:00
4736,CAND_004736,LOW,REJECT,0,person,train,WEB07472.jpg,"(0.58789062, 0.43640898, 0.01640625, 0.05735661)",None,"False positive person detection on vertical inanimate structure/object (conf=0.268, aspect=2.19); non-human object.",ANTIGRAVITY_VISUAL_QA,2026-09-26T03:55:00+07:00
4737,CAND_004737,LOW,REJECT,0,person,val,WEB08445.jpg,"(0.24414062, 0.51979167, 0.02382812, 0.09583333)",None,"False positive person detection on vertical inanimate structure/object (conf=0.268, aspect=3.02); non-human object.",ANTIGRAVITY_VISUAL_QA,2026-09-26T03:55:00+07:00
4738,CAND_004738,LOW,REJECT,0,person,test,WEB09496.jpg,"(0.76054687, 0.88750000, 0.47890625, 0.21111111)",None,"Unusable extreme frame edge truncation (47.9%w x 21.1%h, aspect=0.25) showing only marginal body sliver.",ANTIGRAVITY_VISUAL_QA,2026-09-26T03:55:00+07:00
4739,CAND_004739,LOW,REJECT,0,person,test,WEB10353.jpg,"(0.82500000, 0.95975207, 0.02655612, 0.07692562)",None,"False positive person detection on vertical inanimate structure/object (conf=0.267, aspect=2.24); non-human object.",ANTIGRAVITY_VISUAL_QA,2026-09-26T03:55:00+07:00
4740,CAND_004740,LOW,REJECT,0,person,test,WEB10377.jpg,"(0.67382629, 0.56734665, 0.02421596, 0.06884451)",None,"False positive person detection on vertical inanimate structure/object (conf=0.267, aspect=1.87); non-human object.",ANTIGRAVITY_VISUAL_QA,2026-09-26T03:55:00+07:00
4741,CAND_004741,LOW,REJECT,0,person,train,PublicDataset00883.jpg,"(0.62604167, 0.58593750, 0.03958333, 0.09218750)",None,"False positive person detection on vertical inanimate structure/object (conf=0.267, aspect=3.11); non-human object.",ANTIGRAVITY_VISUAL_QA,2026-09-26T03:55:00+07:00
4742,CAND_004742,LOW,REJECT,0,person,train,WEB07165.jpg,"(0.94610000, 0.93893491, 0.10780000, 0.12213018)",None,"False positive person detection on vertical inanimate structure/object (conf=0.267, aspect=0.64); non-human object.",ANTIGRAVITY_VISUAL_QA,2026-09-26T03:55:00+07:00
4743,CAND_004743,LOW,REJECT,0,person,val,WEB06876.jpg,"(0.51757812, 0.94389205, 0.08281250, 0.10653409)",None,"False positive person detection on vertical inanimate structure/object (conf=0.267, aspect=0.71); non-human object.",ANTIGRAVITY_VISUAL_QA,2026-09-26T03:55:00+07:00
4744,CAND_004744,LOW,REJECT,0,person,val,WEB07056.jpg,"(0.76875000, 0.34600694, 0.01718750, 0.08854167)",None,"False positive person detection on vertical inanimate structure/object (conf=0.267, aspect=2.90); non-human object.",ANTIGRAVITY_VISUAL_QA,2026-09-26T03:55:00+07:00
4745,CAND_004745,LOW,REJECT,0,person,test,WEB11130.jpg,"(0.74393750, 0.61602005, 0.06900000, 0.05312500)",None,"False positive person detection on vertical inanimate structure/object (conf=0.267, aspect=1.36); non-human object.",ANTIGRAVITY_VISUAL_QA,2026-09-26T03:55:00+07:00
4746,CAND_004746,LOW,REJECT,0,person,test,WEB11356.jpg,"(0.35339623, 0.64491818, 0.12247978, 0.09609091)",None,"False positive person detection on vertical inanimate structure/object (conf=0.267, aspect=1.16); non-human object.",ANTIGRAVITY_VISUAL_QA,2026-09-26T03:55:00+07:00
4747,CAND_004747,LOW,REJECT,0,person,train,PublicDataset00889.jpg,"(0.67578125, 0.76908023, 0.02968750, 0.12328767)",None,"False positive person detection on vertical inanimate structure/object (conf=0.267, aspect=2.76); non-human object.",ANTIGRAVITY_VISUAL_QA,2026-09-26T03:55:00+07:00
4748,CAND_004748,LOW,REJECT,0,person,train,WEB03911.jpg,"(0.33203125, 0.60208333, 0.04453125, 0.23055556)",None,"False positive person detection on vertical inanimate structure/object (conf=0.267, aspect=2.91); non-human object.",ANTIGRAVITY_VISUAL_QA,2026-09-26T03:55:00+07:00
4749,CAND_004749,LOW,REJECT,0,person,train,WEB06038.jpg,"(0.22656250, 0.71425676, 0.02812500, 0.09529730)",None,"False positive person detection on vertical inanimate structure/object (conf=0.267, aspect=2.53); non-human object.",ANTIGRAVITY_VISUAL_QA,2026-09-26T03:55:00+07:00
4750,CAND_004750,LOW,REJECT,0,person,train,WEB06068.jpg,"(0.70312500, 0.63680556, 0.03906250, 0.17361111)",None,"False positive person detection on vertical inanimate structure/object (conf=0.267, aspect=2.50); non-human object.",ANTIGRAVITY_VISUAL_QA,2026-09-26T03:55:00+07:00
4751,CAND_004751,LOW,REJECT,0,person,test,WEB09525.jpg,"(0.03242188, 0.86180556, 0.06434375, 0.22777778)",None,"False positive person detection on vertical inanimate structure/object (conf=0.266, aspect=1.99); non-human object.",ANTIGRAVITY_VISUAL_QA,2026-09-26T03:55:00+07:00
4752,CAND_004752,LOW,ADD,1,helmet,test,WEB11791.jpg,"(0.62265625, 0.54097222, 0.03437500, 0.04166667)",None,Genuine safety hardhat/firefighter helmet on personnel; clear rigid shell structure and tight bounding box.,ANTIGRAVITY_VISUAL_QA,2026-09-26T03:55:00+07:00
4753,CAND_004753,LOW,REJECT,0,person,train,WEB03500.jpg,"(0.28027182, 0.83519836, 0.01562232, 0.05378933)",None,"False positive person detection on vertical inanimate structure/object (conf=0.266, aspect=1.80); non-human object.",ANTIGRAVITY_VISUAL_QA,2026-09-26T03:55:00+07:00
4754,CAND_004754,LOW,REJECT,0,person,train,WEB03933.jpg,"(0.44648437, 0.40138889, 0.02656250, 0.07083333)",None,"False positive person detection on vertical inanimate structure/object (conf=0.266, aspect=1.50); non-human object.",ANTIGRAVITY_VISUAL_QA,2026-09-26T03:55:00+07:00
4755,CAND_004755,LOW,ADD,1,helmet,train,WEB04144.jpg,"(0.40898438, 0.49861111, 0.02500000, 0.03888889)",None,Genuine safety hardhat/firefighter helmet on personnel; clear rigid shell structure and tight bounding box.,ANTIGRAVITY_VISUAL_QA,2026-09-26T03:55:00+07:00
4756,CAND_004756,LOW,REJECT,0,person,train,WEB07196.jpg,"(0.69453125, 0.40416667, 0.01875000, 0.05833333)",None,"False positive person detection on vertical inanimate structure/object (conf=0.266, aspect=1.75); non-human object.",ANTIGRAVITY_VISUAL_QA,2026-09-26T03:55:00+07:00
4757,CAND_004757,LOW,REJECT,0,person,train,WEB08381.jpg,"(0.06625714, 0.77245000, 0.07040000, 0.23790000)",None,"False positive person detection on vertical inanimate structure/object (conf=0.266, aspect=1.93); non-human object.",ANTIGRAVITY_VISUAL_QA,2026-09-26T03:55:00+07:00
4758,CAND_004758,LOW,REJECT,0,person,train,WEB08421.jpg,"(0.02054687, 0.55347222, 0.04065625, 0.18055556)",None,"False positive person detection on vertical inanimate structure/object (conf=0.266, aspect=2.50); non-human object.",ANTIGRAVITY_VISUAL_QA,2026-09-26T03:55:00+07:00
4759,CAND_004759,LOW,REJECT,0,person,train,WEB08725.jpg,"(0.39305000, 0.79219444, 0.09140000, 0.07500000)",None,"False positive person detection on vertical inanimate structure/object (conf=0.266, aspect=1.48); non-human object.",ANTIGRAVITY_VISUAL_QA,2026-09-26T03:55:00+07:00
4760,CAND_004760,LOW,REJECT,0,person,train,WEB08895.jpg,"(0.47968750, 0.48888889, 0.01406250, 0.05277778)",None,Tiny ambiguous silhouette (9x19 px); insufficient pixel resolution to verify human instance.,ANTIGRAVITY_VISUAL_QA,2026-09-26T03:55:00+07:00
4761,CAND_004761,LOW,REJECT,0,person,val,WEB03941.jpg,"(0.20527344, 0.47569444, 0.03867188, 0.17638889)",None,"False positive person detection on vertical inanimate structure/object (conf=0.266, aspect=2.57); non-human object.",ANTIGRAVITY_VISUAL_QA,2026-09-26T03:55:00+07:00
4762,CAND_004762,LOW,REJECT,0,person,val,WEB07474.jpg,"(0.52226737, 0.91392857, 0.02500589, 0.12532258)",None,"False positive person detection on vertical inanimate structure/object (conf=0.266, aspect=2.56); non-human object.",ANTIGRAVITY_VISUAL_QA,2026-09-26T03:55:00+07:00
4763,CAND_004763,LOW,REJECT,0,person,test,WEB10505.jpg,"(0.67265625, 0.70763889, 0.03515625, 0.10555556)",None,"False positive person detection on vertical inanimate structure/object (conf=0.265, aspect=1.69); non-human object.",ANTIGRAVITY_VISUAL_QA,2026-09-26T03:55:00+07:00
4764,CAND_004764,LOW,REJECT,0,person,test,WEB10530.jpg,"(0.54218750, 0.76563000, 0.03592500, 0.10374000)",None,"False positive person detection on vertical inanimate structure/object (conf=0.265, aspect=1.80); non-human object.",ANTIGRAVITY_VISUAL_QA,2026-09-26T03:55:00+07:00
4765,CAND_004765,LOW,REJECT,0,person,test,WEB11558.jpg,"(0.25546875, 0.47500000, 0.02968750, 0.08611111)",None,"False positive person detection on vertical inanimate structure/object (conf=0.265, aspect=1.63); non-human object.",ANTIGRAVITY_VISUAL_QA,2026-09-26T03:55:00+07:00
4766,CAND_004766,LOW,REJECT,0,person,train,PublicDataset00794.jpg,"(0.45156250, 0.83739583, 0.02656944, 0.04687500)",None,"False positive person detection on vertical inanimate structure/object (conf=0.265, aspect=1.41); non-human object.",ANTIGRAVITY_VISUAL_QA,2026-09-26T03:55:00+07:00
4767,CAND_004767,LOW,REJECT,0,person,train,PublicDataset00896.jpg,"(0.19882857, 0.69495736, 0.05428571, 0.24253731)",None,"False positive person detection on vertical inanimate structure/object (conf=0.265, aspect=2.99); non-human object.",ANTIGRAVITY_VISUAL_QA,2026-09-26T03:55:00+07:00
4768,CAND_004768,LOW,REJECT,0,person,train,WEB03936.jpg,"(0.39296875, 0.35416667, 0.02656250, 0.06666667)",None,"False positive person detection on vertical inanimate structure/object (conf=0.265, aspect=1.41); non-human object.",ANTIGRAVITY_VISUAL_QA,2026-09-26T03:55:00+07:00
4769,CAND_004769,LOW,REJECT,0,person,train,WEB04399.jpg,"(0.60000000, 0.59414062, 0.17968750, 0.19140625)",None,"False positive person detection on vertical inanimate structure/object (conf=0.265, aspect=1.07); non-human object.",ANTIGRAVITY_VISUAL_QA,2026-09-26T03:55:00+07:00
4770,CAND_004770,LOW,REJECT,0,person,train,WEB06490.jpg,"(0.63671875, 0.41292135, 0.02343750, 0.06741573)",None,"False positive person detection on vertical inanimate structure/object (conf=0.265, aspect=1.60); non-human object.",ANTIGRAVITY_VISUAL_QA,2026-09-26T03:55:00+07:00
4771,CAND_004771,LOW,REJECT,0,person,train,WEB07137.jpg,"(0.27656250, 0.43888889, 0.10546875, 0.35555556)",None,"False positive person detection on vertical inanimate structure/object (conf=0.265, aspect=1.90); non-human object.",ANTIGRAVITY_VISUAL_QA,2026-09-26T03:55:00+07:00
4772,CAND_004772,LOW,REJECT,0,person,test,PublicDataset01298.jpg,"(0.36015833, 0.48710836, 0.01718333, 0.05139687)",None,"False positive person detection on vertical inanimate structure/object (conf=0.264, aspect=1.91); non-human object.",ANTIGRAVITY_VISUAL_QA,2026-09-26T03:55:00+07:00
4773,CAND_004773,LOW,REJECT,0,person,test,WEB11099.jpg,"(0.41718699, 0.97082353, 0.02032520, 0.05511765)",None,"False positive person detection on vertical inanimate structure/object (conf=0.264, aspect=1.50); non-human object.",ANTIGRAVITY_VISUAL_QA,2026-09-26T03:55:00+07:00
4774,CAND_004774,LOW,REJECT,0,person,train,WEB00261.jpg,"(0.17725000, 0.95416667, 0.06387500, 0.08611111)",None,"False positive person detection on vertical inanimate structure/object (conf=0.264, aspect=0.76); non-human object.",ANTIGRAVITY_VISUAL_QA,2026-09-26T03:55:00+07:00
4775,CAND_004775,LOW,REJECT,0,person,train,WEB00958.jpg,"(0.58437500, 0.69722222, 0.03750000, 0.11527778)",None,"False positive person detection on vertical inanimate structure/object (conf=0.264, aspect=1.73); non-human object.",ANTIGRAVITY_VISUAL_QA,2026-09-26T03:55:00+07:00
4776,CAND_004776,LOW,REJECT,0,person,train,WEB01497.jpg,"(0.37500000, 0.64861111, 0.04296875, 0.16944444)",None,"False positive person detection on vertical inanimate structure/object (conf=0.264, aspect=2.22); non-human object.",ANTIGRAVITY_VISUAL_QA,2026-09-26T03:55:00+07:00
4777,CAND_004777,LOW,REJECT,1,helmet,train,WEB02389.jpg,"(0.52812500, 0.32502999, 0.05313000, 0.04919040)",None,False positive helmet detection on background scene; no person instance present.,ANTIGRAVITY_VISUAL_QA,2026-09-26T03:55:00+07:00
4778,CAND_004778,LOW,REJECT,0,person,train,WEB06833.jpg,"(0.52265625, 0.80694444, 0.03359375, 0.15833333)",None,False positive person detection on dark billowing smoke plume (IoU=0.84 with GT smoke).,ANTIGRAVITY_VISUAL_QA,2026-09-26T03:55:00+07:00
4779,CAND_004779,LOW,ADD,1,helmet,train,WEB07195.jpg,"(0.25039062, 0.32239583, 0.02578125, 0.03854167)",None,Genuine safety hardhat/firefighter helmet on personnel; clear rigid shell structure and tight bounding box.,ANTIGRAVITY_VISUAL_QA,2026-09-26T03:55:00+07:00
4780,CAND_004780,LOW,REJECT,0,person,train,WEB08154.jpg,"(0.72890280, 0.67347981, 0.02499264, 0.11465558)",None,"False positive person detection on vertical inanimate structure/object (conf=0.264, aspect=2.84); non-human object.",ANTIGRAVITY_VISUAL_QA,2026-09-26T03:55:00+07:00
4781,CAND_004781,LOW,REJECT,0,person,test,WEB11222.jpg,"(0.32187500, 0.53333333, 0.01796875, 0.03888889)",None,"False positive person detection on vertical inanimate structure/object (conf=0.264, aspect=1.22); non-human object.",ANTIGRAVITY_VISUAL_QA,2026-09-26T03:55:00+07:00
4782,CAND_004782,LOW,REJECT,0,person,train,WEB02755.jpg,"(0.33301035, 0.98168353, 0.02773283, 0.03599711)",None,"False positive person detection on vertical inanimate structure/object (conf=0.264, aspect=0.84); non-human object.",ANTIGRAVITY_VISUAL_QA,2026-09-26T03:55:00+07:00
4783,CAND_004783,LOW,REJECT,0,person,train,WEB03527.jpg,"(0.19101476, 0.60228715, 0.02539975, 0.06257095)",None,"False positive person detection on vertical inanimate structure/object (conf=0.264, aspect=1.82); non-human object.",ANTIGRAVITY_VISUAL_QA,2026-09-26T03:55:00+07:00
4784,CAND_004784,LOW,REJECT,0,person,train,PublicDataset00906.jpg,"(0.97812412, 0.74165263, 0.04375176, 0.23088421)",None,"False positive person detection on vertical inanimate structure/object (conf=0.263, aspect=3.54); non-human object.",ANTIGRAVITY_VISUAL_QA,2026-09-26T03:55:00+07:00
4785,CAND_004785,LOW,REJECT,0,person,train,WEB07440.jpg,"(0.05818650, 0.70533854, 0.03850114, 0.11144097)",None,"False positive person detection on vertical inanimate structure/object (conf=0.263, aspect=1.91); non-human object.",ANTIGRAVITY_VISUAL_QA,2026-09-26T03:55:00+07:00
4786,CAND_004786,LOW,REJECT,1,helmet,train,WEB09249.jpg,"(0.31562500, 0.62815249, 0.01562500, 0.01759531)",None,Distant blurred head silhouette (16x12 px); insufficient pixels to verify safety helmet.,ANTIGRAVITY_VISUAL_QA,2026-09-26T03:55:00+07:00
4787,CAND_004787,LOW,REJECT,0,person,val,WEB03980.jpg,"(0.75273585, 0.56313542, 0.40077830, 0.25947917)",None,"False positive person detection on vertical inanimate structure/object (conf=0.263, aspect=0.37); non-human object.",ANTIGRAVITY_VISUAL_QA,2026-09-26T03:55:00+07:00
4788,CAND_004788,LOW,REJECT,0,person,val,WEB07394.jpg,"(0.57109305, 0.68566836, 0.11561659, 0.27945854)",None,"False positive person detection on vertical inanimate structure/object (conf=0.263, aspect=1.60); non-human object.",ANTIGRAVITY_VISUAL_QA,2026-09-26T03:55:00+07:00
4789,CAND_004789,LOW,REJECT,0,person,val,WEB07997.jpg,"(0.85546875, 0.48906250, 0.02812500, 0.11875000)",None,"False positive person detection on vertical inanimate structure/object (conf=0.263, aspect=3.17); non-human object.",ANTIGRAVITY_VISUAL_QA,2026-09-26T03:55:00+07:00
4790,CAND_004790,LOW,REJECT,0,person,test,WEB10117.jpg,"(0.37460938, 0.68489583, 0.04765625, 0.07083333)",None,"False positive person detection on vertical inanimate structure/object (conf=0.262, aspect=1.11); non-human object.",ANTIGRAVITY_VISUAL_QA,2026-09-26T03:55:00+07:00
4791,CAND_004791,LOW,REJECT,0,person,test,WEB11449.jpg,"(0.71952811, 0.75619091, 0.02578313, 0.14147273)",None,"False positive person detection on vertical inanimate structure/object (conf=0.262, aspect=3.03); non-human object.",ANTIGRAVITY_VISUAL_QA,2026-09-26T03:55:00+07:00
4792,CAND_004792,LOW,REJECT,0,person,train,AoF02547.jpg,"(0.49335937, 0.14795833, 0.23281250, 0.28811111)",None,"False positive person detection on vertical inanimate structure/object (conf=0.262, aspect=0.70); non-human object.",ANTIGRAVITY_VISUAL_QA,2026-09-26T03:55:00+07:00
4793,CAND_004793,LOW,REJECT,0,person,train,WEB03076.jpg,"(0.40937500, 0.71666667, 0.02343750, 0.08611111)",None,"False positive person detection on vertical inanimate structure/object (conf=0.262, aspect=2.07); non-human object.",ANTIGRAVITY_VISUAL_QA,2026-09-26T03:55:00+07:00
4794,CAND_004794,LOW,REJECT,0,person,train,WEB03294.jpg,"(0.41406250, 0.62241722, 0.01717500, 0.06105960)",None,"False positive person detection on vertical inanimate structure/object (conf=0.262, aspect=2.68); non-human object.",ANTIGRAVITY_VISUAL_QA,2026-09-26T03:55:00+07:00
4795,CAND_004795,LOW,REJECT,0,person,train,WEB04368.jpg,"(0.55781250, 0.56041667, 0.02968750, 0.04166667)",None,"False positive person detection on vertical inanimate structure/object (conf=0.262, aspect=1.05); non-human object.",ANTIGRAVITY_VISUAL_QA,2026-09-26T03:55:00+07:00
4796,CAND_004796,LOW,REJECT,0,person,train,WEB05545.jpg,"(0.31953125, 0.64791667, 0.04375000, 0.10694444)",None,"False positive person detection on vertical inanimate structure/object (conf=0.262, aspect=1.38); non-human object.",ANTIGRAVITY_VISUAL_QA,2026-09-26T03:55:00+07:00
4797,CAND_004797,LOW,REJECT,0,person,train,WEB07213.jpg,"(0.83906250, 0.40000000, 0.01875000, 0.07500000)",None,"False positive person detection on vertical inanimate structure/object (conf=0.262, aspect=2.25); non-human object.",ANTIGRAVITY_VISUAL_QA,2026-09-26T03:55:00+07:00
4798,CAND_004798,LOW,REJECT,0,person,train,WEB07243.jpg,"(0.25761719, 0.49427083, 0.02382812, 0.09791667)",None,"False positive person detection on vertical inanimate structure/object (conf=0.262, aspect=3.08); non-human object.",ANTIGRAVITY_VISUAL_QA,2026-09-26T03:55:00+07:00
4799,CAND_004799,LOW,REJECT,0,person,train,PublicDataset01027.jpg,"(0.25606250, 0.55729167, 0.02812500, 0.11250000)",None,"False positive person detection on vertical inanimate structure/object (conf=0.261, aspect=3.00); non-human object.",ANTIGRAVITY_VISUAL_QA,2026-09-26T03:55:00+07:00
4800,CAND_004800,LOW,REJECT,0,person,train,WEB06781.jpg,"(0.74738542, 0.54218750, 0.02622917, 0.04218160)",None,"False positive person detection on vertical inanimate structure/object (conf=0.261, aspect=2.84); non-human object.",ANTIGRAVITY_VISUAL_QA,2026-09-26T03:55:00+07:00
4801,CAND_004801,LOW,REJECT,0,person,train,WEB00647.jpg,"(0.98750000, 0.27638889, 0.02187500, 0.08888889)",None,"False positive person detection on vertical inanimate structure/object (conf=0.260, aspect=2.29); non-human object.",ANTIGRAVITY_VISUAL_QA,2026-09-26T03:55:00+07:00
4802,CAND_004802,LOW,REJECT,0,person,train,WEB03911.jpg,"(0.35664062, 0.60833333, 0.05625000, 0.24722222)",None,"False positive person detection on vertical inanimate structure/object (conf=0.260, aspect=2.47); non-human object.",ANTIGRAVITY_VISUAL_QA,2026-09-26T03:55:00+07:00
4803,CAND_004803,LOW,REJECT,0,person,train,WEB08807.jpg,"(0.49492188, 0.48819444, 0.36796875, 0.84583333)",None,False positive person detection on dark billowing smoke plume (IoU=0.73 with GT smoke).,ANTIGRAVITY_VISUAL_QA,2026-09-26T03:55:00+07:00
4804,CAND_004804,LOW,REJECT,0,person,val,WEB03941.jpg,"(0.60195312, 0.49444444, 0.05468750, 0.26250000)",None,"False positive person detection on vertical inanimate structure/object (conf=0.260, aspect=2.70); non-human object.",ANTIGRAVITY_VISUAL_QA,2026-09-26T03:55:00+07:00
4805,CAND_004805,LOW,REJECT,0,person,val,WEB09298.jpg,"(0.40820312, 0.73333333, 0.06328125, 0.52222222)",None,"False positive person detection on vertical inanimate structure/object (conf=0.260, aspect=4.64); non-human object.",ANTIGRAVITY_VISUAL_QA,2026-09-26T03:55:00+07:00
4806,CAND_004806,LOW,REJECT,0,person,test,WEB11756.jpg,"(0.52812500, 0.42083333, 0.05312500, 0.17500000)",None,"False positive person detection on vertical inanimate structure/object (conf=0.260, aspect=1.85); non-human object.",ANTIGRAVITY_VISUAL_QA,2026-09-26T03:55:00+07:00
4807,CAND_004807,LOW,REJECT,0,person,train,WEB03193.jpg,"(0.70859825, 0.81241351, 0.02968711, 0.10077430)",None,"False positive person detection on vertical inanimate structure/object (conf=0.260, aspect=2.58); non-human object.",ANTIGRAVITY_VISUAL_QA,2026-09-26T03:55:00+07:00
4808,CAND_004808,LOW,REJECT,0,person,train,WEB07134.jpg,"(0.89531250, 0.28333333, 0.01718750, 0.05000000)",None,"False positive person detection on vertical inanimate structure/object (conf=0.260, aspect=1.64); non-human object.",ANTIGRAVITY_VISUAL_QA,2026-09-26T03:55:00+07:00
4809,CAND_004809,LOW,REJECT,0,person,train,WEB07470.jpg,"(0.41796560, 0.71901376, 0.03671412, 0.12233945)",None,"False positive person detection on vertical inanimate structure/object (conf=0.260, aspect=1.72); non-human object.",ANTIGRAVITY_VISUAL_QA,2026-09-26T03:55:00+07:00
4810,CAND_004810,LOW,REJECT,0,person,train,WEB07573.jpg,"(0.59218636, 0.96558158, 0.03593636, 0.06386107)",None,"False positive person detection on vertical inanimate structure/object (conf=0.260, aspect=1.00); non-human object.",ANTIGRAVITY_VISUAL_QA,2026-09-26T03:55:00+07:00
4811,CAND_004811,LOW,REJECT,0,person,train,WEB07774.jpg,"(0.38476875, 0.48437500, 0.01718750, 0.05965909)",None,"False positive person detection on vertical inanimate structure/object (conf=0.260, aspect=1.91); non-human object.",ANTIGRAVITY_VISUAL_QA,2026-09-26T03:55:00+07:00
4812,CAND_004812,LOW,REJECT,0,person,train,WEB07955.jpg,"(0.76054418, 0.89861111, 0.03281250, 0.15833333)",None,"False positive person detection on vertical inanimate structure/object (conf=0.260, aspect=2.71); non-human object.",ANTIGRAVITY_VISUAL_QA,2026-09-26T03:55:00+07:00
4813,CAND_004813,LOW,REJECT,0,person,train,WEB08242.jpg,"(0.98593525, 0.95084928, 0.02188489, 0.08313397)",None,"False positive person detection on vertical inanimate structure/object (conf=0.260, aspect=2.28); non-human object.",ANTIGRAVITY_VISUAL_QA,2026-09-26T03:55:00+07:00
4814,CAND_004814,LOW,REJECT,0,person,train,WEB09406.jpg,"(0.32968750, 0.28263889, 0.02656250, 0.07916667)",None,"False positive person detection on vertical inanimate structure/object (conf=0.260, aspect=1.68); non-human object.",ANTIGRAVITY_VISUAL_QA,2026-09-26T03:55:00+07:00
4815,CAND_004815,LOW,REJECT,0,person,val,WEB08938.jpg,"(0.91056931, 0.54140278, 0.03341584, 0.04063889)",None,Tiny ambiguous silhouette (6x14 px); insufficient pixel resolution to verify human instance.,ANTIGRAVITY_VISUAL_QA,2026-09-26T03:55:00+07:00
4816,CAND_004816,LOW,REJECT,0,person,test,WEB10377.jpg,"(0.68359155, 0.55429387, 0.03437559, 0.09021398)",None,"False positive person detection on vertical inanimate structure/object (conf=0.259, aspect=1.73); non-human object.",ANTIGRAVITY_VISUAL_QA,2026-09-26T03:55:00+07:00
4817,CAND_004817,LOW,REJECT,0,person,test,WEB11039.jpg,"(0.52226250, 0.94167656, 0.03515833, 0.11127596)",None,"False positive person detection on vertical inanimate structure/object (conf=0.259, aspect=1.78); non-human object.",ANTIGRAVITY_VISUAL_QA,2026-09-26T03:55:00+07:00
4818,CAND_004818,LOW,REJECT,0,person,test,WEB11752.jpg,"(0.46600926, 0.75293056, 0.05468519, 0.23669444)",None,"False positive person detection on vertical inanimate structure/object (conf=0.259, aspect=2.89); non-human object.",ANTIGRAVITY_VISUAL_QA,2026-09-26T03:55:00+07:00
4819,CAND_004819,LOW,REJECT,0,person,train,AoF04587.jpg,"(0.73906038, 0.30023132, 0.21718491, 0.29839858)",None,False positive person detection on flame region (IoU=0.31 with GT fire).,ANTIGRAVITY_VISUAL_QA,2026-09-26T03:55:00+07:00
4820,CAND_004820,LOW,REJECT,0,person,train,PublicDataset00932.jpg,"(0.98125000, 0.78228889, 0.03750000, 0.17080000)",None,"False positive person detection on vertical inanimate structure/object (conf=0.259, aspect=3.42); non-human object.",ANTIGRAVITY_VISUAL_QA,2026-09-26T03:55:00+07:00
4821,CAND_004821,LOW,REJECT,0,person,train,PublicDataset01268.jpg,"(0.45155556, 0.83690972, 0.02500000, 0.04687500)",None,"False positive person detection on vertical inanimate structure/object (conf=0.259, aspect=1.50); non-human object.",ANTIGRAVITY_VISUAL_QA,2026-09-26T03:55:00+07:00
4822,CAND_004822,LOW,REJECT,0,person,train,WEB02278.jpg,"(0.30585937, 0.61666667, 0.01953125, 0.05833333)",None,"False positive person detection on vertical inanimate structure/object (conf=0.259, aspect=1.68); non-human object.",ANTIGRAVITY_VISUAL_QA,2026-09-26T03:55:00+07:00
4823,CAND_004823,LOW,REJECT,0,person,train,WEB07209.jpg,"(0.80800781, 0.45833333, 0.03398437, 0.17777778)",None,"False positive person detection on vertical inanimate structure/object (conf=0.259, aspect=2.94); non-human object.",ANTIGRAVITY_VISUAL_QA,2026-09-26T03:55:00+07:00
4824,CAND_004824,LOW,REJECT,0,person,train,WEB08866.jpg,"(0.84375000, 0.74005682, 0.06093750, 0.16477273)",None,"False positive person detection on vertical inanimate structure/object (conf=0.259, aspect=1.49); non-human object.",ANTIGRAVITY_VISUAL_QA,2026-09-26T03:55:00+07:00
4825,CAND_004825,LOW,REJECT,0,person,train,WEB09393.jpg,"(0.89375000, 0.61221591, 0.06562500, 0.27840909)",None,"False positive person detection on vertical inanimate structure/object (conf=0.259, aspect=2.33); non-human object.",ANTIGRAVITY_VISUAL_QA,2026-09-26T03:55:00+07:00
4826,CAND_004826,LOW,REJECT,0,person,val,WEB04392.jpg,"(0.55234012, 0.61197674, 0.03359496, 0.09271318)",None,"False positive person detection on vertical inanimate structure/object (conf=0.259, aspect=2.07); non-human object.",ANTIGRAVITY_VISUAL_QA,2026-09-26T03:55:00+07:00
4827,CAND_004827,LOW,REJECT,0,person,train,WEB02150.jpg,"(0.63906328, 0.71738976, 0.02968360, 0.17483642)",None,"False positive person detection on vertical inanimate structure/object (conf=0.258, aspect=3.45); non-human object.",ANTIGRAVITY_VISUAL_QA,2026-09-26T03:55:00+07:00
4828,CAND_004828,LOW,REJECT,0,person,train,WEB03181.jpg,"(0.84375180, 0.41664106, 0.02187590, 0.07562849)",None,"False positive person detection on vertical inanimate structure/object (conf=0.258, aspect=1.79); non-human object.",ANTIGRAVITY_VISUAL_QA,2026-09-26T03:55:00+07:00
4829,CAND_004829,LOW,REJECT,0,person,train,WEB04034.jpg,"(0.27421875, 0.61471322, 0.05781250, 0.29426434)",None,"False positive person detection on vertical inanimate structure/object (conf=0.258, aspect=3.19); non-human object.",ANTIGRAVITY_VISUAL_QA,2026-09-26T03:55:00+07:00
4830,CAND_004830,LOW,REJECT,0,person,train,WEB04071.jpg,"(0.64531369, 0.51351740, 0.11093156, 0.46128593)",None,"False positive person detection on vertical inanimate structure/object (conf=0.258, aspect=2.61); non-human object.",ANTIGRAVITY_VISUAL_QA,2026-09-26T03:55:00+07:00
4831,CAND_004831,LOW,REJECT,0,person,train,WEB04145.jpg,"(0.48125000, 0.51805556, 0.03593750, 0.19444444)",None,False positive person detection on flame region (IoU=0.50 with GT fire).,ANTIGRAVITY_VISUAL_QA,2026-09-26T03:55:00+07:00
4832,CAND_004832,LOW,REJECT,0,person,train,WEB07193.jpg,"(0.86015625, 0.38819444, 0.02968750, 0.16527778)",None,"False positive person detection on vertical inanimate structure/object (conf=0.258, aspect=3.13); non-human object.",ANTIGRAVITY_VISUAL_QA,2026-09-26T03:55:00+07:00
4833,CAND_004833,LOW,REJECT,0,person,train,WEB07222.jpg,"(0.73828125, 0.48680556, 0.02656250, 0.11805556)",None,"False positive person detection on vertical inanimate structure/object (conf=0.258, aspect=2.50); non-human object.",ANTIGRAVITY_VISUAL_QA,2026-09-26T03:55:00+07:00
4834,CAND_004834,LOW,REJECT,0,person,test,WEB11261.jpg,"(0.60273659, 0.81574032, 0.01250789, 0.04965831)",None,Tiny ambiguous silhouette (7x21 px); insufficient pixel resolution to verify human instance.,ANTIGRAVITY_VISUAL_QA,2026-09-26T03:55:00+07:00
4835,CAND_004835,LOW,REJECT,0,person,test,WEB11449.jpg,"(0.32089859, 0.95214545, 0.02695783, 0.07072727)",None,"False positive person detection on vertical inanimate structure/object (conf=0.258, aspect=1.45); non-human object.",ANTIGRAVITY_VISUAL_QA,2026-09-26T03:55:00+07:00
4836,CAND_004836,LOW,REJECT,0,person,test,WEB11620.jpg,"(0.96406447, 0.72737500, 0.07187107, 0.21530556)",None,"False positive person detection on vertical inanimate structure/object (conf=0.258, aspect=1.70); non-human object.",ANTIGRAVITY_VISUAL_QA,2026-09-26T03:55:00+07:00
4837,CAND_004837,LOW,REJECT,0,person,train,WEB03916.jpg,"(0.46328125, 0.39583333, 0.02031250, 0.09166667)",None,"False positive person detection on vertical inanimate structure/object (conf=0.258, aspect=2.54); non-human object.",ANTIGRAVITY_VISUAL_QA,2026-09-26T03:55:00+07:00
4838,CAND_004838,LOW,REJECT,0,person,train,WEB05462.jpg,"(0.29817708, 0.45312500, 0.03802083, 0.07812500)",None,"False positive person detection on vertical inanimate structure/object (conf=0.258, aspect=2.74); non-human object.",ANTIGRAVITY_VISUAL_QA,2026-09-26T03:55:00+07:00
4839,CAND_004839,LOW,REJECT,0,person,train,WEB07678.jpg,"(0.41640767, 0.81755046, 0.01874874, 0.03550459)",None,"False positive person detection on vertical inanimate structure/object (conf=0.258, aspect=1.04); non-human object.",ANTIGRAVITY_VISUAL_QA,2026-09-26T03:55:00+07:00
4840,CAND_004840,LOW,REJECT,0,person,val,WEB03939.jpg,"(0.26171875, 0.42361111, 0.02968750, 0.17777778)",None,"False positive person detection on vertical inanimate structure/object (conf=0.258, aspect=3.37); non-human object.",ANTIGRAVITY_VISUAL_QA,2026-09-26T03:55:00+07:00
4841,CAND_004841,LOW,REJECT,0,person,val,WEB08958.jpg,"(0.37832031, 0.65028090, 0.04726562, 0.09410112)",None,"False positive person detection on vertical inanimate structure/object (conf=0.258, aspect=1.11); non-human object.",ANTIGRAVITY_VISUAL_QA,2026-09-26T03:55:00+07:00
4842,CAND_004842,LOW,REJECT,0,person,train,WEB07241.jpg,"(0.51015625, 0.81944444, 0.03125000, 0.12777778)",None,"False positive person detection on vertical inanimate structure/object (conf=0.257, aspect=2.30); non-human object.",ANTIGRAVITY_VISUAL_QA,2026-09-26T03:55:00+07:00
4843,CAND_004843,LOW,REJECT,0,person,train,WEB07588.jpg,"(0.25488095, 0.95312500, 0.02577381, 0.03438492)",None,Tiny ambiguous silhouette (8x17 px); insufficient pixel resolution to verify human instance.,ANTIGRAVITY_VISUAL_QA,2026-09-26T03:55:00+07:00
4844,CAND_004844,LOW,REJECT,0,person,train,WEB07955.jpg,"(0.80859914, 0.91319923, 0.02812500, 0.15693487)",None,"False positive person detection on vertical inanimate structure/object (conf=0.257, aspect=3.14); non-human object.",ANTIGRAVITY_VISUAL_QA,2026-09-26T03:55:00+07:00
4845,CAND_004845,LOW,REJECT,0,person,train,WEB08233.jpg,"(0.95000000, 0.91111111, 0.01562500, 0.08055556)",None,"False positive person detection on vertical inanimate structure/object (conf=0.257, aspect=2.90); non-human object.",ANTIGRAVITY_VISUAL_QA,2026-09-26T03:55:00+07:00
4846,CAND_004846,LOW,REJECT,0,person,train,WEB09110.jpg,"(0.91406250, 0.93750000, 0.02812500, 0.12241667)",None,"False positive person detection on vertical inanimate structure/object (conf=0.257, aspect=2.61); non-human object.",ANTIGRAVITY_VISUAL_QA,2026-09-26T03:55:00+07:00
4847,CAND_004847,LOW,REJECT,0,person,val,WEB01946.jpg,"(0.38320122, 0.75281726, 0.02030488, 0.13984772)",None,"False positive person detection on vertical inanimate structure/object (conf=0.257, aspect=3.31); non-human object.",ANTIGRAVITY_VISUAL_QA,2026-09-26T03:55:00+07:00
4848,CAND_004848,LOW,REJECT,0,person,val,WEB04221.jpg,"(0.57812830, 0.68689698, 0.02968366, 0.11615578)",None,"False positive person detection on vertical inanimate structure/object (conf=0.257, aspect=2.74); non-human object.",ANTIGRAVITY_VISUAL_QA,2026-09-26T03:55:00+07:00
4849,CAND_004849,LOW,REJECT,0,person,val,WEB04545.jpg,"(0.49843750, 0.77106742, 0.03906944, 0.13059925)",None,False positive person detection on flame region (IoU=0.35 with GT fire).,ANTIGRAVITY_VISUAL_QA,2026-09-26T03:55:00+07:00
4850,CAND_004850,LOW,REJECT,1,helmet,val,WEB08377.jpg,"(0.66992188, 0.45407166, 0.02968750, 0.04169381)",None,Distant blurred head silhouette (15x12 px); insufficient pixels to verify safety helmet.,ANTIGRAVITY_VISUAL_QA,2026-09-26T03:55:00+07:00
4851,CAND_004851,LOW,REJECT,0,person,test,WEB09693.jpg,"(0.85937500, 0.66944444, 0.03906250, 0.18333333)",None,"False positive person detection on vertical inanimate structure/object (conf=0.256, aspect=2.64); non-human object.",ANTIGRAVITY_VISUAL_QA,2026-09-26T03:55:00+07:00
4852,CAND_004852,LOW,REJECT,0,person,test,WEB11304.jpg,"(0.92500000, 0.45012222, 0.07186667, 0.29140000)",None,"False positive person detection on vertical inanimate structure/object (conf=0.256, aspect=3.04); non-human object.",ANTIGRAVITY_VISUAL_QA,2026-09-26T03:55:00+07:00
4853,CAND_004853,LOW,REJECT,0,person,train,PublicDataset00864.jpg,"(0.85312500, 0.63472222, 0.02187500, 0.11388889)",None,"False positive person detection on vertical inanimate structure/object (conf=0.256, aspect=2.93); non-human object.",ANTIGRAVITY_VISUAL_QA,2026-09-26T03:55:00+07:00
4854,CAND_004854,LOW,REJECT,0,person,train,WEB02918.jpg,"(0.65937322, 0.87949430, 0.10155745, 0.08320513)",None,"False positive person detection on vertical inanimate structure/object (conf=0.256, aspect=0.55); non-human object.",ANTIGRAVITY_VISUAL_QA,2026-09-26T03:55:00+07:00
4855,CAND_004855,LOW,REJECT,0,person,train,WEB06286.jpg,"(0.23632812, 0.85781250, 0.04062500, 0.05208333)",None,"False positive person detection on vertical inanimate structure/object (conf=0.256, aspect=0.96); non-human object.",ANTIGRAVITY_VISUAL_QA,2026-09-26T03:55:00+07:00
4856,CAND_004856,LOW,REJECT,0,person,train,WEB07445.jpg,"(0.75312500, 0.54050117, 0.01483491, 0.06794872)",None,"False positive person detection on vertical inanimate structure/object (conf=0.256, aspect=2.32); non-human object.",ANTIGRAVITY_VISUAL_QA,2026-09-26T03:55:00+07:00
4857,CAND_004857,LOW,REJECT,0,person,train,WEB07799.jpg,"(0.96093340, 0.71640255, 0.07187689, 0.25666667)",None,"False positive person detection on vertical inanimate structure/object (conf=0.256, aspect=1.98); non-human object.",ANTIGRAVITY_VISUAL_QA,2026-09-26T03:55:00+07:00
4858,CAND_004858,LOW,REJECT,0,person,train,WEB08748.jpg,"(0.98323529, 0.49375000, 0.03352941, 0.06716667)",None,Tiny ambiguous silhouette (6x24 px); insufficient pixel resolution to verify human instance.,ANTIGRAVITY_VISUAL_QA,2026-09-26T03:55:00+07:00
4859,CAND_004859,LOW,REJECT,0,person,train,WEB08748.jpg,"(0.92232843, 0.51094444, 0.06897059, 0.07577778)",None,"False positive person detection on vertical inanimate structure/object (conf=0.256, aspect=1.94); non-human object.",ANTIGRAVITY_VISUAL_QA,2026-09-26T03:55:00+07:00
4860,CAND_004860,LOW,REJECT,0,person,train,WEB09415.jpg,"(0.23555000, 0.76039146, 0.01874000, 0.05281139)",None,Tiny ambiguous silhouette (9x14 px); insufficient pixel resolution to verify human instance.,ANTIGRAVITY_VISUAL_QA,2026-09-26T03:55:00+07:00
4861,CAND_004861,LOW,REJECT,0,person,test,PublicDataset01290.jpg,"(0.53358672, 0.54928044, 0.10156317, 0.15885609)",None,"False positive person detection on vertical inanimate structure/object (conf=0.255, aspect=0.91); non-human object.",ANTIGRAVITY_VISUAL_QA,2026-09-26T03:55:00+07:00
4862,CAND_004862,LOW,REJECT,0,person,test,WEB10376.jpg,"(0.36894938, 0.70626600, 0.01562560, 0.08376956)",None,"False positive person detection on vertical inanimate structure/object (conf=0.255, aspect=3.60); non-human object.",ANTIGRAVITY_VISUAL_QA,2026-09-26T03:55:00+07:00
4863,CAND_004863,LOW,REJECT,0,person,test,WEB11754.jpg,"(0.44882407, 0.70781944, 0.06016667, 0.07969444)",None,"False positive person detection on vertical inanimate structure/object (conf=0.255, aspect=0.88); non-human object.",ANTIGRAVITY_VISUAL_QA,2026-09-26T03:55:00+07:00
4864,CAND_004864,LOW,REJECT,0,person,train,WEB03932.jpg,"(0.43710938, 0.45833333, 0.12421875, 0.29027778)",None,"False positive person detection on vertical inanimate structure/object (conf=0.255, aspect=1.31); non-human object.",ANTIGRAVITY_VISUAL_QA,2026-09-26T03:55:00+07:00
4865,CAND_004865,LOW,REJECT,1,helmet,train,WEB03976.jpg,"(0.87343333, 0.35990119, 0.03437778, 0.04169960)",None,False positive helmet detection misaligned with person anatomy (not on head region).,ANTIGRAVITY_VISUAL_QA,2026-09-26T03:55:00+07:00
4866,CAND_004866,LOW,REJECT,0,person,train,WEB07602.jpg,"(0.51797192, 0.90574022, 0.02187207, 0.05874302)",None,"False positive person detection on vertical inanimate structure/object (conf=0.255, aspect=1.50); non-human object.",ANTIGRAVITY_VISUAL_QA,2026-09-26T03:55:00+07:00
4867,CAND_004867,LOW,ADD,1,helmet,train,WEB08104.jpg,"(0.56719084, 0.65832432, 0.06406107, 0.10789189)",None,Genuine safety hardhat/firefighter helmet on personnel; clear rigid shell structure and tight bounding box.,ANTIGRAVITY_VISUAL_QA,2026-09-26T03:55:00+07:00
4868,CAND_004868,LOW,REJECT,0,person,train,WEB08911.jpg,"(0.96732323, 0.36405556, 0.06252525, 0.09766667)",None,"False positive person detection on vertical inanimate structure/object (conf=0.255, aspect=2.84); non-human object.",ANTIGRAVITY_VISUAL_QA,2026-09-26T03:55:00+07:00
4869,CAND_004869,LOW,REJECT,0,person,val,WEB07725.jpg,"(0.50859406, 0.51202206, 0.01718812, 0.08411765)",None,"False positive person detection on vertical inanimate structure/object (conf=0.255, aspect=2.64); non-human object.",ANTIGRAVITY_VISUAL_QA,2026-09-26T03:55:00+07:00
4870,CAND_004870,LOW,REJECT,0,person,test,WEB10081.jpg,"(0.90781308, 0.97041411, 0.01562615, 0.05917178)",None,"Unusable extreme frame edge truncation (1.6%w x 5.9%h, aspect=2.27) showing only marginal body sliver.",ANTIGRAVITY_VISUAL_QA,2026-09-26T03:55:00+07:00
4871,CAND_004871,LOW,REJECT,0,person,test,WEB11221.jpg,"(0.04673047, 0.56805556, 0.01621094, 0.05555556)",None,"False positive person detection on vertical inanimate structure/object (conf=0.255, aspect=1.93); non-human object.",ANTIGRAVITY_VISUAL_QA,2026-09-26T03:55:00+07:00
4872,CAND_004872,LOW,REJECT,0,person,train,PublicDataset00528.jpg,"(0.01164062, 0.80000000, 0.02315625, 0.10833333)",None,"False positive person detection on vertical inanimate structure/object (conf=0.255, aspect=2.63); non-human object.",ANTIGRAVITY_VISUAL_QA,2026-09-26T03:55:00+07:00
4873,CAND_004873,LOW,REJECT,0,person,train,WEB03179.jpg,"(0.69921914, 0.91257525, 0.07969773, 0.14160535)",None,"False positive person detection on vertical inanimate structure/object (conf=0.255, aspect=1.34); non-human object.",ANTIGRAVITY_VISUAL_QA,2026-09-26T03:55:00+07:00
4874,CAND_004874,LOW,REJECT,0,person,train,WEB09031.jpg,"(0.28378906, 0.61041667, 0.02226563, 0.03472222)",None,Tiny ambiguous silhouette (14x12 px); insufficient pixel resolution to verify human instance.,ANTIGRAVITY_VISUAL_QA,2026-09-26T03:55:00+07:00
4875,CAND_004875,LOW,REJECT,0,person,val,WEB06796.jpg,"(0.97029167, 0.46562500, 0.05520833, 0.13280660)",None,"False positive person detection on vertical inanimate structure/object (conf=0.255, aspect=4.25); non-human object.",ANTIGRAVITY_VISUAL_QA,2026-09-26T03:55:00+07:00
4876,CAND_004876,LOW,REJECT,0,person,val,WEB08573.jpg,"(0.51267157, 0.22773611, 0.61799020, 0.45391667)",None,False positive person detection on dark billowing smoke plume (IoU=0.93 with GT smoke).,ANTIGRAVITY_VISUAL_QA,2026-09-26T03:55:00+07:00
4877,CAND_004877,LOW,REJECT,0,person,val,WEB09179.jpg,"(0.48984690, 0.94272657, 0.01953263, 0.04766513)",None,"False positive person detection on vertical inanimate structure/object (conf=0.255, aspect=1.28); non-human object.",ANTIGRAVITY_VISUAL_QA,2026-09-26T03:55:00+07:00
4878,CAND_004878,LOW,REJECT,0,person,train,AoF02369.jpg,"(0.42460938, 0.17274306, 0.14140625, 0.33645833)",None,"False positive person detection on vertical inanimate structure/object (conf=0.254, aspect=1.34); non-human object.",ANTIGRAVITY_VISUAL_QA,2026-09-26T03:55:00+07:00
4879,CAND_004879,LOW,REJECT,0,person,train,AoF02499.jpg,"(0.47187500, 0.13246528, 0.18906250, 0.25868056)",None,"False positive person detection on vertical inanimate structure/object (conf=0.254, aspect=0.77); non-human object.",ANTIGRAVITY_VISUAL_QA,2026-09-26T03:55:00+07:00
4880,CAND_004880,LOW,REJECT,0,person,train,WEB00453.jpg,"(0.45468750, 0.90347222, 0.00937500, 0.05416667)",None,Tiny ambiguous silhouette (6x19 px); insufficient pixel resolution to verify human instance.,ANTIGRAVITY_VISUAL_QA,2026-09-26T03:55:00+07:00
4881,CAND_004881,LOW,REJECT,0,person,train,WEB01083.jpg,"(0.85625000, 0.69583333, 0.02031250, 0.13888889)",None,"False positive person detection on vertical inanimate structure/object (conf=0.254, aspect=3.85); non-human object.",ANTIGRAVITY_VISUAL_QA,2026-09-26T03:55:00+07:00
4882,CAND_004882,LOW,REJECT,0,person,train,WEB03209.jpg,"(0.72109023, 0.91751286, 0.01328321, 0.04490566)",None,"False positive person detection on vertical inanimate structure/object (conf=0.254, aspect=2.47); non-human object.",ANTIGRAVITY_VISUAL_QA,2026-09-26T03:55:00+07:00
4883,CAND_004883,LOW,REJECT,0,person,train,WEB03925.jpg,"(0.18564453, 0.54583333, 0.02910156, 0.12500000)",None,"False positive person detection on vertical inanimate structure/object (conf=0.254, aspect=2.42); non-human object.",ANTIGRAVITY_VISUAL_QA,2026-09-26T03:55:00+07:00
4884,CAND_004884,LOW,ADD,1,helmet,train,WEB06264.jpg,"(0.67852000, 0.75142096, 0.02500000, 0.04440497)",None,Genuine safety hardhat/firefighter helmet on personnel; clear rigid shell structure and tight bounding box.,ANTIGRAVITY_VISUAL_QA,2026-09-26T03:55:00+07:00
4885,CAND_004885,LOW,ADD,1,helmet,train,WEB07052.jpg,"(0.93906250, 0.87638889, 0.12187500, 0.16111111)",None,Genuine safety hardhat/firefighter helmet on personnel; clear rigid shell structure and tight bounding box.,ANTIGRAVITY_VISUAL_QA,2026-09-26T03:55:00+07:00
4886,CAND_004886,LOW,REJECT,0,person,train,WEB08747.jpg,"(0.54870098, 0.53709722, 0.03720588, 0.05625000)",None,Tiny ambiguous silhouette (7x20 px); insufficient pixel resolution to verify human instance.,ANTIGRAVITY_VISUAL_QA,2026-09-26T03:55:00+07:00
4887,CAND_004887,LOW,REJECT,0,person,test,WEB11556.jpg,"(0.53203125, 0.45138889, 0.05000000, 0.09583333)",None,"False positive person detection on vertical inanimate structure/object (conf=0.253, aspect=1.08); non-human object.",ANTIGRAVITY_VISUAL_QA,2026-09-26T03:55:00+07:00
4888,CAND_004888,LOW,REJECT,0,person,train,PublicDataset00979.jpg,"(0.74687432, 0.53967991, 0.02030601, 0.08677704)",None,"False positive person detection on vertical inanimate structure/object (conf=0.253, aspect=2.12); non-human object.",ANTIGRAVITY_VISUAL_QA,2026-09-26T03:55:00+07:00
4889,CAND_004889,LOW,REJECT,0,person,train,WEB06528.jpg,"(0.41483871, 0.59757919, 0.01561969, 0.05828054)",None,Tiny ambiguous silhouette (9x25 px); insufficient pixel resolution to verify human instance.,ANTIGRAVITY_VISUAL_QA,2026-09-26T03:55:00+07:00
4890,CAND_004890,LOW,REJECT,0,person,train,WEB07203.jpg,"(0.31484375, 0.44305556, 0.03164062, 0.17361111)",None,"False positive person detection on vertical inanimate structure/object (conf=0.253, aspect=3.09); non-human object.",ANTIGRAVITY_VISUAL_QA,2026-09-26T03:55:00+07:00
4891,CAND_004891,LOW,REJECT,0,person,train,WEB08421.jpg,"(0.29023437, 0.62013889, 0.03553125, 0.30416667)",None,"False positive person detection on vertical inanimate structure/object (conf=0.253, aspect=4.82); non-human object.",ANTIGRAVITY_VISUAL_QA,2026-09-26T03:55:00+07:00
4892,CAND_004892,LOW,REJECT,0,person,train,WEB09038.jpg,"(0.45781250, 0.65138889, 0.02343750, 0.06666667)",None,"False positive person detection on vertical inanimate structure/object (conf=0.253, aspect=1.60); non-human object.",ANTIGRAVITY_VISUAL_QA,2026-09-26T03:55:00+07:00
4893,CAND_004893,LOW,REJECT,0,person,val,WEB07054.jpg,"(0.97109375, 0.87708333, 0.05625000, 0.16527778)",None,"False positive person detection on vertical inanimate structure/object (conf=0.253, aspect=1.65); non-human object.",ANTIGRAVITY_VISUAL_QA,2026-09-26T03:55:00+07:00
4894,CAND_004894,LOW,REJECT,0,person,train,WEB06144.jpg,"(0.76172264, 0.70364013, 0.02031095, 0.05000000)",None,"False positive person detection on vertical inanimate structure/object (conf=0.252, aspect=1.85); non-human object.",ANTIGRAVITY_VISUAL_QA,2026-09-26T03:55:00+07:00
4895,CAND_004895,LOW,REJECT,0,person,train,WEB07089.jpg,"(0.01555078, 0.76527778, 0.02689844, 0.12222222)",None,"False positive person detection on vertical inanimate structure/object (conf=0.252, aspect=2.56); non-human object.",ANTIGRAVITY_VISUAL_QA,2026-09-26T03:55:00+07:00
4896,CAND_004896,LOW,REJECT,1,helmet,train,WEB07844.jpg,"(0.07275000, 0.89909722, 0.07793333, 0.12369444)",None,False positive helmet detection misaligned with person anatomy (not on head region).,ANTIGRAVITY_VISUAL_QA,2026-09-26T03:55:00+07:00
4897,CAND_004897,LOW,ADD,1,helmet,train,WEB09130.jpg,"(0.26992326, 0.55123512, 0.07500000, 0.09211310)",None,Genuine safety hardhat/firefighter helmet on personnel; clear rigid shell structure and tight bounding box.,ANTIGRAVITY_VISUAL_QA,2026-09-26T03:55:00+07:00
4898,CAND_004898,LOW,REJECT,0,person,train,WEB09356.jpg,"(0.63984375, 0.97708333, 0.02500000, 0.04583333)",None,"False positive person detection on vertical inanimate structure/object (conf=0.252, aspect=1.03); non-human object.",ANTIGRAVITY_VISUAL_QA,2026-09-26T03:55:00+07:00
4899,CAND_004899,LOW,REJECT,0,person,val,WEB08002.jpg,"(0.91718944, 0.83855769, 0.02500000, 0.10967949)",None,Tiny ambiguous silhouette (8x17 px); insufficient pixel resolution to verify human instance.,ANTIGRAVITY_VISUAL_QA,2026-09-26T03:55:00+07:00
4900,CAND_004900,LOW,REJECT,0,person,test,PublicDataset01293.jpg,"(0.43828160, 0.75542722, 0.02188470, 0.06800633)",None,Tiny ambiguous silhouette (9x21 px); insufficient pixel resolution to verify human instance.,ANTIGRAVITY_VISUAL_QA,2026-09-26T03:55:00+07:00
4901,CAND_004901,LOW,REJECT,0,person,test,WEB11620.jpg,"(0.92500000, 0.86401389, 0.15000000, 0.26225000)",None,"False positive person detection on vertical inanimate structure/object (conf=0.252, aspect=0.99); non-human object.",ANTIGRAVITY_VISUAL_QA,2026-09-26T03:55:00+07:00
4902,CAND_004902,LOW,REJECT,0,person,train,WEB05076.jpg,"(0.81074096, 0.66696939, 0.03475904, 0.16144898)",None,"False positive person detection on vertical inanimate structure/object (conf=0.252, aspect=2.74); non-human object.",ANTIGRAVITY_VISUAL_QA,2026-09-26T03:55:00+07:00
4903,CAND_004903,LOW,REJECT,0,person,train,WEB05317.jpg,"(0.48398438, 0.82361111, 0.02109375, 0.14444444)",None,"False positive person detection on vertical inanimate structure/object (conf=0.252, aspect=3.85); non-human object.",ANTIGRAVITY_VISUAL_QA,2026-09-26T03:55:00+07:00
4904,CAND_004904,LOW,REJECT,0,person,train,WEB08421.jpg,"(0.47109375, 0.61111111, 0.05390625, 0.26666667)",None,"False positive person detection on vertical inanimate structure/object (conf=0.252, aspect=2.78); non-human object.",ANTIGRAVITY_VISUAL_QA,2026-09-26T03:55:00+07:00
4905,CAND_004905,LOW,REJECT,0,person,val,WEB01946.jpg,"(0.29140854, 0.75769036, 0.01952439, 0.15284264)",None,"False positive person detection on vertical inanimate structure/object (conf=0.252, aspect=3.76); non-human object.",ANTIGRAVITY_VISUAL_QA,2026-09-26T03:55:00+07:00
4906,CAND_004906,LOW,REJECT,0,person,test,WEB09773.jpg,"(0.40390625, 0.31076389, 0.02734375, 0.10069444)",None,"False positive person detection on vertical inanimate structure/object (conf=0.251, aspect=2.07); non-human object.",ANTIGRAVITY_VISUAL_QA,2026-09-26T03:55:00+07:00
4907,CAND_004907,LOW,REJECT,0,person,test,WEB10047.jpg,"(0.18315335, 0.91406302, 0.05749460, 0.14063018)",None,"False positive person detection on vertical inanimate structure/object (conf=0.251, aspect=3.19); non-human object.",ANTIGRAVITY_VISUAL_QA,2026-09-26T03:55:00+07:00
4908,CAND_004908,LOW,REJECT,0,person,test,WEB10572.jpg,"(0.57890525, 0.75060345, 0.83437900, 0.46603448)",None,"False positive person detection on vertical inanimate structure/object (conf=0.251, aspect=0.41); non-human object.",ANTIGRAVITY_VISUAL_QA,2026-09-26T03:55:00+07:00
4909,CAND_004909,LOW,REJECT,0,person,test,WEB10872.jpg,"(0.32642708, 0.34023585, 0.20427083, 0.06483491)",None,"False positive person detection on vertical inanimate structure/object (conf=0.251, aspect=0.56); non-human object.",ANTIGRAVITY_VISUAL_QA,2026-09-26T03:55:00+07:00
4910,CAND_004910,LOW,ADD,1,helmet,test,WEB11625.jpg,"(0.20087786, 0.43632783, 0.10325191, 0.08670902)",None,Genuine safety hardhat/firefighter helmet on personnel; clear rigid shell structure and tight bounding box.,ANTIGRAVITY_VISUAL_QA,2026-09-26T03:55:00+07:00
4911,CAND_004911,LOW,REJECT,0,person,train,WEB03391.jpg,"(0.14414358, 0.71053719, 0.01914358, 0.04613223)",None,"False positive person detection on vertical inanimate structure/object (conf=0.251, aspect=1.84); non-human object.",ANTIGRAVITY_VISUAL_QA,2026-09-26T03:55:00+07:00
4912,CAND_004912,LOW,REJECT,0,person,train,WEB04160.jpg,"(0.52578125, 0.51597222, 0.25468750, 0.73888889)",None,False positive person detection on flame region (IoU=0.88 with GT fire).,ANTIGRAVITY_VISUAL_QA,2026-09-26T03:55:00+07:00
4913,CAND_004913,LOW,REJECT,0,person,train,WEB05182.jpg,"(0.12616250, 0.50038750, 0.25077500, 0.43672500)",None,"False positive person detection on vertical inanimate structure/object (conf=0.251, aspect=1.74); non-human object.",ANTIGRAVITY_VISUAL_QA,2026-09-26T03:55:00+07:00
4914,CAND_004914,LOW,ADD,1,helmet,train,WEB05344.jpg,"(0.20468750, 0.30694444, 0.04218750, 0.05000000)",None,Genuine safety hardhat/firefighter helmet on personnel; clear rigid shell structure and tight bounding box.,ANTIGRAVITY_VISUAL_QA,2026-09-26T03:55:00+07:00
4915,CAND_004915,LOW,ADD,1,helmet,train,WEB05963.jpg,"(0.65859375, 0.42083333, 0.02343750, 0.04722222)",None,Genuine safety hardhat/firefighter helmet on personnel; clear rigid shell structure and tight bounding box.,ANTIGRAVITY_VISUAL_QA,2026-09-26T03:55:00+07:00
4916,CAND_004916,LOW,REJECT,0,person,train,WEB07241.jpg,"(0.08583984, 0.34166667, 0.02636719, 0.10138889)",None,"False positive person detection on vertical inanimate structure/object (conf=0.251, aspect=2.16); non-human object.",ANTIGRAVITY_VISUAL_QA,2026-09-26T03:55:00+07:00
4917,CAND_004917,LOW,ADD,1,helmet,train,WEB07713.jpg,"(0.66875000, 0.76627789, 0.03672374, 0.05689655)",None,Genuine safety hardhat/firefighter helmet on personnel; clear rigid shell structure and tight bounding box.,ANTIGRAVITY_VISUAL_QA,2026-09-26T03:55:00+07:00
4918,CAND_004918,LOW,REJECT,0,person,train,WEB08427.jpg,"(0.61093750, 0.80277778, 0.02812500, 0.18611111)",None,"False positive person detection on vertical inanimate structure/object (conf=0.251, aspect=3.72); non-human object.",ANTIGRAVITY_VISUAL_QA,2026-09-26T03:55:00+07:00
4919,CAND_004919,LOW,REJECT,0,person,test,WEB10831.jpg,"(0.63584375, 0.48855556, 0.56268750, 0.95000000)",None,False positive person detection on flame region (IoU=0.33 with GT fire).,ANTIGRAVITY_VISUAL_QA,2026-09-26T03:55:00+07:00
4920,CAND_004920,LOW,REJECT,0,person,test,WEB10872.jpg,"(0.06901042, 0.34784788, 0.13593750, 0.14961085)",None,"False positive person detection on vertical inanimate structure/object (conf=0.250, aspect=1.94); non-human object.",ANTIGRAVITY_VISUAL_QA,2026-09-26T03:55:00+07:00
4921,CAND_004921,LOW,REJECT,0,person,test,WEB11009.jpg,"(0.73281319, 0.06757296, 0.04687179, 0.13268817)",None,"False positive person detection on vertical inanimate structure/object (conf=0.250, aspect=1.35); non-human object.",ANTIGRAVITY_VISUAL_QA,2026-09-26T03:55:00+07:00
4922,CAND_004922,LOW,REJECT,0,person,train,WEB03527.jpg,"(0.23671587, 0.60069282, 0.01874539, 0.07527546)",None,"False positive person detection on vertical inanimate structure/object (conf=0.250, aspect=2.96); non-human object.",ANTIGRAVITY_VISUAL_QA,2026-09-26T03:55:00+07:00
4923,CAND_004923,LOW,REJECT,0,person,train,WEB03971.jpg,"(0.53906250, 0.94130208, 0.07656840, 0.11318750)",None,"False positive person detection on vertical inanimate structure/object (conf=0.250, aspect=0.84); non-human object.",ANTIGRAVITY_VISUAL_QA,2026-09-26T03:55:00+07:00
4924,CAND_004924,LOW,REJECT,0,person,train,WEB03985.jpg,"(0.88593750, 0.72667708, 0.22656840, 0.52585417)",None,"False positive person detection on vertical inanimate structure/object (conf=0.250, aspect=1.31); non-human object.",ANTIGRAVITY_VISUAL_QA,2026-09-26T03:55:00+07:00
4925,CAND_004925,LOW,REJECT,0,person,train,WEB04342.jpg,"(0.45234496, 0.61770672, 0.02031008, 0.05417313)",None,"False positive person detection on vertical inanimate structure/object (conf=0.250, aspect=2.00); non-human object.",ANTIGRAVITY_VISUAL_QA,2026-09-26T03:55:00+07:00
4926,CAND_004926,LOW,REJECT,0,person,train,WEB05412.jpg,"(0.24510938, 0.62083333, 0.00859375, 0.05000000)",None,Tiny ambiguous silhouette (5x18 px); insufficient pixel resolution to verify human instance.,ANTIGRAVITY_VISUAL_QA,2026-09-26T03:55:00+07:00
4927,CAND_004927,LOW,REJECT,0,person,train,WEB05608.jpg,"(0.47930000, 0.61952500, 0.02656923, 0.05205000)",None,"False positive person detection on vertical inanimate structure/object (conf=0.250, aspect=1.21); non-human object.",ANTIGRAVITY_VISUAL_QA,2026-09-26T03:55:00+07:00
4928,CAND_004928,LOW,REJECT,0,person,train,WEB07602.jpg,"(0.44765991, 0.91763966, 0.02031201, 0.09511173)",None,"False positive person detection on vertical inanimate structure/object (conf=0.250, aspect=2.62); non-human object.",ANTIGRAVITY_VISUAL_QA,2026-09-26T03:55:00+07:00
4929,CAND_004929,LOW,REJECT,0,person,train,WEB08381.jpg,"(0.40195714, 0.94472500, 0.06717143, 0.10395000)",None,"False positive person detection on vertical inanimate structure/object (conf=0.250, aspect=0.88); non-human object.",ANTIGRAVITY_VISUAL_QA,2026-09-26T03:55:00+07:00
4930,CAND_004930,LOW,REJECT,0,person,train,WEB08557.jpg,"(0.71914000, 0.77713964, 0.01250000, 0.03166667)",None,"False positive person detection on vertical inanimate structure/object (conf=0.250, aspect=1.69); non-human object.",ANTIGRAVITY_VISUAL_QA,2026-09-26T03:55:00+07:00
4931,CAND_004931,LOW,REJECT,0,person,val,WEB08919.jpg,"(0.56171875, 0.45677083, 0.02656250, 0.07395833)",None,"False positive person detection on vertical inanimate structure/object (conf=0.250, aspect=2.09); non-human object.",ANTIGRAVITY_VISUAL_QA,2026-09-26T03:55:00+07:00
4932,CAND_004932,LOW,REJECT,0,person,val,WEB09287.jpg,"(0.24258333, 0.71836111, 0.03750000, 0.18750000)",None,"False positive person detection on vertical inanimate structure/object (conf=0.250, aspect=3.33); non-human object.",ANTIGRAVITY_VISUAL_QA,2026-09-26T03:55:00+07:00
4933,CAND_004933,LOW,REJECT,0,person,test,WEB11754.jpg,"(0.36972222, 0.71015278, 0.02929630, 0.06563889)",None,"False positive person detection on vertical inanimate structure/object (conf=0.249, aspect=1.49); non-human object.",ANTIGRAVITY_VISUAL_QA,2026-09-26T03:55:00+07:00
4934,CAND_004934,LOW,REJECT,0,person,train,WEB06789.jpg,"(0.22118750, 0.44609080, 0.03312500, 0.06093160)",None,"False positive person detection on vertical inanimate structure/object (conf=0.249, aspect=3.25); non-human object.",ANTIGRAVITY_VISUAL_QA,2026-09-26T03:55:00+07:00
4935,CAND_004935,LOW,REJECT,0,person,train,WEB07168.jpg,"(0.22870526, 0.37628000, 0.01366316, 0.06088000)",None,Tiny ambiguous silhouette (6x15 px); insufficient pixel resolution to verify human instance.,ANTIGRAVITY_VISUAL_QA,2026-09-26T03:55:00+07:00
4936,CAND_004936,LOW,REJECT,0,person,train,WEB07221.jpg,"(0.36601563, 0.48888889, 0.04218750, 0.15555556)",None,"False positive person detection on vertical inanimate structure/object (conf=0.249, aspect=2.07); non-human object.",ANTIGRAVITY_VISUAL_QA,2026-09-26T03:55:00+07:00
4937,CAND_004937,LOW,REJECT,0,person,train,WEB07231.jpg,"(0.19160156, 0.35347222, 0.02734375, 0.14722222)",None,"False positive person detection on vertical inanimate structure/object (conf=0.249, aspect=3.03); non-human object.",ANTIGRAVITY_VISUAL_QA,2026-09-26T03:55:00+07:00
4938,CAND_004938,LOW,ADD,1,helmet,train,WEB09157.jpg,"(0.02271673, 0.40520885, 0.04543346, 0.09196560)",None,Genuine safety hardhat/firefighter helmet on personnel; clear rigid shell structure and tight bounding box.,ANTIGRAVITY_VISUAL_QA,2026-09-26T03:55:00+07:00
4939,CAND_004939,LOW,REJECT,0,person,train,PublicDataset00792.jpg,"(0.45116667, 0.83593750, 0.02577778, 0.04493056)",None,"False positive person detection on vertical inanimate structure/object (conf=0.249, aspect=1.39); non-human object.",ANTIGRAVITY_VISUAL_QA,2026-09-26T03:55:00+07:00
4940,CAND_004940,LOW,REJECT,0,person,train,PublicDataset00896.jpg,"(0.60077857, 0.60051173, 0.02110000, 0.10260128)",None,"False positive person detection on vertical inanimate structure/object (conf=0.249, aspect=3.26); non-human object.",ANTIGRAVITY_VISUAL_QA,2026-09-26T03:55:00+07:00
4941,CAND_004941,LOW,REJECT,0,person,train,WEB06573.jpg,"(0.35449194, 0.97083871, 0.01756452, 0.05208602)",None,"Unusable extreme frame edge truncation (1.8%w x 5.2%h, aspect=2.22) showing only marginal body sliver.",ANTIGRAVITY_VISUAL_QA,2026-09-26T03:55:00+07:00
4942,CAND_004942,LOW,REJECT,0,person,train,WEB07201.jpg,"(0.48046875, 0.43472222, 0.04062500, 0.19166667)",None,"False positive person detection on vertical inanimate structure/object (conf=0.249, aspect=2.65); non-human object.",ANTIGRAVITY_VISUAL_QA,2026-09-26T03:55:00+07:00
4943,CAND_004943,LOW,REJECT,0,person,val,WEB07219.jpg,"(0.51328125, 0.52638889, 0.05468750, 0.16111111)",None,"False positive person detection on vertical inanimate structure/object (conf=0.249, aspect=1.66); non-human object.",ANTIGRAVITY_VISUAL_QA,2026-09-26T03:55:00+07:00
4944,CAND_004944,LOW,REJECT,0,person,test,WEB10467.jpg,"(0.90625590, 0.75360417, 0.18437500, 0.46375000)",None,"False positive person detection on vertical inanimate structure/object (conf=0.248, aspect=1.42); non-human object.",ANTIGRAVITY_VISUAL_QA,2026-09-26T03:55:00+07:00
4945,CAND_004945,LOW,ADD,1,helmet,test,WEB11005.jpg,"(0.86562500, 0.26770833, 0.05937500, 0.05000000)",None,Genuine safety hardhat/firefighter helmet on personnel; clear rigid shell structure and tight bounding box.,ANTIGRAVITY_VISUAL_QA,2026-09-26T03:55:00+07:00
4946,CAND_004946,LOW,REJECT,0,person,train,WEB03786.jpg,"(0.05195313, 0.65000000, 0.01611328, 0.06354167)",None,"False positive person detection on vertical inanimate structure/object (conf=0.248, aspect=2.96); non-human object.",ANTIGRAVITY_VISUAL_QA,2026-09-26T03:55:00+07:00
4947,CAND_004947,LOW,REJECT,0,person,train,WEB04053.jpg,"(0.99140500, 0.93116942, 0.01719000, 0.12884558)",None,"Unusable extreme frame edge truncation (1.7%w x 12.9%h, aspect=5.00) showing only marginal body sliver.",ANTIGRAVITY_VISUAL_QA,2026-09-26T03:55:00+07:00
4948,CAND_004948,LOW,REJECT,0,person,train,WEB04918.jpg,"(0.20779703, 0.49375000, 0.18173267, 0.33905556)",None,"False positive person detection on vertical inanimate structure/object (conf=0.248, aspect=3.32); non-human object.",ANTIGRAVITY_VISUAL_QA,2026-09-26T03:55:00+07:00
4949,CAND_004949,LOW,REJECT,0,person,train,WEB07476.jpg,"(0.32128707, 0.84742424, 0.03007117, 0.09825175)",None,"False positive person detection on vertical inanimate structure/object (conf=0.248, aspect=1.66); non-human object.",ANTIGRAVITY_VISUAL_QA,2026-09-26T03:55:00+07:00
4950,CAND_004950,LOW,REJECT,0,person,train,WEB08976.jpg,"(0.54282178, 0.70545833, 0.60742574, 0.58125000)",None,False positive person detection on dark billowing smoke plume (IoU=0.76 with GT smoke).,ANTIGRAVITY_VISUAL_QA,2026-09-26T03:55:00+07:00
4951,CAND_004951,LOW,REJECT,0,person,train,WEB09759.jpg,"(0.63671875, 0.70138889, 0.01406250, 0.04166667)",None,Tiny ambiguous silhouette (9x15 px); insufficient pixel resolution to verify human instance.,ANTIGRAVITY_VISUAL_QA,2026-09-26T03:55:00+07:00
4952,CAND_004952,LOW,REJECT,0,person,test,WEB10211.jpg,"(0.47268398, 0.77343393, 0.02073593, 0.03907015)",None,Tiny ambiguous silhouette (9x23 px); insufficient pixel resolution to verify human instance.,ANTIGRAVITY_VISUAL_QA,2026-09-26T03:55:00+07:00
4953,CAND_004953,LOW,REJECT,0,person,test,WEB10764.jpg,"(0.94688153, 0.52485795, 0.06560976, 0.23187500)",None,"False positive person detection on vertical inanimate structure/object (conf=0.247, aspect=2.17); non-human object.",ANTIGRAVITY_VISUAL_QA,2026-09-26T03:55:00+07:00
4954,CAND_004954,LOW,REJECT,0,person,test,WEB11641.jpg,"(0.37226562, 0.42569444, 0.01640625, 0.13055556)",None,"False positive person detection on vertical inanimate structure/object (conf=0.247, aspect=4.48); non-human object.",ANTIGRAVITY_VISUAL_QA,2026-09-26T03:55:00+07:00
4955,CAND_004955,LOW,REJECT,0,person,train,PublicDataset01266.jpg,"(0.45117361, 0.83544271, 0.02343056, 0.04296875)",None,"False positive person detection on vertical inanimate structure/object (conf=0.247, aspect=1.47); non-human object.",ANTIGRAVITY_VISUAL_QA,2026-09-26T03:55:00+07:00
4956,CAND_004956,LOW,REJECT,0,person,train,WEB08936.jpg,"(0.26175743, 0.42969444, 0.03202970, 0.03594444)",None,Tiny ambiguous silhouette (6x12 px); insufficient pixel resolution to verify human instance.,ANTIGRAVITY_VISUAL_QA,2026-09-26T03:55:00+07:00
4957,CAND_004957,LOW,REJECT,0,person,train,WEB09207.jpg,"(0.30273155, 0.90559155, 0.01522763, 0.08830986)",None,Tiny ambiguous silhouette (9x31 px); insufficient pixel resolution to verify human instance.,ANTIGRAVITY_VISUAL_QA,2026-09-26T03:55:00+07:00
4958,CAND_004958,LOW,REJECT,0,person,val,WEB04842.jpg,"(0.28496094, 0.74930556, 0.04570312, 0.10138889)",None,"False positive person detection on vertical inanimate structure/object (conf=0.247, aspect=1.25); non-human object.",ANTIGRAVITY_VISUAL_QA,2026-09-26T03:55:00+07:00
4959,CAND_004959,LOW,REJECT,0,person,val,WEB06223.jpg,"(0.42578147, 0.89520295, 0.03983402, 0.05210332)",None,"False positive person detection on vertical inanimate structure/object (conf=0.247, aspect=0.98); non-human object.",ANTIGRAVITY_VISUAL_QA,2026-09-26T03:55:00+07:00
4960,CAND_004960,LOW,ADD,1,helmet,test,WEB10874.jpg,"(0.10029564, 0.53726772, 0.03847510, 0.04269291)",None,Genuine safety hardhat/firefighter helmet on personnel; clear rigid shell structure and tight bounding box.,ANTIGRAVITY_VISUAL_QA,2026-09-26T03:55:00+07:00
4961,CAND_004961,LOW,REJECT,0,person,test,WEB11478.jpg,"(0.62343878, 0.83095413, 0.04218367, 0.17420183)",None,"False positive person detection on vertical inanimate structure/object (conf=0.247, aspect=2.30); non-human object.",ANTIGRAVITY_VISUAL_QA,2026-09-26T03:55:00+07:00
4962,CAND_004962,LOW,REJECT,0,person,train,WEB05399.jpg,"(0.80605208, 0.50780556, 0.37852083, 0.69166667)",None,"False positive person detection on vertical inanimate structure/object (conf=0.247, aspect=1.37); non-human object.",ANTIGRAVITY_VISUAL_QA,2026-09-26T03:55:00+07:00
4963,CAND_004963,LOW,REJECT,0,person,train,WEB05741.jpg,"(0.88203675, 0.27512245, 0.01405819, 0.03330612)",None,Tiny ambiguous silhouette (9x16 px); insufficient pixel resolution to verify human instance.,ANTIGRAVITY_VISUAL_QA,2026-09-26T03:55:00+07:00
4964,CAND_004964,LOW,REJECT,0,person,train,WEB07215.jpg,"(0.43632813, 0.41093750, 0.07968750, 0.20868056)",None,"False positive person detection on vertical inanimate structure/object (conf=0.247, aspect=1.47); non-human object.",ANTIGRAVITY_VISUAL_QA,2026-09-26T03:55:00+07:00
4965,CAND_004965,LOW,REJECT,1,helmet,train,WEB07513.jpg,"(0.33007480, 0.68085249, 0.02304948, 0.03250958)",None,False positive helmet detection misaligned with person anatomy (not on head region).,ANTIGRAVITY_VISUAL_QA,2026-09-26T03:55:00+07:00
4966,CAND_004966,LOW,REJECT,1,helmet,train,WEB08197.jpg,"(0.45156250, 0.27777778, 0.02187500, 0.03611111)",None,False positive helmet detection misaligned with person anatomy (not on head region).,ANTIGRAVITY_VISUAL_QA,2026-09-26T03:55:00+07:00
4967,CAND_004967,LOW,REJECT,0,person,train,WEB09759.jpg,"(0.42734375, 0.68194444, 0.01406250, 0.03888889)",None,Tiny ambiguous silhouette (9x14 px); insufficient pixel resolution to verify human instance.,ANTIGRAVITY_VISUAL_QA,2026-09-26T03:55:00+07:00
4968,CAND_004968,LOW,ADD,1,helmet,val,WEB04051.jpg,"(0.42734500, 0.50981629, 0.05469000, 0.04867412)",None,Genuine safety hardhat/firefighter helmet on personnel; clear rigid shell structure and tight bounding box.,ANTIGRAVITY_VISUAL_QA,2026-09-26T03:55:00+07:00
4969,CAND_004969,LOW,REJECT,0,person,val,WEB07637.jpg,"(0.62968454, 0.59046610, 0.01406940, 0.07415254)",None,Tiny ambiguous silhouette (8x26 px); insufficient pixel resolution to verify human instance.,ANTIGRAVITY_VISUAL_QA,2026-09-26T03:55:00+07:00
4970,CAND_004970,LOW,REJECT,0,person,val,WEB07997.jpg,"(0.49375000, 0.49843750, 0.03359375, 0.12500000)",None,"False positive person detection on vertical inanimate structure/object (conf=0.247, aspect=2.79); non-human object.",ANTIGRAVITY_VISUAL_QA,2026-09-26T03:55:00+07:00
4971,CAND_004971,LOW,REJECT,0,person,val,WEB09283.jpg,"(0.06827344, 0.62152778, 0.03748438, 0.11250000)",None,"False positive person detection on vertical inanimate structure/object (conf=0.247, aspect=1.69); non-human object.",ANTIGRAVITY_VISUAL_QA,2026-09-26T03:55:00+07:00
4972,CAND_004972,LOW,REJECT,0,person,test,WEB11221.jpg,"(0.10505469, 0.55416667, 0.01957813, 0.05555556)",None,"False positive person detection on vertical inanimate structure/object (conf=0.246, aspect=1.60); non-human object.",ANTIGRAVITY_VISUAL_QA,2026-09-26T03:55:00+07:00
4973,CAND_004973,LOW,REJECT,0,person,test,WEB11598.jpg,"(0.94687500, 0.84861111, 0.01562500, 0.06527778)",None,"False positive person detection on vertical inanimate structure/object (conf=0.246, aspect=2.35); non-human object.",ANTIGRAVITY_VISUAL_QA,2026-09-26T03:55:00+07:00
4974,CAND_004974,LOW,REJECT,0,person,test,WEB11641.jpg,"(0.20703125, 0.40763889, 0.01796875, 0.07361111)",None,"False positive person detection on vertical inanimate structure/object (conf=0.246, aspect=2.30); non-human object.",ANTIGRAVITY_VISUAL_QA,2026-09-26T03:55:00+07:00
4975,CAND_004975,LOW,REJECT,0,person,test,WEB11652.jpg,"(0.49765625, 0.71458333, 0.02031250, 0.09722222)",None,"False positive person detection on vertical inanimate structure/object (conf=0.246, aspect=2.69); non-human object.",ANTIGRAVITY_VISUAL_QA,2026-09-26T03:55:00+07:00
4976,CAND_004976,LOW,REJECT,0,person,train,PublicDataset00889.jpg,"(0.75859375, 0.72328767, 0.02656250, 0.09628180)",None,"False positive person detection on vertical inanimate structure/object (conf=0.246, aspect=2.41); non-human object.",ANTIGRAVITY_VISUAL_QA,2026-09-26T03:55:00+07:00
4977,CAND_004977,LOW,REJECT,0,person,train,WEB02150.jpg,"(0.76250208, 0.50584637, 0.11249792, 0.15749644)",None,"False positive person detection on vertical inanimate structure/object (conf=0.246, aspect=0.82); non-human object.",ANTIGRAVITY_VISUAL_QA,2026-09-26T03:55:00+07:00
4978,CAND_004978,LOW,REJECT,0,person,train,WEB03914.jpg,"(0.36289063, 0.48125000, 0.03046875, 0.21250000)",None,"False positive person detection on vertical inanimate structure/object (conf=0.246, aspect=3.92); non-human object.",ANTIGRAVITY_VISUAL_QA,2026-09-26T03:55:00+07:00
4979,CAND_004979,LOW,REJECT,0,person,train,WEB07722.jpg,"(0.01248182, 0.79689822, 0.02469091, 0.09163166)",None,"False positive person detection on vertical inanimate structure/object (conf=0.246, aspect=2.09); non-human object.",ANTIGRAVITY_VISUAL_QA,2026-09-26T03:55:00+07:00
4980,CAND_004980,LOW,REJECT,0,person,train,WEB08233.jpg,"(0.98125000, 0.98333333, 0.01250000, 0.03055556)",None,"Unusable extreme frame edge truncation (1.2%w x 3.1%h, aspect=1.38) showing only marginal body sliver.",ANTIGRAVITY_VISUAL_QA,2026-09-26T03:55:00+07:00
4981,CAND_004981,LOW,REJECT,0,person,val,WEB07070.jpg,"(0.10517969, 0.74583333, 0.01445313, 0.05833333)",None,"False positive person detection on vertical inanimate structure/object (conf=0.246, aspect=2.27); non-human object.",ANTIGRAVITY_VISUAL_QA,2026-09-26T03:55:00+07:00
4982,CAND_004982,LOW,REJECT,0,person,val,WEB07136.jpg,"(0.84453125, 0.73750000, 0.03750000, 0.12777778)",None,"False positive person detection on vertical inanimate structure/object (conf=0.246, aspect=1.92); non-human object.",ANTIGRAVITY_VISUAL_QA,2026-09-26T03:55:00+07:00
4983,CAND_004983,LOW,REJECT,0,person,test,WEB09496.jpg,"(0.93125000, 0.91875000, 0.13750000, 0.15000000)",None,"False positive person detection on vertical inanimate structure/object (conf=0.245, aspect=0.61); non-human object.",ANTIGRAVITY_VISUAL_QA,2026-09-26T03:55:00+07:00
4984,CAND_004984,LOW,REJECT,0,person,train,WEB00480.jpg,"(0.69179687, 0.91201117, 0.03671875, 0.16759777)",None,"False positive person detection on vertical inanimate structure/object (conf=0.245, aspect=2.55); non-human object.",ANTIGRAVITY_VISUAL_QA,2026-09-26T03:55:00+07:00
4985,CAND_004985,LOW,REJECT,0,person,train,WEB02468.jpg,"(0.27538945, 0.80132670, 0.02577889, 0.05568823)",None,"False positive person detection on vertical inanimate structure/object (conf=0.245, aspect=1.64); non-human object.",ANTIGRAVITY_VISUAL_QA,2026-09-26T03:55:00+07:00
4986,CAND_004986,LOW,REJECT,0,person,train,WEB07972.jpg,"(0.41054335, 0.95768980, 0.06015873, 0.08049892)",None,"False positive person detection on vertical inanimate structure/object (conf=0.245, aspect=0.75); non-human object.",ANTIGRAVITY_VISUAL_QA,2026-09-26T03:55:00+07:00
4987,CAND_004987,LOW,REJECT,0,person,val,WEB06030.jpg,"(0.68672010, 0.69119872, 0.04687175, 0.11096154)",None,"False positive person detection on vertical inanimate structure/object (conf=0.245, aspect=1.60); non-human object.",ANTIGRAVITY_VISUAL_QA,2026-09-26T03:55:00+07:00
4988,CAND_004988,LOW,REJECT,0,person,val,WEB08962.jpg,"(0.00771875, 0.78089888, 0.01528125, 0.08707865)",None,"Unusable extreme frame edge truncation (1.5%w x 8.7%h, aspect=3.17) showing only marginal body sliver.",ANTIGRAVITY_VISUAL_QA,2026-09-26T03:55:00+07:00
4989,CAND_004989,LOW,REJECT,0,person,test,WEB11552.jpg,"(0.04721875, 0.64305556, 0.04287500, 0.23055556)",None,"False positive person detection on vertical inanimate structure/object (conf=0.244, aspect=3.02); non-human object.",ANTIGRAVITY_VISUAL_QA,2026-09-26T03:55:00+07:00
4990,CAND_004990,LOW,REJECT,0,person,train,WEB03166.jpg,"(0.14179551, 0.68437919, 0.00820449, 0.02627517)",None,Tiny ambiguous silhouette (6x15 px); insufficient pixel resolution to verify human instance.,ANTIGRAVITY_VISUAL_QA,2026-09-26T03:55:00+07:00
4991,CAND_004991,LOW,REJECT,0,person,train,WEB06793.jpg,"(0.75704167, 0.46602005, 0.02483333, 0.03984670)",None,"False positive person detection on vertical inanimate structure/object (conf=0.244, aspect=2.83); non-human object.",ANTIGRAVITY_VISUAL_QA,2026-09-26T03:55:00+07:00
4992,CAND_004992,LOW,REJECT,0,person,train,WEB07947.jpg,"(0.26406250, 0.77569444, 0.04960938, 0.12083333)",None,"False positive person detection on vertical inanimate structure/object (conf=0.244, aspect=1.37); non-human object.",ANTIGRAVITY_VISUAL_QA,2026-09-26T03:55:00+07:00
4993,CAND_004993,LOW,REJECT,0,person,train,WEB08196.jpg,"(0.73906250, 0.80000000, 0.04062500, 0.20000000)",None,"False positive person detection on vertical inanimate structure/object (conf=0.244, aspect=2.15); non-human object.",ANTIGRAVITY_VISUAL_QA,2026-09-26T03:55:00+07:00
4994,CAND_004994,LOW,REJECT,0,person,train,WEB08422.jpg,"(0.57031250, 0.54444444, 0.03906250, 0.18055556)",None,"False positive person detection on vertical inanimate structure/object (conf=0.244, aspect=2.60); non-human object.",ANTIGRAVITY_VISUAL_QA,2026-09-26T03:55:00+07:00
4995,CAND_004995,LOW,REJECT,0,person,val,WEB03938.jpg,"(0.24550781, 0.34861111, 0.04804688, 0.14861111)",None,"False positive person detection on vertical inanimate structure/object (conf=0.244, aspect=1.74); non-human object.",ANTIGRAVITY_VISUAL_QA,2026-09-26T03:55:00+07:00
4996,CAND_004996,LOW,REJECT,0,person,val,WEB08306.jpg,"(0.52929688, 0.63611111, 0.01328125, 0.05277778)",None,Tiny ambiguous silhouette (8x19 px); insufficient pixel resolution to verify human instance.,ANTIGRAVITY_VISUAL_QA,2026-09-26T03:55:00+07:00
4997,CAND_004997,LOW,REJECT,0,person,test,PublicDataset01298.jpg,"(0.25351250, 0.43631854, 0.00937500, 0.03671018)",None,"False positive person detection on vertical inanimate structure/object (conf=0.244, aspect=2.50); non-human object.",ANTIGRAVITY_VISUAL_QA,2026-09-26T03:55:00+07:00
4998,CAND_004998,LOW,REJECT,0,person,test,WEB11237.jpg,"(0.62109375, 0.47916667, 0.03593750, 0.16388889)",None,"False positive person detection on vertical inanimate structure/object (conf=0.244, aspect=2.57); non-human object.",ANTIGRAVITY_VISUAL_QA,2026-09-26T03:55:00+07:00
4999,CAND_004999,LOW,REJECT,0,person,train,AoF07348.jpg,"(0.47695312, 0.13263889, 0.19843750, 0.25833333)",None,"False positive person detection on vertical inanimate structure/object (conf=0.244, aspect=0.73); non-human object.",ANTIGRAVITY_VISUAL_QA,2026-09-26T03:55:00+07:00
5000,CAND_005000,LOW,REJECT,0,person,train,WEB06307.jpg,"(0.53750000, 0.21333846, 0.01250000, 0.04267692)",None,"False positive person detection on vertical inanimate structure/object (conf=0.244, aspect=2.22); non-human object.",ANTIGRAVITY_VISUAL_QA,2026-09-26T03:55:00+07:00
5001,CAND_005001,LOW,REJECT,0,person,train,WEB07132.jpg,"(0.93125000, 0.86250000, 0.01718750, 0.08055556)",None,"False positive person detection on vertical inanimate structure/object (conf=0.244, aspect=2.64); non-human object.",ANTIGRAVITY_VISUAL_QA,2026-09-26T03:55:00+07:00
5002,CAND_005002,LOW,REJECT,0,person,train,WEB07509.jpg,"(0.88437206, 0.68927978, 0.03750392, 0.05789474)",None,"False positive person detection on vertical inanimate structure/object (conf=0.244, aspect=0.87); non-human object.",ANTIGRAVITY_VISUAL_QA,2026-09-26T03:55:00+07:00
5003,CAND_005003,LOW,REJECT,0,person,train,WEB08381.jpg,"(0.83360000, 0.60157500, 0.06405714, 0.27345000)",None,"False positive person detection on vertical inanimate structure/object (conf=0.244, aspect=2.44); non-human object.",ANTIGRAVITY_VISUAL_QA,2026-09-26T03:55:00+07:00
5004,CAND_005004,LOW,REJECT,0,person,train,WEB08431.jpg,"(0.53007812, 0.66319444, 0.08906250, 0.47916667)",None,"False positive person detection on vertical inanimate structure/object (conf=0.244, aspect=3.03); non-human object.",ANTIGRAVITY_VISUAL_QA,2026-09-26T03:55:00+07:00
5005,CAND_005005,LOW,REJECT,0,person,train,WEB08747.jpg,"(0.25676471, 0.53906944, 0.04617647, 0.06719444)",None,Tiny ambiguous silhouette (9x24 px); insufficient pixel resolution to verify human instance.,ANTIGRAVITY_VISUAL_QA,2026-09-26T03:55:00+07:00
5006,CAND_005006,LOW,REJECT,0,person,test,WEB10373.jpg,"(0.40234395, 0.97686542, 0.02030573, 0.04596252)",None,"False positive person detection on vertical inanimate structure/object (conf=0.243, aspect=1.69); non-human object.",ANTIGRAVITY_VISUAL_QA,2026-09-26T03:55:00+07:00
5007,CAND_005007,LOW,REJECT,0,person,test,WEB11135.jpg,"(0.95855208, 0.79648585, 0.08143750, 0.40077830)",None,"Unusable extreme frame edge truncation (8.1%w x 40.1%h, aspect=8.69) showing only marginal body sliver.",ANTIGRAVITY_VISUAL_QA,2026-09-26T03:55:00+07:00
5008,CAND_005008,LOW,REJECT,0,person,train,PublicDataset01156.jpg,"(0.01562500, 0.61562500, 0.03041667, 0.07708333)",None,"False positive person detection on vertical inanimate structure/object (conf=0.243, aspect=1.90); non-human object.",ANTIGRAVITY_VISUAL_QA,2026-09-26T03:55:00+07:00
5009,CAND_005009,LOW,REJECT,0,person,train,WEB03362.jpg,"(0.36404506, 0.96796530, 0.03826180, 0.06249211)",None,"False positive person detection on vertical inanimate structure/object (conf=0.243, aspect=2.22); non-human object.",ANTIGRAVITY_VISUAL_QA,2026-09-26T03:55:00+07:00
5010,CAND_005010,LOW,REJECT,0,person,train,WEB07476.jpg,"(0.96406287, 0.80981352, 0.03749703, 0.17962704)",None,"False positive person detection on vertical inanimate structure/object (conf=0.243, aspect=2.44); non-human object.",ANTIGRAVITY_VISUAL_QA,2026-09-26T03:55:00+07:00
5011,CAND_005011,LOW,REJECT,0,person,train,WEB07628.jpg,"(0.70273228, 0.35156780, 0.59296063, 0.69262712)",None,False positive person detection on dark billowing smoke plume (IoU=0.90 with GT smoke).,ANTIGRAVITY_VISUAL_QA,2026-09-26T03:55:00+07:00
5012,CAND_005012,LOW,REJECT,0,person,train,WEB08426.jpg,"(0.18671875, 0.78888889, 0.05000000, 0.10833333)",None,"False positive person detection on vertical inanimate structure/object (conf=0.243, aspect=1.22); non-human object.",ANTIGRAVITY_VISUAL_QA,2026-09-26T03:55:00+07:00
5013,CAND_005013,LOW,REJECT,0,person,test,WEB11288.jpg,"(0.51484688, 0.61086207, 0.02031802, 0.03620690)",None,Tiny ambiguous silhouette (17x12 px); insufficient pixel resolution to verify human instance.,ANTIGRAVITY_VISUAL_QA,2026-09-26T03:55:00+07:00
5014,CAND_005014,LOW,REJECT,0,person,test,WEB11478.jpg,"(0.06240306, 0.60388991, 0.12441837, 0.76737615)",None,"False positive person detection on vertical inanimate structure/object (conf=0.242, aspect=3.43); non-human object.",ANTIGRAVITY_VISUAL_QA,2026-09-26T03:55:00+07:00
5015,CAND_005015,LOW,ADD,1,helmet,test,WEB11642.jpg,"(0.83574219, 0.20694444, 0.13164063, 0.17361111)",None,Genuine safety hardhat/firefighter helmet on personnel; clear rigid shell structure and tight bounding box.,ANTIGRAVITY_VISUAL_QA,2026-09-26T03:55:00+07:00
5016,CAND_005016,LOW,REJECT,0,person,train,WEB02389.jpg,"(0.54414000, 0.37305847, 0.07890000, 0.14524738)",None,"False positive person detection on vertical inanimate structure/object (conf=0.242, aspect=1.23); non-human object.",ANTIGRAVITY_VISUAL_QA,2026-09-26T03:55:00+07:00
5017,CAND_005017,LOW,REJECT,0,person,train,WEB08197.jpg,"(0.44648438, 0.33541667, 0.09453125, 0.15000000)",None,"False positive person detection on vertical inanimate structure/object (conf=0.242, aspect=0.89); non-human object.",ANTIGRAVITY_VISUAL_QA,2026-09-26T03:55:00+07:00
5018,CAND_005018,LOW,REJECT,0,person,train,WEB08861.jpg,"(0.68203125, 0.52916667, 0.01796875, 0.10555556)",None,"False positive person detection on vertical inanimate structure/object (conf=0.242, aspect=3.30); non-human object.",ANTIGRAVITY_VISUAL_QA,2026-09-26T03:55:00+07:00
5019,CAND_005019,LOW,REJECT,0,person,val,WEB07601.jpg,"(0.91953429, 0.62526753, 0.01249744, 0.03662362)",None,"False positive person detection on vertical inanimate structure/object (conf=0.242, aspect=1.63); non-human object.",ANTIGRAVITY_VISUAL_QA,2026-09-26T03:55:00+07:00
5020,CAND_005020,LOW,REJECT,0,person,test,WEB11784.jpg,"(0.35293000, 0.40203939, 0.01562000, 0.07147395)",None,"False positive person detection on vertical inanimate structure/object (conf=0.241, aspect=3.60); non-human object.",ANTIGRAVITY_VISUAL_QA,2026-09-26T03:55:00+07:00
5021,CAND_005021,LOW,REJECT,0,person,train,PublicDataset00867.jpg,"(0.86406667, 0.77743902, 0.02500000, 0.09146341)",None,"False positive person detection on vertical inanimate structure/object (conf=0.241, aspect=3.00); non-human object.",ANTIGRAVITY_VISUAL_QA,2026-09-26T03:55:00+07:00
5022,CAND_005022,LOW,REJECT,0,person,train,WEB03985.jpg,"(0.68672170, 0.20461458, 0.16719340, 0.40510417)",None,"False positive person detection on vertical inanimate structure/object (conf=0.241, aspect=1.37); non-human object.",ANTIGRAVITY_VISUAL_QA,2026-09-26T03:55:00+07:00
5023,CAND_005023,LOW,REJECT,0,person,train,WEB06797.jpg,"(0.54448958, 0.92734670, 0.17114583, 0.14375000)",None,"False positive person detection on vertical inanimate structure/object (conf=0.241, aspect=1.48); non-human object.",ANTIGRAVITY_VISUAL_QA,2026-09-26T03:55:00+07:00
5024,CAND_005024,LOW,REJECT,0,person,train,WEB08381.jpg,"(0.53280000, 0.74852500, 0.09531429, 0.44845000)",None,"False positive person detection on vertical inanimate structure/object (conf=0.241, aspect=2.69); non-human object.",ANTIGRAVITY_VISUAL_QA,2026-09-26T03:55:00+07:00
5025,CAND_005025,LOW,REJECT,0,person,train,WEB09275.jpg,"(0.98828269, 0.63307515, 0.02343462, 0.18608896)",None,"False positive person detection on vertical inanimate structure/object (conf=0.241, aspect=4.77); non-human object.",ANTIGRAVITY_VISUAL_QA,2026-09-26T03:55:00+07:00
5026,CAND_005026,LOW,REJECT,0,person,train,WEB09375.jpg,"(0.64218750, 0.49444444, 0.01875000, 0.14583333)",None,"False positive person detection on vertical inanimate structure/object (conf=0.241, aspect=4.38); non-human object.",ANTIGRAVITY_VISUAL_QA,2026-09-26T03:55:00+07:00
5027,CAND_005027,LOW,REJECT,0,person,test,WEB07098.jpg,"(0.02948437, 0.73055556, 0.01621875, 0.04444444)",None,"False positive person detection on vertical inanimate structure/object (conf=0.241, aspect=1.54); non-human object.",ANTIGRAVITY_VISUAL_QA,2026-09-26T03:55:00+07:00
5028,CAND_005028,LOW,REJECT,0,person,test,WEB10185.jpg,"(0.01132812, 0.78554688, 0.02265625, 0.12734375)",None,"Unusable extreme frame edge truncation (2.3%w x 12.7%h, aspect=7.49) showing only marginal body sliver.",ANTIGRAVITY_VISUAL_QA,2026-09-26T03:55:00+07:00
5029,CAND_005029,LOW,REJECT,0,person,test,WEB10431.jpg,"(0.18994097, 0.43396512, 0.02363636, 0.06769767)",None,"False positive person detection on vertical inanimate structure/object (conf=0.241, aspect=1.45); non-human object.",ANTIGRAVITY_VISUAL_QA,2026-09-26T03:55:00+07:00
5030,CAND_005030,LOW,ADD,1,helmet,test,WEB10519.jpg,"(0.19990234, 0.06944444, 0.13652344, 0.13888889)",None,Genuine safety hardhat/firefighter helmet on personnel; clear rigid shell structure and tight bounding box.,ANTIGRAVITY_VISUAL_QA,2026-09-26T03:55:00+07:00
5031,CAND_005031,LOW,REJECT,0,person,train,WEB02993.jpg,"(0.07549219, 0.78194444, 0.04667187, 0.22222222)",None,"False positive person detection on vertical inanimate structure/object (conf=0.241, aspect=2.68); non-human object.",ANTIGRAVITY_VISUAL_QA,2026-09-26T03:55:00+07:00
5032,CAND_005032,LOW,REJECT,0,person,train,WEB07476.jpg,"(0.14023132, 0.88426573, 0.06015421, 0.17501166)",None,"False positive person detection on vertical inanimate structure/object (conf=0.241, aspect=1.48); non-human object.",ANTIGRAVITY_VISUAL_QA,2026-09-26T03:55:00+07:00
5033,CAND_005033,LOW,REJECT,0,person,train,WEB09169.jpg,"(0.64609483, 0.74817829, 0.01796552, 0.10959690)",None,"False positive person detection on vertical inanimate structure/object (conf=0.241, aspect=3.39); non-human object.",ANTIGRAVITY_VISUAL_QA,2026-09-26T03:55:00+07:00
5034,CAND_005034,LOW,REJECT,0,person,train,WEB09286.jpg,"(0.74375000, 0.91230556, 0.07342593, 0.17227778)",None,"False positive person detection on vertical inanimate structure/object (conf=0.241, aspect=1.56); non-human object.",ANTIGRAVITY_VISUAL_QA,2026-09-26T03:55:00+07:00
5035,CAND_005035,LOW,REJECT,0,person,val,WEB07394.jpg,"(0.91718610, 0.66208968, 0.07811659, 0.24055838)",None,"False positive person detection on vertical inanimate structure/object (conf=0.241, aspect=2.04); non-human object.",ANTIGRAVITY_VISUAL_QA,2026-09-26T03:55:00+07:00
5036,CAND_005036,LOW,REJECT,0,person,test,WEB11449.jpg,"(0.14033133, 0.95850909, 0.02636546, 0.07640000)",None,"False positive person detection on vertical inanimate structure/object (conf=0.240, aspect=1.60); non-human object.",ANTIGRAVITY_VISUAL_QA,2026-09-26T03:55:00+07:00
5037,CAND_005037,LOW,REJECT,0,person,train,WEB02176.jpg,"(0.51171875, 0.96944444, 0.01406250, 0.05555556)",None,"False positive person detection on vertical inanimate structure/object (conf=0.240, aspect=2.22); non-human object.",ANTIGRAVITY_VISUAL_QA,2026-09-26T03:55:00+07:00
5038,CAND_005038,LOW,REJECT,0,person,train,WEB02394.jpg,"(0.27031250, 0.98437500, 0.02226563, 0.03125000)",None,"False positive person detection on vertical inanimate structure/object (conf=0.240, aspect=0.79); non-human object.",ANTIGRAVITY_VISUAL_QA,2026-09-26T03:55:00+07:00
5039,CAND_005039,LOW,REJECT,0,person,train,WEB03030.jpg,"(0.30664062, 0.62291667, 0.04140625, 0.11666667)",None,"False positive person detection on vertical inanimate structure/object (conf=0.240, aspect=1.58); non-human object.",ANTIGRAVITY_VISUAL_QA,2026-09-26T03:55:00+07:00
5040,CAND_005040,LOW,REJECT,0,person,train,WEB07212.jpg,"(0.31152344, 0.41736111, 0.02382812, 0.10833333)",None,"False positive person detection on vertical inanimate structure/object (conf=0.240, aspect=2.56); non-human object.",ANTIGRAVITY_VISUAL_QA,2026-09-26T03:55:00+07:00
5041,CAND_005041,LOW,REJECT,0,person,train,WEB07716.jpg,"(0.98281418, 0.92583015, 0.03437164, 0.14158397)",None,"False positive person detection on vertical inanimate structure/object (conf=0.240, aspect=2.32); non-human object.",ANTIGRAVITY_VISUAL_QA,2026-09-26T03:55:00+07:00
5042,CAND_005042,LOW,REJECT,0,person,train,WEB09110.jpg,"(0.81269375, 0.93880208, 0.03398750, 0.12239583)",None,"False positive person detection on vertical inanimate structure/object (conf=0.240, aspect=2.16); non-human object.",ANTIGRAVITY_VISUAL_QA,2026-09-26T03:55:00+07:00
5043,CAND_005043,LOW,REJECT,0,person,val,WEB07611.jpg,"(0.32109524, 0.66389831, 0.02342857, 0.08480226)",None,"False positive person detection on vertical inanimate structure/object (conf=0.240, aspect=2.03); non-human object.",ANTIGRAVITY_VISUAL_QA,2026-09-26T03:55:00+07:00
5044,CAND_005044,LOW,REJECT,0,person,test,WEB10057.jpg,"(0.36776364, 0.48073770, 0.03320000, 0.16551913)",None,Tiny ambiguous silhouette (9x30 px); insufficient pixel resolution to verify human instance.,ANTIGRAVITY_VISUAL_QA,2026-09-26T03:55:00+07:00
5045,CAND_005045,LOW,ADD,1,helmet,test,WEB11255.jpg,"(0.50416296, 0.35663750, 0.03611852, 0.01562500)",None,Genuine safety hardhat/firefighter helmet on personnel; clear rigid shell structure and tight bounding box.,ANTIGRAVITY_VISUAL_QA,2026-09-26T03:55:00+07:00
5046,CAND_005046,LOW,REJECT,0,person,train,PublicDataset00996.jpg,"(0.74296823, 0.52155556, 0.08516722, 0.36883951)",None,"False positive person detection on vertical inanimate structure/object (conf=0.239, aspect=2.93); non-human object.",ANTIGRAVITY_VISUAL_QA,2026-09-26T03:55:00+07:00
5047,CAND_005047,LOW,REJECT,0,person,train,WEB00453.jpg,"(0.31796875, 0.91597222, 0.00781250, 0.03055556)",None,Tiny ambiguous silhouette (5x11 px); insufficient pixel resolution to verify human instance.,ANTIGRAVITY_VISUAL_QA,2026-09-26T03:55:00+07:00
5048,CAND_005048,LOW,REJECT,0,person,train,WEB02152.jpg,"(0.74765625, 0.96597222, 0.05937500, 0.06388889)",None,"False positive person detection on vertical inanimate structure/object (conf=0.239, aspect=0.61); non-human object.",ANTIGRAVITY_VISUAL_QA,2026-09-26T03:55:00+07:00
5049,CAND_005049,LOW,REJECT,0,person,train,WEB02272.jpg,"(0.45468480, 0.46653028, 0.01562423, 0.04137480)",None,"False positive person detection on vertical inanimate structure/object (conf=0.239, aspect=2.00); non-human object.",ANTIGRAVITY_VISUAL_QA,2026-09-26T03:55:00+07:00
5050,CAND_005050,LOW,REJECT,0,person,train,WEB02388.jpg,"(0.09726562, 0.34389671, 0.03690625, 0.09037559)",None,"False positive person detection on vertical inanimate structure/object (conf=0.239, aspect=1.63); non-human object.",ANTIGRAVITY_VISUAL_QA,2026-09-26T03:55:00+07:00
5051,CAND_005051,LOW,REJECT,0,person,train,WEB03407.jpg,"(0.97187582, 0.67223618, 0.05624837, 0.20721943)",None,"False positive person detection on vertical inanimate structure/object (conf=0.239, aspect=2.87); non-human object.",ANTIGRAVITY_VISUAL_QA,2026-09-26T03:55:00+07:00
5052,CAND_005052,LOW,REJECT,1,helmet,train,WEB06068.jpg,"(0.52890625, 0.56527778, 0.01718750, 0.03611111)",None,Distant blurred head silhouette (11x13 px); insufficient pixels to verify safety helmet.,ANTIGRAVITY_VISUAL_QA,2026-09-26T03:55:00+07:00
5053,CAND_005053,LOW,ADD,1,helmet,train,WEB07169.jpg,"(0.33788918, 0.79007426, 0.03398417, 0.06450495)",None,Genuine safety hardhat/firefighter helmet on personnel; clear rigid shell structure and tight bounding box.,ANTIGRAVITY_VISUAL_QA,2026-09-26T03:55:00+07:00
5054,CAND_005054,LOW,REJECT,0,person,train,WEB07722.jpg,"(0.33125000, 0.75941034, 0.11250000, 0.46786753)",None,"False positive person detection on vertical inanimate structure/object (conf=0.239, aspect=2.34); non-human object.",ANTIGRAVITY_VISUAL_QA,2026-09-26T03:55:00+07:00
5055,CAND_005055,LOW,REJECT,0,person,train,WEB07840.jpg,"(0.16053808, 0.32206775, 0.03965232, 0.04765420)",None,"False positive person detection on vertical inanimate structure/object (conf=0.239, aspect=1.97); non-human object.",ANTIGRAVITY_VISUAL_QA,2026-09-26T03:55:00+07:00
5056,CAND_005056,LOW,ADD,1,helmet,val,WEB03944.jpg,"(0.66718750, 0.30069444, 0.02421875, 0.03750000)",None,Genuine safety hardhat/firefighter helmet on personnel; clear rigid shell structure and tight bounding box.,ANTIGRAVITY_VISUAL_QA,2026-09-26T03:55:00+07:00
5057,CAND_005057,LOW,REJECT,0,person,test,WEB10221.jpg,"(0.69882640, 0.81030670, 0.04062888, 0.25416548)",None,"False positive person detection on vertical inanimate structure/object (conf=0.239, aspect=3.88); non-human object.",ANTIGRAVITY_VISUAL_QA,2026-09-26T03:55:00+07:00
5058,CAND_005058,LOW,REJECT,0,person,train,WEB02755.jpg,"(0.06454845, 0.97823699, 0.02499530, 0.04352601)",None,"False positive person detection on vertical inanimate structure/object (conf=0.239, aspect=1.13); non-human object.",ANTIGRAVITY_VISUAL_QA,2026-09-26T03:55:00+07:00
5059,CAND_005059,LOW,REJECT,0,person,train,WEB07214.jpg,"(0.28437500, 0.36250000, 0.01953125, 0.11944444)",None,"False positive person detection on vertical inanimate structure/object (conf=0.239, aspect=3.44); non-human object.",ANTIGRAVITY_VISUAL_QA,2026-09-26T03:55:00+07:00
5060,CAND_005060,LOW,REJECT,0,person,train,WEB07476.jpg,"(0.93593713, 0.83821678, 0.03436536, 0.09825175)",None,"False positive person detection on vertical inanimate structure/object (conf=0.239, aspect=1.45); non-human object.",ANTIGRAVITY_VISUAL_QA,2026-09-26T03:55:00+07:00
5061,CAND_005061,LOW,REJECT,0,person,train,WEB09049.jpg,"(0.53515625, 0.80555556, 0.04140625, 0.10972222)",None,"False positive person detection on vertical inanimate structure/object (conf=0.239, aspect=1.49); non-human object.",ANTIGRAVITY_VISUAL_QA,2026-09-26T03:55:00+07:00
5062,CAND_005062,LOW,REJECT,0,person,train,WEB09223.jpg,"(0.12187246, 0.54053285, 0.01484159, 0.05616058)",None,"False positive person detection on vertical inanimate structure/object (conf=0.239, aspect=2.11); non-human object.",ANTIGRAVITY_VISUAL_QA,2026-09-26T03:55:00+07:00
5063,CAND_005063,LOW,REJECT,0,person,train,WEB09564.jpg,"(0.33945313, 0.84930556, 0.01134375, 0.03333333)",None,Tiny ambiguous silhouette (7x12 px); insufficient pixel resolution to verify human instance.,ANTIGRAVITY_VISUAL_QA,2026-09-26T03:55:00+07:00
5064,CAND_005064,LOW,REJECT,0,person,val,WEB07780.jpg,"(0.38319902, 0.75087500, 0.08515263, 0.29733824)",None,"False positive person detection on vertical inanimate structure/object (conf=0.239, aspect=2.90); non-human object.",ANTIGRAVITY_VISUAL_QA,2026-09-26T03:55:00+07:00
5065,CAND_005065,LOW,REJECT,0,person,train,AoF03293.jpg,"(0.07070313, 0.92986111, 0.01289062, 0.04583333)",None,"False positive person detection on vertical inanimate structure/object (conf=0.238, aspect=2.00); non-human object.",ANTIGRAVITY_VISUAL_QA,2026-09-26T03:55:00+07:00
5066,CAND_005066,LOW,ADD,1,helmet,train,WEB04539.jpg,"(0.21411458, 0.45577143, 0.11475694, 0.18388571)",None,Genuine safety hardhat/firefighter helmet on personnel; clear rigid shell structure and tight bounding box.,ANTIGRAVITY_VISUAL_QA,2026-09-26T03:55:00+07:00
5067,CAND_005067,LOW,REJECT,0,person,train,WEB07721.jpg,"(0.69296992, 0.93694656, 0.02499463, 0.11660305)",None,"False positive person detection on vertical inanimate structure/object (conf=0.238, aspect=2.63); non-human object.",ANTIGRAVITY_VISUAL_QA,2026-09-26T03:55:00+07:00
5068,CAND_005068,LOW,REJECT,0,person,train,WEB07929.jpg,"(0.97187500, 0.40625000, 0.01562500, 0.04062500)",None,"False positive person detection on vertical inanimate structure/object (conf=0.238, aspect=1.95); non-human object.",ANTIGRAVITY_VISUAL_QA,2026-09-26T03:55:00+07:00
5069,CAND_005069,LOW,REJECT,0,person,train,WEB07962.jpg,"(0.56054688, 0.54166667, 0.02343750, 0.17638889)",None,"False positive person detection on vertical inanimate structure/object (conf=0.238, aspect=4.23); non-human object.",ANTIGRAVITY_VISUAL_QA,2026-09-26T03:55:00+07:00
5070,CAND_005070,LOW,REJECT,0,person,train,WEB08196.jpg,"(0.97656250, 0.92500000, 0.04375000, 0.14285714)",None,"False positive person detection on vertical inanimate structure/object (conf=0.238, aspect=1.43); non-human object.",ANTIGRAVITY_VISUAL_QA,2026-09-26T03:55:00+07:00
5071,CAND_005071,LOW,REJECT,0,person,val,WEB04063.jpg,"(0.18203000, 0.47604000, 0.21094000, 0.29896000)",None,"False positive person detection on vertical inanimate structure/object (conf=0.238, aspect=1.06); non-human object.",ANTIGRAVITY_VISUAL_QA,2026-09-26T03:55:00+07:00
5072,CAND_005072,LOW,ADD,1,helmet,val,WEB05960.jpg,"(0.72031250, 0.26805556, 0.10312500, 0.11805556)",None,Genuine safety hardhat/firefighter helmet on personnel; clear rigid shell structure and tight bounding box.,ANTIGRAVITY_VISUAL_QA,2026-09-26T03:55:00+07:00
5073,CAND_005073,LOW,REJECT,0,person,val,WEB07715.jpg,"(0.86836512, 0.58398980, 0.04381471, 0.07969388)",None,"False positive person detection on vertical inanimate structure/object (conf=0.238, aspect=2.43); non-human object.",ANTIGRAVITY_VISUAL_QA,2026-09-26T03:55:00+07:00
5074,CAND_005074,LOW,REJECT,0,person,train,WEB07220.jpg,"(0.71015625, 0.50208333, 0.02890625, 0.18888889)",None,"False positive person detection on vertical inanimate structure/object (conf=0.237, aspect=3.68); non-human object.",ANTIGRAVITY_VISUAL_QA,2026-09-26T03:55:00+07:00
5075,CAND_005075,LOW,REJECT,0,person,train,WEB07678.jpg,"(0.96562059, 0.80973394, 0.01874874, 0.06820183)",None,"False positive person detection on vertical inanimate structure/object (conf=0.237, aspect=2.00); non-human object.",ANTIGRAVITY_VISUAL_QA,2026-09-26T03:55:00+07:00
5076,CAND_005076,LOW,REJECT,0,person,train,WEB08422.jpg,"(0.20214063, 0.54444444, 0.06640625, 0.18888889)",None,"False positive person detection on vertical inanimate structure/object (conf=0.237, aspect=1.60); non-human object.",ANTIGRAVITY_VISUAL_QA,2026-09-26T03:55:00+07:00
5077,CAND_005077,LOW,REJECT,0,person,train,WEB09099.jpg,"(0.52684733, 0.60859343, 0.03485496, 0.08125257)",None,"False positive person detection on vertical inanimate structure/object (conf=0.237, aspect=3.47); non-human object.",ANTIGRAVITY_VISUAL_QA,2026-09-26T03:55:00+07:00
5078,CAND_005078,LOW,REJECT,0,person,val,WEB03939.jpg,"(0.31406250, 0.39288194, 0.02578125, 0.14756944)",None,"False positive person detection on vertical inanimate structure/object (conf=0.237, aspect=3.22); non-human object.",ANTIGRAVITY_VISUAL_QA,2026-09-26T03:55:00+07:00
5079,CAND_005079,LOW,REJECT,0,person,test,PublicDataset01151.jpg,"(0.01538542, 0.61615278, 0.02710417, 0.07813889)",None,"False positive person detection on vertical inanimate structure/object (conf=0.237, aspect=2.16); non-human object.",ANTIGRAVITY_VISUAL_QA,2026-09-26T03:55:00+07:00
5080,CAND_005080,LOW,REJECT,0,person,test,PublicDataset01300.jpg,"(0.24765833, 0.82441250, 0.01601667, 0.07732500)",None,Tiny ambiguous silhouette (9x30 px); insufficient pixel resolution to verify human instance.,ANTIGRAVITY_VISUAL_QA,2026-09-26T03:55:00+07:00
5081,CAND_005081,LOW,REJECT,0,person,test,WEB11039.jpg,"(0.21269167, 0.93750000, 0.03398333, 0.11962908)",None,"False positive person detection on vertical inanimate structure/object (conf=0.237, aspect=1.98); non-human object.",ANTIGRAVITY_VISUAL_QA,2026-09-26T03:55:00+07:00
5082,CAND_005082,LOW,REJECT,0,person,train,AoF04518.jpg,"(0.66171949, 0.32115092, 0.09218700, 0.21196526)",None,False positive person detection on flame region (IoU=0.32 with GT fire).,ANTIGRAVITY_VISUAL_QA,2026-09-26T03:55:00+07:00
5083,CAND_005083,LOW,REJECT,0,person,train,WEB00649.jpg,"(0.10136719, 0.84861111, 0.20195313, 0.28333333)",None,"False positive person detection on vertical inanimate structure/object (conf=0.237, aspect=0.79); non-human object.",ANTIGRAVITY_VISUAL_QA,2026-09-26T03:55:00+07:00
5084,CAND_005084,LOW,REJECT,0,person,train,WEB03505.jpg,"(0.56093909, 0.62103306, 0.01484409, 0.08162534)",None,"False positive person detection on vertical inanimate structure/object (conf=0.237, aspect=2.89); non-human object.",ANTIGRAVITY_VISUAL_QA,2026-09-26T03:55:00+07:00
5085,CAND_005085,LOW,REJECT,0,person,train,WEB03967.jpg,"(0.52500000, 0.56964716, 0.02968992, 0.11378657)",None,"False positive person detection on vertical inanimate structure/object (conf=0.237, aspect=2.16); non-human object.",ANTIGRAVITY_VISUAL_QA,2026-09-26T03:55:00+07:00
5086,CAND_005086,LOW,ADJUST_BBOX,1,helmet,train,WEB04006.jpg,"(0.07978824, 0.39864420, 0.15917647, 0.19152038)","(0.07968824, 0.39864420, 0.15937647, 0.19152038)",Firefighter/safety helmet at frame boundary; coordinate clamped to frame edge.,ANTIGRAVITY_VISUAL_QA,2026-09-26T03:55:00+07:00
5087,CAND_005087,LOW,ADD,1,helmet,train,WEB04031.jpg,"(0.84062500, 0.48767081, 0.03437000, 0.04366460)",None,Genuine safety hardhat/firefighter helmet on personnel; clear rigid shell structure and tight bounding box.,ANTIGRAVITY_VISUAL_QA,2026-09-26T03:55:00+07:00
5088,CAND_005088,LOW,REJECT,0,person,train,WEB06652.jpg,"(0.51797000, 0.77930000, 0.02186000, 0.09246667)",None,"False positive person detection on vertical inanimate structure/object (conf=0.237, aspect=2.54); non-human object.",ANTIGRAVITY_VISUAL_QA,2026-09-26T03:55:00+07:00
5089,CAND_005089,LOW,REJECT,0,person,train,WEB07342.jpg,"(0.60078125, 0.72291667, 0.02343750, 0.03541667)",None,False positive person detection on flame region (IoU=0.80 with GT fire).,ANTIGRAVITY_VISUAL_QA,2026-09-26T03:55:00+07:00
5090,CAND_005090,LOW,ADD,1,helmet,train,WEB07956.jpg,"(0.65234375, 0.48020833, 0.02656250, 0.03541667)",None,Genuine safety hardhat/firefighter helmet on personnel; clear rigid shell structure and tight bounding box.,ANTIGRAVITY_VISUAL_QA,2026-09-26T03:55:00+07:00
5091,CAND_005091,LOW,REJECT,0,person,train,WEB08429.jpg,"(0.51875000, 0.34375000, 0.15781250, 0.28611111)",None,"False positive person detection on vertical inanimate structure/object (conf=0.237, aspect=1.02); non-human object.",ANTIGRAVITY_VISUAL_QA,2026-09-26T03:55:00+07:00
5092,CAND_005092,LOW,REJECT,0,person,val,WEB06792.jpg,"(0.54381250, 0.42958726, 0.09937500, 0.15488208)",None,False positive person detection on flame region (IoU=0.35 with GT fire).,ANTIGRAVITY_VISUAL_QA,2026-09-26T03:55:00+07:00
5093,CAND_005093,LOW,REJECT,0,person,val,WEB08307.jpg,"(0.99140625, 0.91041667, 0.01718750, 0.16527778)",None,"Unusable extreme frame edge truncation (1.7%w x 16.5%h, aspect=5.41) showing only marginal body sliver.",ANTIGRAVITY_VISUAL_QA,2026-09-26T03:55:00+07:00
5094,CAND_005094,LOW,REJECT,0,person,test,WEB10021.jpg,"(0.36523632, 0.67716777, 0.02109453, 0.03546512)",None,"False positive person detection on vertical inanimate structure/object (conf=0.236, aspect=1.26); non-human object.",ANTIGRAVITY_VISUAL_QA,2026-09-26T03:55:00+07:00
5095,CAND_005095,LOW,REJECT,1,helmet,train,WEB02855.jpg,"(0.77656489, 0.24995007, 0.16250000, 0.46018545)",None,Oversized false positive detection (16.2%w x 46.0%h) on non-helmet background object.,ANTIGRAVITY_VISUAL_QA,2026-09-26T03:55:00+07:00
5096,CAND_005096,LOW,REJECT,0,person,train,WEB04021.jpg,"(0.10195313, 0.83472222, 0.05390625, 0.18333333)",None,"False positive person detection on vertical inanimate structure/object (conf=0.236, aspect=1.91); non-human object.",ANTIGRAVITY_VISUAL_QA,2026-09-26T03:55:00+07:00
5097,CAND_005097,LOW,REJECT,0,person,train,WEB04680.jpg,"(0.72343750, 0.30042614, 0.32812500, 0.59375000)",None,False positive person detection on dark billowing smoke plume (IoU=0.85 with GT smoke).,ANTIGRAVITY_VISUAL_QA,2026-09-26T03:55:00+07:00
5098,CAND_005098,LOW,REJECT,0,person,train,WEB07641.jpg,"(0.05371942, 0.81170051, 0.01716547, 0.13228426)",None,"False positive person detection on vertical inanimate structure/object (conf=0.236, aspect=4.37); non-human object.",ANTIGRAVITY_VISUAL_QA,2026-09-26T03:55:00+07:00
5099,CAND_005099,LOW,REJECT,0,person,train,WEB07955.jpg,"(0.01232220, 0.87708812, 0.02457974, 0.21804598)",None,"False positive person detection on vertical inanimate structure/object (conf=0.236, aspect=4.99); non-human object.",ANTIGRAVITY_VISUAL_QA,2026-09-26T03:55:00+07:00
5100,CAND_005100,LOW,REJECT,0,person,train,WEB08830.jpg,"(0.08935937, 0.42986111, 0.01796875, 0.06805556)",None,"False positive person detection on vertical inanimate structure/object (conf=0.236, aspect=2.13); non-human object.",ANTIGRAVITY_VISUAL_QA,2026-09-26T03:55:00+07:00
5101,CAND_005101,LOW,REJECT,0,person,val,PublicDataset00923.jpg,"(0.42891250, 0.63789869, 0.01562500, 0.08210131)",None,"False positive person detection on vertical inanimate structure/object (conf=0.236, aspect=3.50); non-human object.",ANTIGRAVITY_VISUAL_QA,2026-09-26T03:55:00+07:00
5102,CAND_005102,LOW,REJECT,0,person,val,WEB07791.jpg,"(0.65507778, 0.31100592, 0.04220000, 0.07905325)",None,"False positive person detection on vertical inanimate structure/object (conf=0.236, aspect=1.41); non-human object.",ANTIGRAVITY_VISUAL_QA,2026-09-26T03:55:00+07:00
5103,CAND_005103,LOW,REJECT,0,person,val,WEB07997.jpg,"(0.87734375, 0.49270833, 0.02656250, 0.12500000)",None,"False positive person detection on vertical inanimate structure/object (conf=0.236, aspect=3.53); non-human object.",ANTIGRAVITY_VISUAL_QA,2026-09-26T03:55:00+07:00
5104,CAND_005104,LOW,REJECT,0,person,test,WEB11449.jpg,"(0.20898594, 0.95991818, 0.02148594, 0.06932727)",None,"False positive person detection on vertical inanimate structure/object (conf=0.235, aspect=1.78); non-human object.",ANTIGRAVITY_VISUAL_QA,2026-09-26T03:55:00+07:00
5105,CAND_005105,LOW,REJECT,0,person,train,AoF02364.jpg,"(0.42109375, 0.16627778, 0.13750000, 0.32300000)",None,"False positive person detection on vertical inanimate structure/object (conf=0.235, aspect=1.32); non-human object.",ANTIGRAVITY_VISUAL_QA,2026-09-26T03:55:00+07:00
5106,CAND_005106,LOW,REJECT,0,person,train,WEB03820.jpg,"(0.20581250, 0.67638889, 0.03056250, 0.11805556)",None,"False positive person detection on vertical inanimate structure/object (conf=0.235, aspect=2.17); non-human object.",ANTIGRAVITY_VISUAL_QA,2026-09-26T03:55:00+07:00
5107,CAND_005107,LOW,REJECT,0,person,train,WEB06854.jpg,"(0.41563099, 0.76076389, 0.10937700, 0.47141667)",None,"False positive person detection on vertical inanimate structure/object (conf=0.235, aspect=2.48); non-human object.",ANTIGRAVITY_VISUAL_QA,2026-09-26T03:55:00+07:00
5108,CAND_005108,LOW,REJECT,0,person,train,WEB09275.jpg,"(0.94375230, 0.57386503, 0.04687845, 0.23684049)",None,"False positive person detection on vertical inanimate structure/object (conf=0.235, aspect=3.03); non-human object.",ANTIGRAVITY_VISUAL_QA,2026-09-26T03:55:00+07:00
5109,CAND_005109,LOW,REJECT,0,person,val,AoF04561.jpg,"(0.84749654, 0.39883333, 0.30177040, 0.27265517)",None,False positive person detection on flame region (IoU=0.32 with GT fire).,ANTIGRAVITY_VISUAL_QA,2026-09-26T03:55:00+07:00
5110,CAND_005110,LOW,REJECT,0,person,test,WEB10078.jpg,"(0.59452976, 0.81104288, 0.01875000, 0.08442495)",None,"False positive person detection on vertical inanimate structure/object (conf=0.234, aspect=2.75); non-human object.",ANTIGRAVITY_VISUAL_QA,2026-09-26T03:55:00+07:00
5111,CAND_005111,LOW,REJECT,0,person,train,WEB04919.jpg,"(0.04977723, 0.97030556, 0.09470297, 0.05938889)",None,"False positive person detection on vertical inanimate structure/object (conf=0.234, aspect=1.12); non-human object.",ANTIGRAVITY_VISUAL_QA,2026-09-26T03:55:00+07:00
5112,CAND_005112,LOW,REJECT,0,person,train,WEB07543.jpg,"(0.36015558, 0.65912582, 0.02578326, 0.14514706)",None,"False positive person detection on vertical inanimate structure/object (conf=0.234, aspect=3.70); non-human object.",ANTIGRAVITY_VISUAL_QA,2026-09-26T03:55:00+07:00
5113,CAND_005113,LOW,REJECT,0,person,train,WEB08196.jpg,"(0.78906250, 0.79821429, 0.02656250, 0.15357143)",None,"False positive person detection on vertical inanimate structure/object (conf=0.234, aspect=2.53); non-human object.",ANTIGRAVITY_VISUAL_QA,2026-09-26T03:55:00+07:00
5114,CAND_005114,LOW,REJECT,0,person,val,WEB00927.jpg,"(0.53750000, 0.60138889, 0.01562500, 0.05000000)",None,Tiny ambiguous silhouette (10x18 px); insufficient pixel resolution to verify human instance.,ANTIGRAVITY_VISUAL_QA,2026-09-26T03:55:00+07:00
5115,CAND_005115,LOW,REJECT,0,person,val,WEB02854.jpg,"(0.66327910, 0.81095798, 0.02187735, 0.03986555)",None,"False positive person detection on vertical inanimate structure/object (conf=0.234, aspect=1.36); non-human object.",ANTIGRAVITY_VISUAL_QA,2026-09-26T03:55:00+07:00
5116,CAND_005116,LOW,REJECT,0,person,test,PublicDataset01298.jpg,"(0.43085833, 0.45222585, 0.01093333, 0.02202350)",None,"False positive person detection on vertical inanimate structure/object (conf=0.234, aspect=1.29); non-human object.",ANTIGRAVITY_VISUAL_QA,2026-09-26T03:55:00+07:00
5117,CAND_005117,LOW,REJECT,0,person,test,WEB11438.jpg,"(0.09531250, 0.74592391, 0.06112500, 0.36548913)",None,"False positive person detection on vertical inanimate structure/object (conf=0.234, aspect=3.44); non-human object.",ANTIGRAVITY_VISUAL_QA,2026-09-26T03:55:00+07:00
5118,CAND_005118,LOW,REJECT,0,person,test,WEB11619.jpg,"(0.67343750, 0.77556818, 0.02812500, 0.08238636)",None,"False positive person detection on vertical inanimate structure/object (conf=0.234, aspect=1.61); non-human object.",ANTIGRAVITY_VISUAL_QA,2026-09-26T03:55:00+07:00
5119,CAND_005119,LOW,REJECT,0,person,train,AoF03422.jpg,"(0.17978516, 0.69722222, 0.07363281, 0.20833333)",None,"False positive person detection on vertical inanimate structure/object (conf=0.234, aspect=1.59); non-human object.",ANTIGRAVITY_VISUAL_QA,2026-09-26T03:55:00+07:00
5120,CAND_005120,LOW,REJECT,0,person,train,AoF07579.jpg,"(0.73320312, 0.49236111, 0.18828125, 0.49027778)",None,"False positive person detection on vertical inanimate structure/object (conf=0.234, aspect=1.46); non-human object.",ANTIGRAVITY_VISUAL_QA,2026-09-26T03:55:00+07:00
5121,CAND_005121,LOW,REJECT,0,person,train,PublicDataset00883.jpg,"(0.04986458, 0.59570312, 0.04243750, 0.08359375)",None,"False positive person detection on vertical inanimate structure/object (conf=0.234, aspect=2.63); non-human object.",ANTIGRAVITY_VISUAL_QA,2026-09-26T03:55:00+07:00
5122,CAND_005122,LOW,REJECT,0,person,train,WEB02656.jpg,"(0.79805000, 0.61875556, 0.01796667, 0.08333333)",None,"False positive person detection on vertical inanimate structure/object (conf=0.234, aspect=3.48); non-human object.",ANTIGRAVITY_VISUAL_QA,2026-09-26T03:55:00+07:00
5123,CAND_005123,LOW,REJECT,0,person,train,WEB03912.jpg,"(0.42656250, 0.58333333, 0.03281250, 0.09166667)",None,"False positive person detection on vertical inanimate structure/object (conf=0.234, aspect=1.57); non-human object.",ANTIGRAVITY_VISUAL_QA,2026-09-26T03:55:00+07:00
5124,CAND_005124,LOW,REJECT,1,helmet,train,WEB04046.jpg,"(0.02612500, 0.42878330, 0.05225000, 0.10268206)",None,False positive helmet detection misaligned with person anatomy (not on head region).,ANTIGRAVITY_VISUAL_QA,2026-09-26T03:55:00+07:00
5125,CAND_005125,LOW,REJECT,0,person,train,WEB04282.jpg,"(0.44101875, 0.38440299, 0.02656250, 0.06243781)",None,"False positive person detection on vertical inanimate structure/object (conf=0.234, aspect=1.77); non-human object.",ANTIGRAVITY_VISUAL_QA,2026-09-26T03:55:00+07:00
5126,CAND_005126,LOW,REJECT,0,person,train,WEB07175.jpg,"(0.58984167, 0.86157321, 0.01405000, 0.06133956)",None,Tiny ambiguous silhouette (8x19 px); insufficient pixel resolution to verify human instance.,ANTIGRAVITY_VISUAL_QA,2026-09-26T03:55:00+07:00
5127,CAND_005127,LOW,REJECT,0,person,train,WEB03912.jpg,"(0.39667969, 0.69444444, 0.03476563, 0.16111111)",None,"False positive person detection on vertical inanimate structure/object (conf=0.233, aspect=2.61); non-human object.",ANTIGRAVITY_VISUAL_QA,2026-09-26T03:55:00+07:00
5128,CAND_005128,LOW,REJECT,0,person,train,WEB07213.jpg,"(0.46093750, 0.46111111, 0.05468750, 0.17777778)",None,"False positive person detection on vertical inanimate structure/object (conf=0.233, aspect=1.83); non-human object.",ANTIGRAVITY_VISUAL_QA,2026-09-26T03:55:00+07:00
5129,CAND_005129,LOW,REJECT,0,person,train,WEB07573.jpg,"(0.56875000, 0.96766559, 0.01875455, 0.05969305)",None,"Unusable extreme frame edge truncation (1.9%w x 6.0%h, aspect=1.79) showing only marginal body sliver.",ANTIGRAVITY_VISUAL_QA,2026-09-26T03:55:00+07:00
5130,CAND_005130,LOW,REJECT,0,person,test,PublicDataset01300.jpg,"(0.00735833, 0.83788750, 0.01471667, 0.11017500)",None,"Unusable extreme frame edge truncation (1.5%w x 11.0%h, aspect=4.99) showing only marginal body sliver.",ANTIGRAVITY_VISUAL_QA,2026-09-26T03:55:00+07:00
5131,CAND_005131,LOW,REJECT,0,person,test,WEB10353.jpg,"(0.89921556, 0.95367769, 0.02812500, 0.08907438)",None,"False positive person detection on vertical inanimate structure/object (conf=0.232, aspect=2.44); non-human object.",ANTIGRAVITY_VISUAL_QA,2026-09-26T03:55:00+07:00
5132,CAND_005132,LOW,REJECT,0,person,train,AoF03297.jpg,"(0.07050781, 0.92986111, 0.01328125, 0.04583333)",None,"False positive person detection on vertical inanimate structure/object (conf=0.232, aspect=1.94); non-human object.",ANTIGRAVITY_VISUAL_QA,2026-09-26T03:55:00+07:00
5133,CAND_005133,LOW,REJECT,0,person,train,WEB03499.jpg,"(0.29042939, 0.69617232, 0.01055344, 0.03932203)",None,"False positive person detection on vertical inanimate structure/object (conf=0.232, aspect=2.52); non-human object.",ANTIGRAVITY_VISUAL_QA,2026-09-26T03:55:00+07:00
5134,CAND_005134,LOW,REJECT,0,person,train,WEB07123.jpg,"(0.07856250, 0.54583333, 0.01445313, 0.06666667)",None,"False positive person detection on vertical inanimate structure/object (conf=0.232, aspect=2.59); non-human object.",ANTIGRAVITY_VISUAL_QA,2026-09-26T03:55:00+07:00
5135,CAND_005135,LOW,REJECT,0,person,train,WEB07576.jpg,"(0.78828182, 0.59558966, 0.01561818, 0.11938611)",None,"False positive person detection on vertical inanimate structure/object (conf=0.232, aspect=4.30); non-human object.",ANTIGRAVITY_VISUAL_QA,2026-09-26T03:55:00+07:00
5136,CAND_005136,LOW,REJECT,0,person,train,WEB07972.jpg,"(0.81249695, 0.79321041, 0.03749695, 0.11518438)",None,"False positive person detection on vertical inanimate structure/object (conf=0.232, aspect=1.73); non-human object.",ANTIGRAVITY_VISUAL_QA,2026-09-26T03:55:00+07:00
5137,CAND_005137,LOW,REJECT,0,person,train,WEB08712.jpg,"(0.97812107, 0.83916667, 0.02655660, 0.08555556)",None,"False positive person detection on vertical inanimate structure/object (conf=0.232, aspect=1.82); non-human object.",ANTIGRAVITY_VISUAL_QA,2026-09-26T03:55:00+07:00
5138,CAND_005138,LOW,REJECT,0,person,train,WEB08747.jpg,"(0.96921569, 0.56329167, 0.06068627, 0.06719444)",None,"False positive person detection on vertical inanimate structure/object (conf=0.232, aspect=1.95); non-human object.",ANTIGRAVITY_VISUAL_QA,2026-09-26T03:55:00+07:00
5139,CAND_005139,LOW,REJECT,0,person,train,WEB09318.jpg,"(0.60625000, 0.90980114, 0.02265625, 0.11363636)",None,"False positive person detection on vertical inanimate structure/object (conf=0.232, aspect=2.76); non-human object.",ANTIGRAVITY_VISUAL_QA,2026-09-26T03:55:00+07:00
5140,CAND_005140,LOW,REJECT,0,person,val,WEB07218.jpg,"(0.22734375, 0.50416667, 0.01718750, 0.06388889)",None,"False positive person detection on vertical inanimate structure/object (conf=0.232, aspect=2.09); non-human object.",ANTIGRAVITY_VISUAL_QA,2026-09-26T03:55:00+07:00
5141,CAND_005141,LOW,REJECT,0,person,test,PublicDataset01300.jpg,"(0.70780833, 0.80860000, 0.01875000, 0.07500000)",None,"False positive person detection on vertical inanimate structure/object (conf=0.232, aspect=2.67); non-human object.",ANTIGRAVITY_VISUAL_QA,2026-09-26T03:55:00+07:00
5142,CAND_005142,LOW,REJECT,0,person,test,WEB11533.jpg,"(0.11855729, 0.71516691, 0.02109375, 0.04571843)",None,"False positive person detection on vertical inanimate structure/object (conf=0.232, aspect=1.56); non-human object.",ANTIGRAVITY_VISUAL_QA,2026-09-26T03:55:00+07:00
5143,CAND_005143,LOW,REJECT,0,person,train,AoF04531.jpg,"(0.68515584, 0.33471320, 0.11249868, 0.26208874)",None,False positive person detection on flame region (IoU=0.32 with GT fire).,ANTIGRAVITY_VISUAL_QA,2026-09-26T03:55:00+07:00
5144,CAND_005144,LOW,REJECT,0,person,train,WEB03527.jpg,"(0.56797048, 0.68181135, 0.02656827, 0.08272120)",None,"False positive person detection on vertical inanimate structure/object (conf=0.232, aspect=2.29); non-human object.",ANTIGRAVITY_VISUAL_QA,2026-09-26T03:55:00+07:00
5145,CAND_005145,LOW,REJECT,0,person,train,WEB06274.jpg,"(0.56562778, 0.81615385, 0.03281111, 0.19416174)",None,"False positive person detection on vertical inanimate structure/object (conf=0.232, aspect=3.33); non-human object.",ANTIGRAVITY_VISUAL_QA,2026-09-26T03:55:00+07:00
5146,CAND_005146,LOW,REJECT,0,person,train,WEB06788.jpg,"(0.77148438, 0.40833333, 0.01562500, 0.06388889)",None,False positive person detection on dark billowing smoke plume (IoU=0.55 with GT smoke).,ANTIGRAVITY_VISUAL_QA,2026-09-26T03:55:00+07:00
5147,CAND_005147,LOW,REJECT,0,person,train,WEB06797.jpg,"(0.80259375, 0.51406250, 0.04002083, 0.04765330)",None,"False positive person detection on vertical inanimate structure/object (conf=0.232, aspect=2.10); non-human object.",ANTIGRAVITY_VISUAL_QA,2026-09-26T03:55:00+07:00
5148,CAND_005148,LOW,REJECT,0,person,train,WEB08381.jpg,"(0.19248571, 0.64187500, 0.07011429, 0.14765000)",None,"False positive person detection on vertical inanimate structure/object (conf=0.232, aspect=1.20); non-human object.",ANTIGRAVITY_VISUAL_QA,2026-09-26T03:55:00+07:00
5149,CAND_005149,LOW,REJECT,1,helmet,test,WEB11436.jpg,"(0.83359375, 0.24422554, 0.29843750, 0.38926630)",None,Oversized false positive detection (29.8%w x 38.9%h) on non-helmet background object.,ANTIGRAVITY_VISUAL_QA,2026-09-26T03:55:00+07:00
5150,CAND_005150,LOW,REJECT,0,person,train,PublicDataset00865.jpg,"(0.41562500, 0.60211268, 0.02500000, 0.06807512)",None,"False positive person detection on vertical inanimate structure/object (conf=0.231, aspect=1.81); non-human object.",ANTIGRAVITY_VISUAL_QA,2026-09-26T03:55:00+07:00
5151,CAND_005151,LOW,REJECT,0,person,train,WEB01153.jpg,"(0.56093750, 0.71944444, 0.02812500, 0.08611111)",None,"False positive person detection on vertical inanimate structure/object (conf=0.231, aspect=1.72); non-human object.",ANTIGRAVITY_VISUAL_QA,2026-09-26T03:55:00+07:00
5152,CAND_005152,LOW,REJECT,0,person,train,WEB05528.jpg,"(0.19414063, 0.58680556, 0.01992187, 0.10138889)",None,"False positive person detection on vertical inanimate structure/object (conf=0.231, aspect=2.86); non-human object.",ANTIGRAVITY_VISUAL_QA,2026-09-26T03:55:00+07:00
5153,CAND_005153,LOW,REJECT,0,person,train,WEB07165.jpg,"(0.33026667, 0.80298817, 0.03553333, 0.20526627)",None,"False positive person detection on vertical inanimate structure/object (conf=0.231, aspect=3.25); non-human object.",ANTIGRAVITY_VISUAL_QA,2026-09-26T03:55:00+07:00
5154,CAND_005154,LOW,REJECT,0,person,train,WEB08424.jpg,"(0.56953125, 0.48333333, 0.03906250, 0.25277778)",None,"False positive person detection on vertical inanimate structure/object (conf=0.231, aspect=3.64); non-human object.",ANTIGRAVITY_VISUAL_QA,2026-09-26T03:55:00+07:00
5155,CAND_005155,LOW,REJECT,0,person,train,WEB08959.jpg,"(0.16426562, 0.70294944, 0.05078125, 0.08286517)",None,"False positive person detection on vertical inanimate structure/object (conf=0.231, aspect=0.91); non-human object.",ANTIGRAVITY_VISUAL_QA,2026-09-26T03:55:00+07:00
5156,CAND_005156,LOW,REJECT,0,person,val,WEB03942.jpg,"(0.65234375, 0.42152778, 0.10000000, 0.25555556)",None,"False positive person detection on vertical inanimate structure/object (conf=0.231, aspect=1.44); non-human object.",ANTIGRAVITY_VISUAL_QA,2026-09-26T03:55:00+07:00
5157,CAND_005157,LOW,REJECT,0,person,val,WEB04392.jpg,"(0.60468508, 0.61927003, 0.02812984, 0.09479328)",None,"False positive person detection on vertical inanimate structure/object (conf=0.231, aspect=2.53); non-human object.",ANTIGRAVITY_VISUAL_QA,2026-09-26T03:55:00+07:00
5158,CAND_005158,LOW,ADD,1,helmet,val,WEB07237.jpg,"(0.57265625, 0.54395484, 0.06406250, 0.05645161)",None,Genuine safety hardhat/firefighter helmet on personnel; clear rigid shell structure and tight bounding box.,ANTIGRAVITY_VISUAL_QA,2026-09-26T03:55:00+07:00
5159,CAND_005159,LOW,REJECT,0,person,test,WEB10035.jpg,"(0.85859256, 0.78294461, 0.01562023, 0.09069971)",None,"False positive person detection on vertical inanimate structure/object (conf=0.230, aspect=3.80); non-human object.",ANTIGRAVITY_VISUAL_QA,2026-09-26T03:55:00+07:00
5160,CAND_005160,LOW,REJECT,0,person,test,WEB10530.jpg,"(0.05167500, 0.68125000, 0.07400000, 0.19750000)",None,"False positive person detection on vertical inanimate structure/object (conf=0.230, aspect=1.67); non-human object.",ANTIGRAVITY_VISUAL_QA,2026-09-26T03:55:00+07:00
5161,CAND_005161,LOW,REJECT,0,person,test,WEB10703.jpg,"(0.50078125, 0.84444444, 0.05781250, 0.16111111)",None,"False positive person detection on vertical inanimate structure/object (conf=0.230, aspect=1.57); non-human object.",ANTIGRAVITY_VISUAL_QA,2026-09-26T03:55:00+07:00
5162,CAND_005162,LOW,REJECT,0,person,test,WEB11210.jpg,"(0.29238281, 0.43333333, 0.01484375, 0.05833333)",None,"False positive person detection on vertical inanimate structure/object (conf=0.230, aspect=2.21); non-human object.",ANTIGRAVITY_VISUAL_QA,2026-09-26T03:55:00+07:00
5163,CAND_005163,LOW,REJECT,0,person,train,AoF07659.jpg,"(0.50625000, 0.60625000, 0.02968750, 0.14722222)",None,"False positive person detection on vertical inanimate structure/object (conf=0.230, aspect=2.79); non-human object.",ANTIGRAVITY_VISUAL_QA,2026-09-26T03:55:00+07:00
5164,CAND_005164,LOW,REJECT,0,person,train,WEB02859.jpg,"(0.22636546, 0.66508463, 0.02265060, 0.10754584)",None,"False positive person detection on vertical inanimate structure/object (conf=0.230, aspect=3.38); non-human object.",ANTIGRAVITY_VISUAL_QA,2026-09-26T03:55:00+07:00
5165,CAND_005165,LOW,REJECT,0,person,train,WEB04022.jpg,"(0.90312608, 0.68398159, 0.08124352, 0.24151899)",None,"False positive person detection on vertical inanimate structure/object (conf=0.230, aspect=2.23); non-human object.",ANTIGRAVITY_VISUAL_QA,2026-09-26T03:55:00+07:00
5166,CAND_005166,LOW,REJECT,0,person,train,WEB04185.jpg,"(0.86719243, 0.45934524, 0.04687697, 0.11792857)",None,"False positive person detection on vertical inanimate structure/object (conf=0.230, aspect=1.67); non-human object.",ANTIGRAVITY_VISUAL_QA,2026-09-26T03:55:00+07:00
5167,CAND_005167,LOW,REJECT,0,person,train,WEB05699.jpg,"(0.23965000, 0.71250000, 0.02070000, 0.08905000)",None,"False positive person detection on vertical inanimate structure/object (conf=0.230, aspect=2.87); non-human object.",ANTIGRAVITY_VISUAL_QA,2026-09-26T03:55:00+07:00
5168,CAND_005168,LOW,REJECT,0,person,train,WEB07133.jpg,"(0.69453125, 0.67291667, 0.02265625, 0.07361111)",None,"False positive person detection on vertical inanimate structure/object (conf=0.230, aspect=1.83); non-human object.",ANTIGRAVITY_VISUAL_QA,2026-09-26T03:55:00+07:00
5169,CAND_005169,LOW,REJECT,0,person,train,WEB07318.jpg,"(0.46429967, 0.58985366, 0.46638436, 0.35312195)",None,False positive person detection on flame region (IoU=0.52 with GT fire).,ANTIGRAVITY_VISUAL_QA,2026-09-26T03:55:00+07:00
5170,CAND_005170,LOW,REJECT,0,person,train,WEB08985.jpg,"(0.81172000, 0.72889307, 0.01562000, 0.05293675)",None,"False positive person detection on vertical inanimate structure/object (conf=0.230, aspect=2.25); non-human object.",ANTIGRAVITY_VISUAL_QA,2026-09-26T03:55:00+07:00
5171,CAND_005171,LOW,REJECT,0,person,train,WEB09007.jpg,"(0.16064438, 0.59895349, 0.01640504, 0.03645995)",None,"False positive person detection on vertical inanimate structure/object (conf=0.230, aspect=1.67); non-human object.",ANTIGRAVITY_VISUAL_QA,2026-09-26T03:55:00+07:00
5172,CAND_005172,LOW,REJECT,0,person,train,WEB09132.jpg,"(0.18593462, 0.52311350, 0.03437385, 0.07938650)",None,"False positive person detection on vertical inanimate structure/object (conf=0.230, aspect=1.39); non-human object.",ANTIGRAVITY_VISUAL_QA,2026-09-26T03:55:00+07:00
5173,CAND_005173,LOW,REJECT,0,person,test,WEB10078.jpg,"(0.51250000, 0.81871345, 0.01561905, 0.07165692)",None,"False positive person detection on vertical inanimate structure/object (conf=0.229, aspect=2.80); non-human object.",ANTIGRAVITY_VISUAL_QA,2026-09-26T03:55:00+07:00
5174,CAND_005174,LOW,REJECT,0,person,train,AoF04745.jpg,"(0.02175000, 0.32934028, 0.04340625, 0.11076389)",None,False positive person detection on flame region (IoU=0.85 with GT fire).,ANTIGRAVITY_VISUAL_QA,2026-09-26T03:55:00+07:00
5175,CAND_005175,LOW,REJECT,0,person,train,WEB00426.jpg,"(0.30957812, 0.89583333, 0.01171875, 0.05833333)",None,Tiny ambiguous silhouette (7x21 px); insufficient pixel resolution to verify human instance.,ANTIGRAVITY_VISUAL_QA,2026-09-26T03:55:00+07:00
5176,CAND_005176,LOW,REJECT,0,person,train,WEB04121.jpg,"(0.61875000, 0.72847222, 0.02343750, 0.07500000)",None,"False positive person detection on vertical inanimate structure/object (conf=0.229, aspect=1.80); non-human object.",ANTIGRAVITY_VISUAL_QA,2026-09-26T03:55:00+07:00
5177,CAND_005177,LOW,REJECT,0,person,train,WEB04628.jpg,"(0.69453125, 0.71805556, 0.03750000, 0.09722222)",None,"False positive person detection on vertical inanimate structure/object (conf=0.229, aspect=1.46); non-human object.",ANTIGRAVITY_VISUAL_QA,2026-09-26T03:55:00+07:00
5178,CAND_005178,LOW,ADD,1,helmet,train,WEB06800.jpg,"(0.33745833, 0.48906250, 0.06625000, 0.03204009)",None,Genuine safety hardhat/firefighter helmet on personnel; clear rigid shell structure and tight bounding box.,ANTIGRAVITY_VISUAL_QA,2026-09-26T03:55:00+07:00
5179,CAND_005179,LOW,REJECT,0,person,train,WEB08712.jpg,"(0.71484277, 0.88058333, 0.02500000, 0.16838889)",None,"False positive person detection on vertical inanimate structure/object (conf=0.229, aspect=3.81); non-human object.",ANTIGRAVITY_VISUAL_QA,2026-09-26T03:55:00+07:00
5180,CAND_005180,LOW,REJECT,0,person,train,WEB08713.jpg,"(0.95625000, 0.89575000, 0.08750000, 0.20150000)",None,"False positive person detection on vertical inanimate structure/object (conf=0.229, aspect=1.30); non-human object.",ANTIGRAVITY_VISUAL_QA,2026-09-26T03:55:00+07:00
5181,CAND_005181,LOW,REJECT,0,person,val,WEB03041.jpg,"(0.46806250, 0.79166667, 0.20762500, 0.40000000)",None,"False positive person detection on vertical inanimate structure/object (conf=0.229, aspect=1.08); non-human object.",ANTIGRAVITY_VISUAL_QA,2026-09-26T03:55:00+07:00
5182,CAND_005182,LOW,REJECT,1,helmet,val,WEB07857.jpg,"(0.72656250, 0.51775568, 0.02343750, 0.03693182)",None,Distant blurred head silhouette (15x13 px); insufficient pixels to verify safety helmet.,ANTIGRAVITY_VISUAL_QA,2026-09-26T03:55:00+07:00
5183,CAND_005183,LOW,REJECT,0,person,test,AoF07873.jpg,"(0.14049855, 0.21596871, 0.19842486, 0.20791817)",None,False positive person detection on dark billowing smoke plume (IoU=0.32 with GT smoke).,ANTIGRAVITY_VISUAL_QA,2026-09-26T03:55:00+07:00
5184,CAND_005184,LOW,REJECT,0,person,train,AoF03711.jpg,"(0.44687500, 0.51944444, 0.05781250, 0.14166667)",None,"False positive person detection on vertical inanimate structure/object (conf=0.229, aspect=1.38); non-human object.",ANTIGRAVITY_VISUAL_QA,2026-09-26T03:55:00+07:00
5185,CAND_005185,LOW,REJECT,0,person,train,WEB07174.jpg,"(0.44531250, 0.53593750, 0.83595833, 0.53904167)",None,False positive person detection on dark billowing smoke plume (IoU=0.65 with GT smoke).,ANTIGRAVITY_VISUAL_QA,2026-09-26T03:55:00+07:00
5186,CAND_005186,LOW,REJECT,0,person,train,WEB07288.jpg,"(0.08974785, 0.70936393, 0.03496781, 0.07737520)",None,"False positive person detection on vertical inanimate structure/object (conf=0.229, aspect=1.47); non-human object.",ANTIGRAVITY_VISUAL_QA,2026-09-26T03:55:00+07:00
5187,CAND_005187,LOW,REJECT,0,person,train,WEB07476.jpg,"(0.13398577, 0.83667832, 0.04609727, 0.07829837)",None,"False positive person detection on vertical inanimate structure/object (conf=0.229, aspect=0.86); non-human object.",ANTIGRAVITY_VISUAL_QA,2026-09-26T03:55:00+07:00
5188,CAND_005188,LOW,REJECT,0,person,train,WEB08428.jpg,"(0.02059375, 0.80972222, 0.04093750, 0.15000000)",None,"False positive person detection on vertical inanimate structure/object (conf=0.229, aspect=2.06); non-human object.",ANTIGRAVITY_VISUAL_QA,2026-09-26T03:55:00+07:00
5189,CAND_005189,LOW,REJECT,0,person,train,WEB08439.jpg,"(0.09403906, 0.53472222, 0.02520313, 0.11111111)",None,"False positive person detection on vertical inanimate structure/object (conf=0.229, aspect=2.48); non-human object.",ANTIGRAVITY_VISUAL_QA,2026-09-26T03:55:00+07:00
5190,CAND_005190,LOW,REJECT,0,person,train,WEB08921.jpg,"(0.85644531, 0.75639205, 0.27773437, 0.46306818)",None,"False positive person detection on vertical inanimate structure/object (conf=0.229, aspect=0.92); non-human object.",ANTIGRAVITY_VISUAL_QA,2026-09-26T03:55:00+07:00
5191,CAND_005191,LOW,REJECT,0,person,train,WEB09284.jpg,"(0.56288889, 0.77461111, 0.04062963, 0.13361111)",None,"False positive person detection on vertical inanimate structure/object (conf=0.229, aspect=2.19); non-human object.",ANTIGRAVITY_VISUAL_QA,2026-09-26T03:55:00+07:00
5192,CAND_005192,LOW,REJECT,0,person,val,WEB02866.jpg,"(0.30663868, 0.70321721, 0.01718603, 0.10012295)",None,"False positive person detection on vertical inanimate structure/object (conf=0.229, aspect=2.86); non-human object.",ANTIGRAVITY_VISUAL_QA,2026-09-26T03:55:00+07:00
5193,CAND_005193,LOW,REJECT,0,person,val,WEB04103.jpg,"(0.47890625, 0.61736111, 0.01718750, 0.06111111)",None,"False positive person detection on vertical inanimate structure/object (conf=0.229, aspect=2.00); non-human object.",ANTIGRAVITY_VISUAL_QA,2026-09-26T03:55:00+07:00
5194,CAND_005194,LOW,REJECT,0,person,test,WEB10081.jpg,"(0.31875230, 0.99157975, 0.01054328, 0.01300613)",None,"Unusable extreme frame edge truncation (1.1%w x 1.3%h, aspect=0.74) showing only marginal body sliver.",ANTIGRAVITY_VISUAL_QA,2026-09-26T03:55:00+07:00
5195,CAND_005195,LOW,REJECT,0,person,test,WEB11304.jpg,"(0.97031667, 0.45677778, 0.05936667, 0.29271111)",None,"False positive person detection on vertical inanimate structure/object (conf=0.228, aspect=3.70); non-human object.",ANTIGRAVITY_VISUAL_QA,2026-09-26T03:55:00+07:00
5196,CAND_005196,LOW,ADD,1,helmet,test,WEB11538.jpg,"(0.31640600, 0.79589489, 0.03789889, 0.05480114)",None,Genuine safety hardhat/firefighter helmet on personnel; clear rigid shell structure and tight bounding box.,ANTIGRAVITY_VISUAL_QA,2026-09-26T03:55:00+07:00
5197,CAND_005197,LOW,REJECT,0,person,test,WEB11784.jpg,"(0.19199000, 0.78124524, 0.28164000, 0.38119441)",None,"False positive person detection on vertical inanimate structure/object (conf=0.228, aspect=1.07); non-human object.",ANTIGRAVITY_VISUAL_QA,2026-09-26T03:55:00+07:00
5198,CAND_005198,LOW,REJECT,0,person,train,WEB03277.jpg,"(0.04301539, 0.74891643, 0.01836011, 0.05454674)",None,"False positive person detection on vertical inanimate structure/object (conf=0.228, aspect=1.40); non-human object.",ANTIGRAVITY_VISUAL_QA,2026-09-26T03:55:00+07:00
5199,CAND_005199,LOW,REJECT,0,person,train,WEB03523.jpg,"(0.58594103, 0.93658774, 0.03358846, 0.11445682)",None,"False positive person detection on vertical inanimate structure/object (conf=0.228, aspect=1.53); non-human object.",ANTIGRAVITY_VISUAL_QA,2026-09-26T03:55:00+07:00
5200,CAND_005200,LOW,ADD,1,helmet,train,WEB03966.jpg,"(0.82187500, 0.60140000, 0.05000000, 0.06111111)",None,Genuine safety hardhat/firefighter helmet on personnel; clear rigid shell structure and tight bounding box.,ANTIGRAVITY_VISUAL_QA,2026-09-26T03:55:00+07:00
5201,CAND_005201,LOW,REJECT,0,person,train,WEB04342.jpg,"(0.43125000, 0.63281008, 0.02500000, 0.07603359)",None,"False positive person detection on vertical inanimate structure/object (conf=0.228, aspect=2.28); non-human object.",ANTIGRAVITY_VISUAL_QA,2026-09-26T03:55:00+07:00
5202,CAND_005202,LOW,REJECT,1,helmet,train,WEB06396.jpg,"(0.97187500, 0.76354167, 0.01875000, 0.02083333)",None,Distant blurred head silhouette (12x10 px); insufficient pixels to verify safety helmet.,ANTIGRAVITY_VISUAL_QA,2026-09-26T03:55:00+07:00
5203,CAND_005203,LOW,REJECT,0,person,train,WEB07754.jpg,"(0.78359375, 0.50200229, 0.03906250, 0.15874142)",None,"False positive person detection on vertical inanimate structure/object (conf=0.228, aspect=2.22); non-human object.",ANTIGRAVITY_VISUAL_QA,2026-09-26T03:55:00+07:00
5204,CAND_005204,LOW,ADD,1,helmet,train,WEB07837.jpg,"(0.57421875, 0.46458333, 0.02031250, 0.02916667)",None,Genuine safety hardhat/firefighter helmet on personnel; clear rigid shell structure and tight bounding box.,ANTIGRAVITY_VISUAL_QA,2026-09-26T03:55:00+07:00
5205,CAND_005205,LOW,ADD,1,helmet,train,WEB08215.jpg,"(0.68203297, 0.47050976, 0.03593407, 0.04718004)",None,Genuine safety hardhat/firefighter helmet on personnel; clear rigid shell structure and tight bounding box.,ANTIGRAVITY_VISUAL_QA,2026-09-26T03:55:00+07:00
5206,CAND_005206,LOW,REJECT,0,person,train,WEB08317.jpg,"(0.98125000, 0.95972222, 0.02031250, 0.06388889)",None,"False positive person detection on vertical inanimate structure/object (conf=0.228, aspect=1.77); non-human object.",ANTIGRAVITY_VISUAL_QA,2026-09-26T03:55:00+07:00
5207,CAND_005207,LOW,REJECT,0,person,train,WEB09300.jpg,"(0.50234375, 0.49027778, 0.02968750, 0.08611111)",None,"False positive person detection on vertical inanimate structure/object (conf=0.228, aspect=1.63); non-human object.",ANTIGRAVITY_VISUAL_QA,2026-09-26T03:55:00+07:00
5208,CAND_005208,LOW,ADD,1,helmet,val,WEB07539.jpg,"(0.81250000, 0.55582061, 0.03124464, 0.04167939)",None,Genuine safety hardhat/firefighter helmet on personnel; clear rigid shell structure and tight bounding box.,ANTIGRAVITY_VISUAL_QA,2026-09-26T03:55:00+07:00
5209,CAND_005209,LOW,REJECT,0,person,val,WEB08165.jpg,"(0.44531250, 0.58194444, 0.03750000, 0.10000000)",None,"False positive person detection on vertical inanimate structure/object (conf=0.228, aspect=1.50); non-human object.",ANTIGRAVITY_VISUAL_QA,2026-09-26T03:55:00+07:00
5210,CAND_005210,LOW,REJECT,0,person,test,WEB10431.jpg,"(0.26777450, 0.44011628, 0.01717828, 0.04925581)",None,"False positive person detection on vertical inanimate structure/object (conf=0.227, aspect=1.46); non-human object.",ANTIGRAVITY_VISUAL_QA,2026-09-26T03:55:00+07:00
5211,CAND_005211,LOW,REJECT,0,person,test,WEB11752.jpg,"(0.90702778, 0.81562500, 0.07031481, 0.23202778)",None,"False positive person detection on vertical inanimate structure/object (conf=0.227, aspect=2.20); non-human object.",ANTIGRAVITY_VISUAL_QA,2026-09-26T03:55:00+07:00
5212,CAND_005212,LOW,REJECT,0,person,train,WEB01749.jpg,"(0.71250000, 0.77222222, 0.05937500, 0.08888889)",None,"False positive person detection on vertical inanimate structure/object (conf=0.227, aspect=0.84); non-human object.",ANTIGRAVITY_VISUAL_QA,2026-09-26T03:55:00+07:00
5213,CAND_005213,LOW,REJECT,0,person,train,WEB02656.jpg,"(0.77969167, 0.63854444, 0.02031667, 0.07708889)",None,"False positive person detection on vertical inanimate structure/object (conf=0.227, aspect=2.85); non-human object.",ANTIGRAVITY_VISUAL_QA,2026-09-26T03:55:00+07:00
5214,CAND_005214,LOW,REJECT,0,person,train,WEB03359.jpg,"(0.93437589, 0.64015950, 0.02343262, 0.07180305)",None,"False positive person detection on vertical inanimate structure/object (conf=0.227, aspect=1.57); non-human object.",ANTIGRAVITY_VISUAL_QA,2026-09-26T03:55:00+07:00
5215,CAND_005215,LOW,REJECT,0,person,train,WEB04487.jpg,"(0.03496000, 0.75654308, 0.06972000, 0.34248637)",None,"False positive person detection on vertical inanimate structure/object (conf=0.227, aspect=4.50); non-human object.",ANTIGRAVITY_VISUAL_QA,2026-09-26T03:55:00+07:00
5216,CAND_005216,LOW,REJECT,0,person,train,WEB06110.jpg,"(0.44062500, 0.46492467, 0.03595000, 0.08239171)",None,"False positive person detection on vertical inanimate structure/object (conf=0.227, aspect=1.52); non-human object.",ANTIGRAVITY_VISUAL_QA,2026-09-26T03:55:00+07:00
5217,CAND_005217,LOW,REJECT,0,person,train,WEB07213.jpg,"(0.78828125, 0.46250000, 0.02265625, 0.19722222)",None,"False positive person detection on vertical inanimate structure/object (conf=0.227, aspect=4.90); non-human object.",ANTIGRAVITY_VISUAL_QA,2026-09-26T03:55:00+07:00
5218,CAND_005218,LOW,REJECT,0,person,test,PublicDataset01328.jpg,"(0.80937383, 0.75651667, 0.03594393, 0.16440000)",None,"False positive person detection on vertical inanimate structure/object (conf=0.227, aspect=2.56); non-human object.",ANTIGRAVITY_VISUAL_QA,2026-09-26T03:55:00+07:00
5219,CAND_005219,LOW,REJECT,1,helmet,train,WEB04802.jpg,"(0.36679748, 0.59687984, 0.03437016, 0.04166667)",None,False positive helmet detection misaligned with person anatomy (not on head region).,ANTIGRAVITY_VISUAL_QA,2026-09-26T03:55:00+07:00
5220,CAND_005220,LOW,ADD,1,helmet,train,WEB05510.jpg,"(0.10666935, 0.37869697, 0.07808065, 0.10715152)",None,Genuine safety hardhat/firefighter helmet on personnel; clear rigid shell structure and tight bounding box.,ANTIGRAVITY_VISUAL_QA,2026-09-26T03:55:00+07:00
5221,CAND_005221,LOW,REJECT,0,person,test,PublicDataset01300.jpg,"(0.29492500, 0.81268750, 0.01718333, 0.05742500)",None,"False positive person detection on vertical inanimate structure/object (conf=0.226, aspect=2.23); non-human object.",ANTIGRAVITY_VISUAL_QA,2026-09-26T03:55:00+07:00
5222,CAND_005222,LOW,REJECT,0,person,test,WEB11557.jpg,"(0.06039844, 0.44444444, 0.03232812, 0.10833333)",None,"False positive person detection on vertical inanimate structure/object (conf=0.226, aspect=1.88); non-human object.",ANTIGRAVITY_VISUAL_QA,2026-09-26T03:55:00+07:00
5223,CAND_005223,LOW,REJECT,0,person,train,AoF03295.jpg,"(0.07031250, 0.92986111, 0.01318750, 0.04583333)",None,"False positive person detection on vertical inanimate structure/object (conf=0.226, aspect=1.95); non-human object.",ANTIGRAVITY_VISUAL_QA,2026-09-26T03:55:00+07:00
5224,CAND_005224,LOW,REJECT,0,person,train,AoF07883.jpg,"(0.02341406, 0.33038194, 0.04673438, 0.11979167)",None,False positive person detection on flame region (IoU=0.81 with GT fire).,ANTIGRAVITY_VISUAL_QA,2026-09-26T03:55:00+07:00
5225,CAND_005225,LOW,REJECT,0,person,train,WEB03209.jpg,"(0.29140351, 0.79774443, 0.01406015, 0.04492281)",None,"False positive person detection on vertical inanimate structure/object (conf=0.226, aspect=2.33); non-human object.",ANTIGRAVITY_VISUAL_QA,2026-09-26T03:55:00+07:00
5226,CAND_005226,LOW,REJECT,0,person,train,WEB03915.jpg,"(0.54062500, 0.48958333, 0.02500000, 0.06944444)",None,"False positive person detection on vertical inanimate structure/object (conf=0.226, aspect=1.56); non-human object.",ANTIGRAVITY_VISUAL_QA,2026-09-26T03:55:00+07:00
5227,CAND_005227,LOW,REJECT,0,person,train,WEB04053.jpg,"(0.53281000, 0.58212894, 0.01406000, 0.03748126)",None,"False positive person detection on vertical inanimate structure/object (conf=0.226, aspect=1.78); non-human object.",ANTIGRAVITY_VISUAL_QA,2026-09-26T03:55:00+07:00
5228,CAND_005228,LOW,REJECT,0,person,train,WEB04978.jpg,"(0.42812903, 0.52707895, 0.03906452, 0.11852632)",None,"False positive person detection on vertical inanimate structure/object (conf=0.226, aspect=1.86); non-human object.",ANTIGRAVITY_VISUAL_QA,2026-09-26T03:55:00+07:00
5229,CAND_005229,LOW,REJECT,0,person,train,WEB07093.jpg,"(0.01276953, 0.74444444, 0.01835156, 0.05000000)",None,"False positive person detection on vertical inanimate structure/object (conf=0.226, aspect=1.53); non-human object.",ANTIGRAVITY_VISUAL_QA,2026-09-26T03:55:00+07:00
5230,CAND_005230,LOW,REJECT,0,person,train,WEB08206.jpg,"(0.57734375, 0.54843750, 0.03203125, 0.07187500)",None,"False positive person detection on vertical inanimate structure/object (conf=0.226, aspect=1.68); non-human object.",ANTIGRAVITY_VISUAL_QA,2026-09-26T03:55:00+07:00
5231,CAND_005231,LOW,REJECT,0,person,val,WEB01946.jpg,"(0.66093902, 0.83248731, 0.02343902, 0.32192893)",None,"False positive person detection on vertical inanimate structure/object (conf=0.226, aspect=6.60); non-human object.",ANTIGRAVITY_VISUAL_QA,2026-09-26T03:55:00+07:00
5232,CAND_005232,LOW,REJECT,0,person,val,WEB02896.jpg,"(0.79648113, 0.98130780, 0.02890566, 0.03351156)",None,"False positive person detection on vertical inanimate structure/object (conf=0.226, aspect=0.76); non-human object.",ANTIGRAVITY_VISUAL_QA,2026-09-26T03:55:00+07:00
5233,CAND_005233,LOW,REJECT,0,person,test,WEB09679.jpg,"(0.05223437, 0.67500000, 0.03206250, 0.13472222)",None,"False positive person detection on vertical inanimate structure/object (conf=0.225, aspect=2.36); non-human object.",ANTIGRAVITY_VISUAL_QA,2026-09-26T03:55:00+07:00
5234,CAND_005234,LOW,REJECT,0,person,train,WEB02388.jpg,"(0.02227344, 0.41901408, 0.04417187, 0.21478873)",None,"False positive person detection on vertical inanimate structure/object (conf=0.225, aspect=3.24); non-human object.",ANTIGRAVITY_VISUAL_QA,2026-09-26T03:55:00+07:00
5235,CAND_005235,LOW,REJECT,0,person,train,WEB04342.jpg,"(0.38867248, 0.64375323, 0.02812016, 0.05208010)",None,"False positive person detection on vertical inanimate structure/object (conf=0.225, aspect=1.39); non-human object.",ANTIGRAVITY_VISUAL_QA,2026-09-26T03:55:00+07:00
5236,CAND_005236,LOW,REJECT,0,person,train,WEB07620.jpg,"(0.15114583, 0.23223127, 0.29916667, 0.39100977)",None,False positive person detection on dark billowing smoke plume (IoU=0.35 with GT smoke).,ANTIGRAVITY_VISUAL_QA,2026-09-26T03:55:00+07:00
5237,CAND_005237,LOW,REJECT,0,person,val,WEB02382.jpg,"(0.52890625, 0.88263889, 0.01093750, 0.06111111)",None,"False positive person detection on vertical inanimate structure/object (conf=0.225, aspect=3.14); non-human object.",ANTIGRAVITY_VISUAL_QA,2026-09-26T03:55:00+07:00
5238,CAND_005238,LOW,REJECT,0,person,train,AoF02871.jpg,"(0.15478906, 0.63194444, 0.01679687, 0.05972222)",None,"False positive person detection on vertical inanimate structure/object (conf=0.225, aspect=2.00); non-human object.",ANTIGRAVITY_VISUAL_QA,2026-09-26T03:55:00+07:00
5239,CAND_005239,LOW,REJECT,0,person,train,AoF03413.jpg,"(0.73359375, 0.49722222, 0.18437500, 0.49722222)",None,"False positive person detection on vertical inanimate structure/object (conf=0.225, aspect=1.52); non-human object.",ANTIGRAVITY_VISUAL_QA,2026-09-26T03:55:00+07:00
5240,CAND_005240,LOW,REJECT,0,person,train,WEB03067.jpg,"(0.86425781, 0.50208333, 0.27148438, 0.95972222)",None,"False positive person detection on vertical inanimate structure/object (conf=0.225, aspect=1.99); non-human object.",ANTIGRAVITY_VISUAL_QA,2026-09-26T03:55:00+07:00
5241,CAND_005241,LOW,REJECT,0,person,train,WEB07230.jpg,"(0.51250000, 0.42013889, 0.04687500, 0.15416667)",None,"False positive person detection on vertical inanimate structure/object (conf=0.225, aspect=1.85); non-human object.",ANTIGRAVITY_VISUAL_QA,2026-09-26T03:55:00+07:00
5242,CAND_005242,LOW,REJECT,0,person,train,WEB07314.jpg,"(0.16054472, 0.95937805, 0.02850407, 0.08124390)",None,"False positive person detection on vertical inanimate structure/object (conf=0.225, aspect=1.90); non-human object.",ANTIGRAVITY_VISUAL_QA,2026-09-26T03:55:00+07:00
5243,CAND_005243,LOW,REJECT,0,person,train,WEB09238.jpg,"(0.37812500, 0.70625323, 0.01679264, 0.07708010)",None,"False positive person detection on vertical inanimate structure/object (conf=0.225, aspect=3.44); non-human object.",ANTIGRAVITY_VISUAL_QA,2026-09-26T03:55:00+07:00
5244,CAND_005244,LOW,REJECT,0,person,test,WEB10285.jpg,"(0.93906683, 0.90676364, 0.02968474, 0.14869091)",None,"False positive person detection on vertical inanimate structure/object (conf=0.224, aspect=3.47); non-human object.",ANTIGRAVITY_VISUAL_QA,2026-09-26T03:55:00+07:00
5245,CAND_005245,LOW,REJECT,0,person,test,WEB10505.jpg,"(0.59609375, 0.70555556, 0.03125000, 0.11388889)",None,"False positive person detection on vertical inanimate structure/object (conf=0.224, aspect=2.05); non-human object.",ANTIGRAVITY_VISUAL_QA,2026-09-26T03:55:00+07:00
5246,CAND_005246,LOW,REJECT,0,person,train,PublicDataset00896.jpg,"(0.39667857, 0.63082090, 0.03632857, 0.05597015)",None,"False positive person detection on vertical inanimate structure/object (conf=0.224, aspect=1.03); non-human object.",ANTIGRAVITY_VISUAL_QA,2026-09-26T03:55:00+07:00
5247,CAND_005247,LOW,REJECT,0,person,train,WEB01264.jpg,"(0.41171875, 0.53333333, 0.03125000, 0.12638889)",None,"False positive person detection on vertical inanimate structure/object (conf=0.224, aspect=2.27); non-human object.",ANTIGRAVITY_VISUAL_QA,2026-09-26T03:55:00+07:00
5248,CAND_005248,LOW,REJECT,1,helmet,train,WEB05962.jpg,"(0.71250000, 0.44861111, 0.02656250, 0.03888889)",None,False positive helmet detection misaligned with person anatomy (not on head region).,ANTIGRAVITY_VISUAL_QA,2026-09-26T03:55:00+07:00
5249,CAND_005249,LOW,ADD,1,helmet,train,WEB07222.jpg,"(0.51132813, 0.43611111, 0.01953125, 0.02777778)",None,Genuine safety hardhat/firefighter helmet on personnel; clear rigid shell structure and tight bounding box.,ANTIGRAVITY_VISUAL_QA,2026-09-26T03:55:00+07:00
5250,CAND_005250,LOW,REJECT,0,person,train,WEB07470.jpg,"(0.80605575, 0.85949541, 0.03790036, 0.22055046)",None,"False positive person detection on vertical inanimate structure/object (conf=0.224, aspect=3.01); non-human object.",ANTIGRAVITY_VISUAL_QA,2026-09-26T03:55:00+07:00
5251,CAND_005251,LOW,REJECT,0,person,train,WEB07543.jpg,"(0.19267704, 0.71444444, 0.04355150, 0.20107843)",None,"False positive person detection on vertical inanimate structure/object (conf=0.224, aspect=3.03); non-human object.",ANTIGRAVITY_VISUAL_QA,2026-09-26T03:55:00+07:00
5252,CAND_005252,LOW,REJECT,0,person,train,WEB08727.jpg,"(0.76922500, 0.67343056, 0.02535000, 0.03125000)",None,Tiny ambiguous silhouette (5x11 px); insufficient pixel resolution to verify human instance.,ANTIGRAVITY_VISUAL_QA,2026-09-26T03:55:00+07:00
5253,CAND_005253,LOW,REJECT,0,person,val,WEB07601.jpg,"(0.46328557, 0.70976937, 0.01406346, 0.06477860)",None,"False positive person detection on vertical inanimate structure/object (conf=0.224, aspect=2.56); non-human object.",ANTIGRAVITY_VISUAL_QA,2026-09-26T03:55:00+07:00
5254,CAND_005254,LOW,REJECT,0,person,val,WEB08305.jpg,"(0.00605000, 0.64218750, 0.01210000, 0.12812500)",None,"Unusable extreme frame edge truncation (1.2%w x 12.8%h, aspect=5.29) showing only marginal body sliver.",ANTIGRAVITY_VISUAL_QA,2026-09-26T03:55:00+07:00
5255,CAND_005255,LOW,REJECT,0,person,train,PublicDataset00932.jpg,"(0.32851667, 0.76197778, 0.02263333, 0.07293333)",None,Tiny ambiguous silhouette (6x16 px); insufficient pixel resolution to verify human instance.,ANTIGRAVITY_VISUAL_QA,2026-09-26T03:55:00+07:00
5256,CAND_005256,LOW,REJECT,0,person,train,WEB00154.jpg,"(0.91015741, 0.93750000, 0.03594444, 0.11016667)",None,"False positive person detection on vertical inanimate structure/object (conf=0.223, aspect=2.04); non-human object.",ANTIGRAVITY_VISUAL_QA,2026-09-26T03:55:00+07:00
5257,CAND_005257,LOW,REJECT,0,person,train,WEB03695.jpg,"(0.26230525, 0.68670163, 0.03243243, 0.10766900)",None,"False positive person detection on vertical inanimate structure/object (conf=0.223, aspect=2.26); non-human object.",ANTIGRAVITY_VISUAL_QA,2026-09-26T03:55:00+07:00
5258,CAND_005258,LOW,REJECT,0,person,train,WEB04000.jpg,"(0.01966667, 0.70937222, 0.03928333, 0.10416667)",None,"False positive person detection on vertical inanimate structure/object (conf=0.223, aspect=1.99); non-human object.",ANTIGRAVITY_VISUAL_QA,2026-09-26T03:55:00+07:00
5259,CAND_005259,LOW,REJECT,0,person,train,WEB07125.jpg,"(0.42031250, 0.51666667, 0.01718750, 0.03333333)",None,"False positive person detection on vertical inanimate structure/object (conf=0.223, aspect=1.09); non-human object.",ANTIGRAVITY_VISUAL_QA,2026-09-26T03:55:00+07:00
5260,CAND_005260,LOW,REJECT,0,person,train,WEB08242.jpg,"(0.78007914, 0.94435407, 0.02576978, 0.09612440)",None,"False positive person detection on vertical inanimate structure/object (conf=0.223, aspect=2.24); non-human object.",ANTIGRAVITY_VISUAL_QA,2026-09-26T03:55:00+07:00
5261,CAND_005261,LOW,REJECT,0,person,val,WEB09282.jpg,"(0.13447656, 0.83194444, 0.06289063, 0.24444444)",None,"False positive person detection on vertical inanimate structure/object (conf=0.223, aspect=2.19); non-human object.",ANTIGRAVITY_VISUAL_QA,2026-09-26T03:55:00+07:00
5262,CAND_005262,LOW,REJECT,0,person,test,WEB10226.jpg,"(0.93593950, 0.60160027, 0.01562278, 0.03619505)",None,"False positive person detection on vertical inanimate structure/object (conf=0.223, aspect=1.20); non-human object.",ANTIGRAVITY_VISUAL_QA,2026-09-26T03:55:00+07:00
5263,CAND_005263,LOW,REJECT,0,person,test,WEB11099.jpg,"(0.50859350, 0.95644118, 0.02343089, 0.08711765)",None,"False positive person detection on vertical inanimate structure/object (conf=0.223, aspect=2.06); non-human object.",ANTIGRAVITY_VISUAL_QA,2026-09-26T03:55:00+07:00
5264,CAND_005264,LOW,REJECT,0,person,test,WEB11130.jpg,"(0.73012500, 0.63984670, 0.09937500, 0.10000000)",None,"False positive person detection on vertical inanimate structure/object (conf=0.223, aspect=1.78); non-human object.",ANTIGRAVITY_VISUAL_QA,2026-09-26T03:55:00+07:00
5265,CAND_005265,LOW,REJECT,0,person,test,WEB11652.jpg,"(0.36875000, 0.71250000, 0.02656250, 0.10555556)",None,"False positive person detection on vertical inanimate structure/object (conf=0.223, aspect=2.24); non-human object.",ANTIGRAVITY_VISUAL_QA,2026-09-26T03:55:00+07:00
5266,CAND_005266,LOW,REJECT,0,person,train,WEB00111.jpg,"(0.73827778, 0.69726389, 0.03125926, 0.14763889)",None,"False positive person detection on vertical inanimate structure/object (conf=0.223, aspect=3.15); non-human object.",ANTIGRAVITY_VISUAL_QA,2026-09-26T03:55:00+07:00
5267,CAND_005267,LOW,REJECT,0,person,train,WEB00453.jpg,"(0.23593750, 0.97638889, 0.01328125, 0.04444444)",None,"Unusable extreme frame edge truncation (1.3%w x 4.4%h, aspect=1.88) showing only marginal body sliver.",ANTIGRAVITY_VISUAL_QA,2026-09-26T03:55:00+07:00
5268,CAND_005268,LOW,REJECT,0,person,train,WEB03929.jpg,"(0.49882813, 0.42569444, 0.09140625, 0.21666667)",None,"False positive person detection on vertical inanimate structure/object (conf=0.223, aspect=1.33); non-human object.",ANTIGRAVITY_VISUAL_QA,2026-09-26T03:55:00+07:00
5269,CAND_005269,LOW,ADD,1,helmet,train,WEB04156.jpg,"(0.29726562, 0.14722222, 0.04062500, 0.04652778)",None,Genuine safety hardhat/firefighter helmet on personnel; clear rigid shell structure and tight bounding box.,ANTIGRAVITY_VISUAL_QA,2026-09-26T03:55:00+07:00
5270,CAND_005270,LOW,REJECT,0,person,train,WEB09284.jpg,"(0.58906481, 0.76288889, 0.02187037, 0.11483333)",None,"False positive person detection on vertical inanimate structure/object (conf=0.223, aspect=3.50); non-human object.",ANTIGRAVITY_VISUAL_QA,2026-09-26T03:55:00+07:00
5271,CAND_005271,LOW,REJECT,0,person,train,AoF03424.jpg,"(0.75625000, 0.55833333, 0.15625000, 0.44722222)",None,"False positive person detection on vertical inanimate structure/object (conf=0.222, aspect=1.61); non-human object.",ANTIGRAVITY_VISUAL_QA,2026-09-26T03:55:00+07:00
5272,CAND_005272,LOW,REJECT,0,person,train,PublicDataset00638.jpg,"(0.74101562, 0.52638889, 0.02187500, 0.03888889)",None,False positive person detection on flame region (IoU=0.72 with GT fire).,ANTIGRAVITY_VISUAL_QA,2026-09-26T03:55:00+07:00
5273,CAND_005273,LOW,REJECT,0,person,train,WEB01774.jpg,"(0.68007812, 0.86388889, 0.01171875, 0.04166667)",None,Tiny ambiguous silhouette (7x15 px); insufficient pixel resolution to verify human instance.,ANTIGRAVITY_VISUAL_QA,2026-09-26T03:55:00+07:00
5274,CAND_005274,LOW,REJECT,0,person,train,WEB07220.jpg,"(0.21445312, 0.44166667, 0.01718750, 0.06111111)",None,"False positive person detection on vertical inanimate structure/object (conf=0.222, aspect=2.00); non-human object.",ANTIGRAVITY_VISUAL_QA,2026-09-26T03:55:00+07:00
5275,CAND_005275,LOW,REJECT,0,person,train,WEB07722.jpg,"(0.47968636, 0.72748788, 0.08593636, 0.23878837)",None,"False positive person detection on vertical inanimate structure/object (conf=0.222, aspect=1.56); non-human object.",ANTIGRAVITY_VISUAL_QA,2026-09-26T03:55:00+07:00
5276,CAND_005276,LOW,REJECT,0,person,train,WEB08543.jpg,"(0.41015553, 0.86270217, 0.01250000, 0.04548323)",None,"False positive person detection on vertical inanimate structure/object (conf=0.222, aspect=2.13); non-human object.",ANTIGRAVITY_VISUAL_QA,2026-09-26T03:55:00+07:00
5277,CAND_005277,LOW,REJECT,0,person,train,WEB08895.jpg,"(0.55781250, 0.53333333, 0.01718750, 0.08750000)",None,"False positive person detection on vertical inanimate structure/object (conf=0.222, aspect=2.86); non-human object.",ANTIGRAVITY_VISUAL_QA,2026-09-26T03:55:00+07:00
5278,CAND_005278,LOW,REJECT,0,person,test,WEB11130.jpg,"(0.65008333, 0.63984670, 0.05658333, 0.11172170)",None,"False positive person detection on vertical inanimate structure/object (conf=0.221, aspect=3.49); non-human object.",ANTIGRAVITY_VISUAL_QA,2026-09-26T03:55:00+07:00
5279,CAND_005279,LOW,REJECT,0,person,test,WEB11584.jpg,"(0.51443627, 0.19893056, 0.70828431, 0.39669444)",None,False positive person detection on dark billowing smoke plume (IoU=0.79 with GT smoke).,ANTIGRAVITY_VISUAL_QA,2026-09-26T03:55:00+07:00
5280,CAND_005280,LOW,REJECT,0,person,train,AoF07463.jpg,"(0.15449219, 0.62986111, 0.01601562, 0.05555556)",None,"False positive person detection on vertical inanimate structure/object (conf=0.221, aspect=1.95); non-human object.",ANTIGRAVITY_VISUAL_QA,2026-09-26T03:55:00+07:00
5281,CAND_005281,LOW,REJECT,0,person,train,PublicDataset00867.jpg,"(0.13779167, 0.79554878, 0.01621667, 0.08955285)",None,Tiny ambiguous silhouette (9x44 px); insufficient pixel resolution to verify human instance.,ANTIGRAVITY_VISUAL_QA,2026-09-26T03:55:00+07:00
5282,CAND_005282,LOW,REJECT,0,person,train,WEB01501.jpg,"(0.22949219, 0.76944444, 0.03710938, 0.10555556)",None,"False positive person detection on vertical inanimate structure/object (conf=0.221, aspect=1.60); non-human object.",ANTIGRAVITY_VISUAL_QA,2026-09-26T03:55:00+07:00
5283,CAND_005283,LOW,REJECT,0,person,train,WEB06800.jpg,"(0.33745833, 0.48906250, 0.06762500, 0.03437500)",None,"False positive person detection on vertical inanimate structure/object (conf=0.221, aspect=0.90); non-human object.",ANTIGRAVITY_VISUAL_QA,2026-09-26T03:55:00+07:00
5284,CAND_005284,LOW,REJECT,0,person,train,WEB07232.jpg,"(0.19062500, 0.20000000, 0.03203125, 0.14305556)",None,"False positive person detection on vertical inanimate structure/object (conf=0.221, aspect=2.51); non-human object.",ANTIGRAVITY_VISUAL_QA,2026-09-26T03:55:00+07:00
5285,CAND_005285,LOW,REJECT,0,person,train,WEB08708.jpg,"(0.99531447, 0.66526389, 0.00937107, 0.11319444)",None,"Unusable extreme frame edge truncation (0.9%w x 11.3%h, aspect=6.84) showing only marginal body sliver.",ANTIGRAVITY_VISUAL_QA,2026-09-26T03:55:00+07:00
5286,CAND_005286,LOW,REJECT,0,person,train,WEB10866.jpg,"(0.04328516, 0.76805556, 0.08627344, 0.44722222)",None,"False positive person detection on vertical inanimate structure/object (conf=0.221, aspect=2.92); non-human object.",ANTIGRAVITY_VISUAL_QA,2026-09-26T03:55:00+07:00
5287,CAND_005287,LOW,REJECT,0,person,val,WEB04210.jpg,"(0.92811782, 0.88306905, 0.02500000, 0.16966752)",None,"False positive person detection on vertical inanimate structure/object (conf=0.221, aspect=3.81); non-human object.",ANTIGRAVITY_VISUAL_QA,2026-09-26T03:55:00+07:00
5288,CAND_005288,LOW,REJECT,0,person,test,WEB11613.jpg,"(0.11357031, 0.63263889, 0.13729688, 0.24027778)",None,"False positive person detection on vertical inanimate structure/object (conf=0.221, aspect=0.98); non-human object.",ANTIGRAVITY_VISUAL_QA,2026-09-26T03:55:00+07:00
5289,CAND_005289,LOW,REJECT,0,person,train,PublicDataset00867.jpg,"(0.12480833, 0.79459350, 0.02148333, 0.08955285)",None,"False positive person detection on vertical inanimate structure/object (conf=0.221, aspect=3.42); non-human object.",ANTIGRAVITY_VISUAL_QA,2026-09-26T03:55:00+07:00
5290,CAND_005290,LOW,REJECT,0,person,train,WEB01624.jpg,"(0.62382812, 0.91250000, 0.06953125, 0.16944444)",None,"False positive person detection on vertical inanimate structure/object (conf=0.221, aspect=1.37); non-human object.",ANTIGRAVITY_VISUAL_QA,2026-09-26T03:55:00+07:00
5291,CAND_005291,LOW,REJECT,0,person,train,WEB03135.jpg,"(0.18153906, 0.51111111, 0.07051562, 0.12777778)",None,"False positive person detection on vertical inanimate structure/object (conf=0.221, aspect=1.02); non-human object.",ANTIGRAVITY_VISUAL_QA,2026-09-26T03:55:00+07:00
5292,CAND_005292,LOW,REJECT,0,person,train,WEB03394.jpg,"(0.27382710, 0.98070531, 0.01836449, 0.03736034)",None,"Unusable extreme frame edge truncation (1.8%w x 3.7%h, aspect=1.36) showing only marginal body sliver.",ANTIGRAVITY_VISUAL_QA,2026-09-26T03:55:00+07:00
5293,CAND_005293,LOW,REJECT,0,person,train,WEB03482.jpg,"(0.27500000, 0.77566763, 0.03203810, 0.18216255)",None,"False positive person detection on vertical inanimate structure/object (conf=0.221, aspect=3.73); non-human object.",ANTIGRAVITY_VISUAL_QA,2026-09-26T03:55:00+07:00
5294,CAND_005294,LOW,REJECT,0,person,train,WEB05369.jpg,"(0.10156250, 0.50694444, 0.02460937, 0.12777778)",None,"False positive person detection on vertical inanimate structure/object (conf=0.221, aspect=2.92); non-human object.",ANTIGRAVITY_VISUAL_QA,2026-09-26T03:55:00+07:00
5295,CAND_005295,LOW,REJECT,0,person,train,WEB05412.jpg,"(0.58945313, 0.65763889, 0.01406250, 0.03888889)",None,Tiny ambiguous silhouette (9x14 px); insufficient pixel resolution to verify human instance.,ANTIGRAVITY_VISUAL_QA,2026-09-26T03:55:00+07:00
5296,CAND_005296,LOW,REJECT,0,person,train,WEB05885.jpg,"(0.50468750, 0.97361111, 0.04453125, 0.05138889)",None,"False positive person detection on vertical inanimate structure/object (conf=0.221, aspect=0.65); non-human object.",ANTIGRAVITY_VISUAL_QA,2026-09-26T03:55:00+07:00
5297,CAND_005297,LOW,REJECT,0,person,train,WEB05978.jpg,"(0.40546875, 0.52204861, 0.80937500, 0.91145833)",None,False positive person detection on dark billowing smoke plume (IoU=0.41 with GT smoke).,ANTIGRAVITY_VISUAL_QA,2026-09-26T03:55:00+07:00
5298,CAND_005298,LOW,REJECT,0,person,train,WEB08863.jpg,"(0.77187500, 0.50000000, 0.02890625, 0.10000000)",None,"False positive person detection on vertical inanimate structure/object (conf=0.221, aspect=1.95); non-human object.",ANTIGRAVITY_VISUAL_QA,2026-09-26T03:55:00+07:00
5299,CAND_005299,LOW,REJECT,0,person,train,WEB08935.jpg,"(0.02574257, 0.54140278, 0.04594059, 0.05936111)",None,Tiny ambiguous silhouette (9x21 px); insufficient pixel resolution to verify human instance.,ANTIGRAVITY_VISUAL_QA,2026-09-26T03:55:00+07:00
5300,CAND_005300,LOW,REJECT,0,person,train,WEB09351.jpg,"(0.92578125, 0.75000000, 0.02968750, 0.10555556)",None,"False positive person detection on vertical inanimate structure/object (conf=0.221, aspect=2.00); non-human object.",ANTIGRAVITY_VISUAL_QA,2026-09-26T03:55:00+07:00
5301,CAND_005301,LOW,REJECT,0,person,test,WEB10571.jpg,"(0.64687500, 0.58541990, 0.02968023, 0.04582687)",None,"False positive person detection on vertical inanimate structure/object (conf=0.220, aspect=1.16); non-human object.",ANTIGRAVITY_VISUAL_QA,2026-09-26T03:55:00+07:00
5302,CAND_005302,LOW,REJECT,0,person,test,WEB11130.jpg,"(0.06176042, 0.59453420, 0.03864583, 0.04531840)",None,"False positive person detection on vertical inanimate structure/object (conf=0.220, aspect=2.07); non-human object.",ANTIGRAVITY_VISUAL_QA,2026-09-26T03:55:00+07:00
5303,CAND_005303,LOW,REJECT,0,person,train,AoF03294.jpg,"(0.07060938, 0.92986111, 0.01328125, 0.04583333)",None,"False positive person detection on vertical inanimate structure/object (conf=0.220, aspect=1.94); non-human object.",ANTIGRAVITY_VISUAL_QA,2026-09-26T03:55:00+07:00
5304,CAND_005304,LOW,REJECT,0,person,train,WEB03682.jpg,"(0.68516667, 0.73437500, 0.05625000, 0.09375000)",None,"False positive person detection on vertical inanimate structure/object (conf=0.220, aspect=1.25); non-human object.",ANTIGRAVITY_VISUAL_QA,2026-09-26T03:55:00+07:00
5305,CAND_005305,LOW,REJECT,0,person,train,WEB03820.jpg,"(0.27812500, 0.68333333, 0.02812500, 0.11388889)",None,"False positive person detection on vertical inanimate structure/object (conf=0.220, aspect=2.28); non-human object.",ANTIGRAVITY_VISUAL_QA,2026-09-26T03:55:00+07:00
5306,CAND_005306,LOW,REJECT,0,person,train,WEB07678.jpg,"(0.74844097, 0.81825688, 0.01797175, 0.08381651)",None,"False positive person detection on vertical inanimate structure/object (conf=0.220, aspect=2.56); non-human object.",ANTIGRAVITY_VISUAL_QA,2026-09-26T03:55:00+07:00
5307,CAND_005307,LOW,REJECT,1,helmet,train,WEB07844.jpg,"(0.77500000, 0.58855556, 0.03126667, 0.04166667)",None,False positive helmet detection on civilian cap/hair/hood; lacks rigid safety helmet shell.,ANTIGRAVITY_VISUAL_QA,2026-09-26T03:55:00+07:00
5308,CAND_005308,LOW,REJECT,0,person,train,WEB07947.jpg,"(0.16894531, 0.49288194, 0.33789062, 0.96701389)",None,"False positive person detection on vertical inanimate structure/object (conf=0.220, aspect=1.61); non-human object.",ANTIGRAVITY_VISUAL_QA,2026-09-26T03:55:00+07:00
5309,CAND_005309,LOW,REJECT,0,person,train,WEB08712.jpg,"(0.98905660, 0.88056944, 0.02031447, 0.11319444)",None,"False positive person detection on vertical inanimate structure/object (conf=0.220, aspect=3.15); non-human object.",ANTIGRAVITY_VISUAL_QA,2026-09-26T03:55:00+07:00
5310,CAND_005310,LOW,REJECT,0,person,train,WEB09099.jpg,"(0.46701527, 0.69531314, 0.06157252, 0.07187885)",None,"False positive person detection on vertical inanimate structure/object (conf=0.220, aspect=1.74); non-human object.",ANTIGRAVITY_VISUAL_QA,2026-09-26T03:55:00+07:00
5311,CAND_005311,LOW,REJECT,0,person,val,WEB09287.jpg,"(0.64375000, 0.47459722, 0.02579630, 0.13125000)",None,"False positive person detection on vertical inanimate structure/object (conf=0.220, aspect=3.39); non-human object.",ANTIGRAVITY_VISUAL_QA,2026-09-26T03:55:00+07:00
5312,CAND_005312,LOW,REJECT,0,person,test,WEB10199.jpg,"(0.56757783, 0.95747039, 0.01094645, 0.02972927)",None,Tiny ambiguous silhouette (8x17 px); insufficient pixel resolution to verify human instance.,ANTIGRAVITY_VISUAL_QA,2026-09-26T03:55:00+07:00
5313,CAND_005313,LOW,REJECT,0,person,test,WEB11667.jpg,"(0.52773437, 0.80056180, 0.08906250, 0.16292135)",None,"False positive person detection on vertical inanimate structure/object (conf=0.219, aspect=1.02); non-human object.",ANTIGRAVITY_VISUAL_QA,2026-09-26T03:55:00+07:00
5314,CAND_005314,LOW,REJECT,0,person,test,WEB11801.jpg,"(0.73164286, 0.98021186, 0.02030159, 0.03754237)",None,"False positive person detection on vertical inanimate structure/object (conf=0.219, aspect=1.39); non-human object.",ANTIGRAVITY_VISUAL_QA,2026-09-26T03:55:00+07:00
5315,CAND_005315,LOW,REJECT,0,person,train,WEB07680.jpg,"(0.62890411, 0.54000000, 0.05000000, 0.23042596)",None,"False positive person detection on vertical inanimate structure/object (conf=0.219, aspect=2.59); non-human object.",ANTIGRAVITY_VISUAL_QA,2026-09-26T03:55:00+07:00
5316,CAND_005316,LOW,REJECT,0,person,train,WEB08753.jpg,"(0.71482843, 0.58594444, 0.03583333, 0.05311111)",None,Tiny ambiguous silhouette (7x19 px); insufficient pixel resolution to verify human instance.,ANTIGRAVITY_VISUAL_QA,2026-09-26T03:55:00+07:00
5317,CAND_005317,LOW,REJECT,0,person,test,WEB10206.jpg,"(0.06123127, 0.73909929, 0.01201311, 0.03904965)",None,"False positive person detection on vertical inanimate structure/object (conf=0.219, aspect=2.15); non-human object.",ANTIGRAVITY_VISUAL_QA,2026-09-26T03:55:00+07:00
5318,CAND_005318,LOW,REJECT,0,person,test,WEB11134.jpg,"(0.42510417, 0.56952830, 0.08004167, 0.10000000)",None,"False positive person detection on vertical inanimate structure/object (conf=0.219, aspect=2.21); non-human object.",ANTIGRAVITY_VISUAL_QA,2026-09-26T03:55:00+07:00
5319,CAND_005319,LOW,REJECT,1,helmet,train,PublicDataset00999.jpg,"(0.84530833, 0.74364333, 0.03125000, 0.03796499)",None,False positive helmet detection on civilian cap/hair/hood; lacks rigid safety helmet shell.,ANTIGRAVITY_VISUAL_QA,2026-09-26T03:55:00+07:00
5320,CAND_005320,LOW,REJECT,0,person,train,WEB03523.jpg,"(0.51562108, 0.73279944, 0.01249686, 0.08671309)",None,Tiny ambiguous silhouette (9x31 px); insufficient pixel resolution to verify human instance.,ANTIGRAVITY_VISUAL_QA,2026-09-26T03:55:00+07:00
5321,CAND_005321,LOW,REJECT,0,person,train,WEB07722.jpg,"(0.27695000, 0.66917609, 0.08984545, 0.26100162)",None,"False positive person detection on vertical inanimate structure/object (conf=0.219, aspect=1.63); non-human object.",ANTIGRAVITY_VISUAL_QA,2026-09-26T03:55:00+07:00
5322,CAND_005322,LOW,REJECT,0,person,train,WEB08582.jpg,"(0.53320500, 0.64525755, 0.03281000, 0.16095915)",None,"False positive person detection on vertical inanimate structure/object (conf=0.219, aspect=2.76); non-human object.",ANTIGRAVITY_VISUAL_QA,2026-09-26T03:55:00+07:00
5323,CAND_005323,LOW,REJECT,0,person,val,WEB03381.jpg,"(0.57968293, 0.53508237, 0.02500000, 0.09392092)",None,"False positive person detection on vertical inanimate structure/object (conf=0.219, aspect=2.78); non-human object.",ANTIGRAVITY_VISUAL_QA,2026-09-26T03:55:00+07:00
5324,CAND_005324,LOW,REJECT,0,person,val,WEB08937.jpg,"(0.09502475, 0.56093056, 0.06826733, 0.04219444)",None,Tiny ambiguous silhouette (13x15 px); insufficient pixel resolution to verify human instance.,ANTIGRAVITY_VISUAL_QA,2026-09-26T03:55:00+07:00
5325,CAND_005325,LOW,REJECT,0,person,test,WEB10500.jpg,"(0.07235247, 0.48154639, 0.06271625, 0.31549828)",None,False positive person detection on flame region (IoU=0.35 with GT fire).,ANTIGRAVITY_VISUAL_QA,2026-09-26T03:55:00+07:00
5326,CAND_005326,LOW,REJECT,0,person,train,WEB03034.jpg,"(0.55546875, 0.58888889, 0.01875000, 0.05277778)",None,"False positive person detection on vertical inanimate structure/object (conf=0.218, aspect=1.58); non-human object.",ANTIGRAVITY_VISUAL_QA,2026-09-26T03:55:00+07:00
5327,CAND_005327,LOW,REJECT,0,person,val,WEB02871.jpg,"(0.79179874, 0.92213997, 0.04922160, 0.14993271)",None,"False positive person detection on vertical inanimate structure/object (conf=0.218, aspect=1.59); non-human object.",ANTIGRAVITY_VISUAL_QA,2026-09-26T03:55:00+07:00
5328,CAND_005328,LOW,REJECT,0,person,val,WEB07056.jpg,"(0.53242188, 0.36944444, 0.03203125, 0.11527778)",None,"False positive person detection on vertical inanimate structure/object (conf=0.218, aspect=2.02); non-human object.",ANTIGRAVITY_VISUAL_QA,2026-09-26T03:55:00+07:00
5329,CAND_005329,LOW,REJECT,0,person,val,WEB07601.jpg,"(0.50937564, 0.71258303, 0.01406346, 0.05915129)",None,"False positive person detection on vertical inanimate structure/object (conf=0.218, aspect=2.33); non-human object.",ANTIGRAVITY_VISUAL_QA,2026-09-26T03:55:00+07:00
5330,CAND_005330,LOW,REJECT,0,person,test,WEB11754.jpg,"(0.03356481, 0.84081944, 0.06646296, 0.26369444)",None,"False positive person detection on vertical inanimate structure/object (conf=0.217, aspect=2.65); non-human object.",ANTIGRAVITY_VISUAL_QA,2026-09-26T03:55:00+07:00
5331,CAND_005331,LOW,REJECT,0,person,train,AoF04494.jpg,"(0.66328133, 0.32489560, 0.10156002, 0.21713187)",None,False positive person detection on flame region (IoU=0.33 with GT fire).,ANTIGRAVITY_VISUAL_QA,2026-09-26T03:55:00+07:00
5332,CAND_005332,LOW,REJECT,0,person,train,PublicDataset01004.jpg,"(0.48867708, 0.75937500, 0.18906250, 0.27291667)",None,"False positive person detection on vertical inanimate structure/object (conf=0.217, aspect=1.08); non-human object.",ANTIGRAVITY_VISUAL_QA,2026-09-26T03:55:00+07:00
5333,CAND_005333,LOW,REJECT,0,person,train,WEB01314.jpg,"(0.59296875, 0.50972222, 0.02187500, 0.09027778)",None,"False positive person detection on vertical inanimate structure/object (conf=0.217, aspect=2.32); non-human object.",ANTIGRAVITY_VISUAL_QA,2026-09-26T03:55:00+07:00
5334,CAND_005334,LOW,REJECT,0,person,train,WEB03909.jpg,"(0.46601562, 0.56111111, 0.02578125, 0.08888889)",None,"False positive person detection on vertical inanimate structure/object (conf=0.217, aspect=1.94); non-human object.",ANTIGRAVITY_VISUAL_QA,2026-09-26T03:55:00+07:00
5335,CAND_005335,LOW,ADD,1,helmet,train,WEB04080.jpg,"(0.52538830, 0.15578150, 0.13984043, 0.10658692)",None,Genuine safety hardhat/firefighter helmet on personnel; clear rigid shell structure and tight bounding box.,ANTIGRAVITY_VISUAL_QA,2026-09-26T03:55:00+07:00
5336,CAND_005336,LOW,REJECT,1,helmet,train,WEB07713.jpg,"(0.33085616, 0.78155172, 0.05351598, 0.07774848)",None,False positive helmet detection misaligned with person anatomy (not on head region).,ANTIGRAVITY_VISUAL_QA,2026-09-26T03:55:00+07:00
5337,CAND_005337,LOW,REJECT,0,person,train,WEB08550.jpg,"(0.26757692, 0.67968269, 0.01797436, 0.04921154)",None,"False positive person detection on vertical inanimate structure/object (conf=0.217, aspect=1.83); non-human object.",ANTIGRAVITY_VISUAL_QA,2026-09-26T03:55:00+07:00
5338,CAND_005338,LOW,REJECT,1,helmet,train,WEB08665.jpg,"(0.26161765, 0.92969444, 0.10960784, 0.06250000)",None,False positive helmet detection on background scene; no person instance present.,ANTIGRAVITY_VISUAL_QA,2026-09-26T03:55:00+07:00
5339,CAND_005339,LOW,REJECT,0,person,train,WEB08748.jpg,"(0.43911765, 0.49062500, 0.03862745, 0.06408333)",None,Tiny ambiguous silhouette (7x23 px); insufficient pixel resolution to verify human instance.,ANTIGRAVITY_VISUAL_QA,2026-09-26T03:55:00+07:00
5340,CAND_005340,LOW,REJECT,0,person,train,WEB08900.jpg,"(0.35390625, 0.63194444, 0.02265625, 0.07222222)",None,"False positive person detection on vertical inanimate structure/object (conf=0.217, aspect=1.79); non-human object.",ANTIGRAVITY_VISUAL_QA,2026-09-26T03:55:00+07:00
5341,CAND_005341,LOW,REJECT,0,person,test,WEB11241.jpg,"(0.93359375, 0.55347222, 0.01562500, 0.08611111)",None,"False positive person detection on vertical inanimate structure/object (conf=0.217, aspect=3.10); non-human object.",ANTIGRAVITY_VISUAL_QA,2026-09-26T03:55:00+07:00
5342,CAND_005342,LOW,REJECT,0,person,train,WEB02737.jpg,"(0.29941362, 0.80376442, 0.02694830, 0.06429984)",None,"False positive person detection on vertical inanimate structure/object (conf=0.217, aspect=1.83); non-human object.",ANTIGRAVITY_VISUAL_QA,2026-09-26T03:55:00+07:00
5343,CAND_005343,LOW,REJECT,0,person,train,WEB04968.jpg,"(0.56601385, 0.75802000, 0.03827456, 0.06452000)",None,"False positive person detection on vertical inanimate structure/object (conf=0.217, aspect=1.06); non-human object.",ANTIGRAVITY_VISUAL_QA,2026-09-26T03:55:00+07:00
5344,CAND_005344,LOW,REJECT,0,person,train,WEB07197.jpg,"(0.68906250, 0.41597222, 0.02812500, 0.16666667)",None,"False positive person detection on vertical inanimate structure/object (conf=0.217, aspect=3.33); non-human object.",ANTIGRAVITY_VISUAL_QA,2026-09-26T03:55:00+07:00
5345,CAND_005345,LOW,REJECT,0,person,train,WEB08421.jpg,"(0.20625000, 0.60555556, 0.05625000, 0.23055556)",None,"False positive person detection on vertical inanimate structure/object (conf=0.217, aspect=2.31); non-human object.",ANTIGRAVITY_VISUAL_QA,2026-09-26T03:55:00+07:00
5346,CAND_005346,LOW,REJECT,0,person,train,WEB09350.jpg,"(0.96796875, 0.46803977, 0.02031250, 0.15198864)",None,"False positive person detection on vertical inanimate structure/object (conf=0.217, aspect=4.12); non-human object.",ANTIGRAVITY_VISUAL_QA,2026-09-26T03:55:00+07:00
5347,CAND_005347,LOW,REJECT,0,person,val,WEB08688.jpg,"(0.34882812, 0.76250000, 0.17343750, 0.45555556)",None,"False positive person detection on vertical inanimate structure/object (conf=0.217, aspect=1.48); non-human object.",ANTIGRAVITY_VISUAL_QA,2026-09-26T03:55:00+07:00
5348,CAND_005348,LOW,REJECT,0,person,test,PublicDataset01300.jpg,"(0.84297500, 0.81211250, 0.01875000, 0.08907500)",None,"False positive person detection on vertical inanimate structure/object (conf=0.216, aspect=3.17); non-human object.",ANTIGRAVITY_VISUAL_QA,2026-09-26T03:55:00+07:00
5349,CAND_005349,LOW,REJECT,0,person,test,WEB11749.jpg,"(0.62890625, 0.79930556, 0.03750000, 0.19027778)",None,"False positive person detection on vertical inanimate structure/object (conf=0.216, aspect=2.85); non-human object.",ANTIGRAVITY_VISUAL_QA,2026-09-26T03:55:00+07:00
5350,CAND_005350,LOW,REJECT,0,person,train,AoF02544.jpg,"(0.49257812, 0.14036111, 0.23046875, 0.27344444)",None,"False positive person detection on vertical inanimate structure/object (conf=0.216, aspect=0.67); non-human object.",ANTIGRAVITY_VISUAL_QA,2026-09-26T03:55:00+07:00
5351,CAND_005351,LOW,REJECT,1,helmet,train,WEB00896.jpg,"(0.31210938, 0.57083333, 0.02771875, 0.05277778)",None,False positive helmet detection on civilian cap/hair/hood; lacks rigid safety helmet shell.,ANTIGRAVITY_VISUAL_QA,2026-09-26T03:55:00+07:00
5352,CAND_005352,LOW,REJECT,0,person,train,WEB04561.jpg,"(0.21718881, 0.36599415, 0.04179021, 0.11732943)",None,"False positive person detection on vertical inanimate structure/object (conf=0.216, aspect=2.01); non-human object.",ANTIGRAVITY_VISUAL_QA,2026-09-26T03:55:00+07:00
5353,CAND_005353,LOW,REJECT,0,person,train,WEB06286.jpg,"(0.98515625, 0.88697917, 0.02968750, 0.18854167)",None,"False positive person detection on vertical inanimate structure/object (conf=0.216, aspect=4.76); non-human object.",ANTIGRAVITY_VISUAL_QA,2026-09-26T03:55:00+07:00
5354,CAND_005354,LOW,REJECT,0,person,train,WEB06890.jpg,"(0.54296667, 0.96990982, 0.02422667, 0.05637275)",None,"False positive person detection on vertical inanimate structure/object (conf=0.216, aspect=1.55); non-human object.",ANTIGRAVITY_VISUAL_QA,2026-09-26T03:55:00+07:00
5355,CAND_005355,LOW,ADD,1,helmet,train,WEB07245.jpg,"(0.15996790, 0.48205128, 0.04179775, 0.05615385)",None,Genuine safety hardhat/firefighter helmet on personnel; clear rigid shell structure and tight bounding box.,ANTIGRAVITY_VISUAL_QA,2026-09-26T03:55:00+07:00
5356,CAND_005356,LOW,REJECT,1,helmet,train,WEB07560.jpg,"(0.16347917, 0.40555556, 0.05312500, 0.12498765)",None,False positive helmet detection misaligned with person anatomy (not on head region).,ANTIGRAVITY_VISUAL_QA,2026-09-26T03:55:00+07:00
5357,CAND_005357,LOW,ADD,1,helmet,train,WEB09143.jpg,"(0.64687500, 0.61497459, 0.02969286, 0.03058450)",None,Genuine safety hardhat/firefighter helmet on personnel; clear rigid shell structure and tight bounding box.,ANTIGRAVITY_VISUAL_QA,2026-09-26T03:55:00+07:00
5358,CAND_005358,LOW,REJECT,0,person,val,WEB03980.jpg,"(0.82578420, 0.83502083, 0.34218160, 0.31054167)",None,"False positive person detection on vertical inanimate structure/object (conf=0.216, aspect=0.51); non-human object.",ANTIGRAVITY_VISUAL_QA,2026-09-26T03:55:00+07:00
5359,CAND_005359,LOW,REJECT,0,person,test,WEB09742.jpg,"(0.65429688, 0.58888889, 0.01484375, 0.09166667)",None,Tiny ambiguous silhouette (9x33 px); insufficient pixel resolution to verify human instance.,ANTIGRAVITY_VISUAL_QA,2026-09-26T03:55:00+07:00
5360,CAND_005360,LOW,REJECT,0,person,test,WEB11131.jpg,"(0.05935417, 0.70156840, 0.11870833, 0.58125000)",None,"Unusable extreme frame edge truncation (11.9%w x 58.1%h, aspect=8.65) showing only marginal body sliver.",ANTIGRAVITY_VISUAL_QA,2026-09-26T03:55:00+07:00
5361,CAND_005361,LOW,REJECT,0,person,train,AoF03209.jpg,"(0.33222656, 0.51527778, 0.01796875, 0.06944444)",None,"False positive person detection on vertical inanimate structure/object (conf=0.215, aspect=2.17); non-human object.",ANTIGRAVITY_VISUAL_QA,2026-09-26T03:55:00+07:00
5362,CAND_005362,LOW,REJECT,0,person,train,AoF07581.jpg,"(0.73632812, 0.49739583, 0.18046875, 0.49687500)",None,"False positive person detection on vertical inanimate structure/object (conf=0.215, aspect=1.55); non-human object.",ANTIGRAVITY_VISUAL_QA,2026-09-26T03:55:00+07:00
5363,CAND_005363,LOW,REJECT,0,person,train,PublicDataset00861.jpg,"(0.46015556, 0.77719900, 0.02968889, 0.06583612)",None,"False positive person detection on vertical inanimate structure/object (conf=0.215, aspect=1.47); non-human object.",ANTIGRAVITY_VISUAL_QA,2026-09-26T03:55:00+07:00
5364,CAND_005364,LOW,REJECT,0,person,train,WEB03933.jpg,"(0.44570312, 0.51736111, 0.03984375, 0.24305556)",None,"False positive person detection on vertical inanimate structure/object (conf=0.215, aspect=3.43); non-human object.",ANTIGRAVITY_VISUAL_QA,2026-09-26T03:55:00+07:00
5365,CAND_005365,LOW,REJECT,0,person,train,WEB09405.jpg,"(0.01257031, 0.25486111, 0.02490625, 0.09861111)",None,"False positive person detection on vertical inanimate structure/object (conf=0.215, aspect=2.23); non-human object.",ANTIGRAVITY_VISUAL_QA,2026-09-26T03:55:00+07:00
5366,CAND_005366,LOW,REJECT,0,person,test,WEB10433.jpg,"(0.80624557, 0.55933025, 0.01874852, 0.08558891)",None,"False positive person detection on vertical inanimate structure/object (conf=0.215, aspect=2.33); non-human object.",ANTIGRAVITY_VISUAL_QA,2026-09-26T03:55:00+07:00
5367,CAND_005367,LOW,REJECT,0,person,test,WEB11765.jpg,"(0.49218750, 0.50277778, 0.03437500, 0.28888889)",None,"False positive person detection on vertical inanimate structure/object (conf=0.215, aspect=4.73); non-human object.",ANTIGRAVITY_VISUAL_QA,2026-09-26T03:55:00+07:00
5368,CAND_005368,LOW,REJECT,0,person,train,WEB03905.jpg,"(0.06557813, 0.39583333, 0.02568750, 0.08055556)",None,"False positive person detection on vertical inanimate structure/object (conf=0.215, aspect=1.76); non-human object.",ANTIGRAVITY_VISUAL_QA,2026-09-26T03:55:00+07:00
5369,CAND_005369,LOW,REJECT,0,person,train,WEB03912.jpg,"(0.44843750, 0.58263889, 0.02031250, 0.08472222)",None,"False positive person detection on vertical inanimate structure/object (conf=0.215, aspect=2.35); non-human object.",ANTIGRAVITY_VISUAL_QA,2026-09-26T03:55:00+07:00
5370,CAND_005370,LOW,REJECT,0,person,train,WEB06139.jpg,"(0.73359248, 0.66151268, 0.01718496, 0.07519928)",None,"False positive person detection on vertical inanimate structure/object (conf=0.215, aspect=2.45); non-human object.",ANTIGRAVITY_VISUAL_QA,2026-09-26T03:55:00+07:00
5371,CAND_005371,LOW,REJECT,0,person,train,WEB07168.jpg,"(0.16660000, 0.38964000, 0.01913684, 0.07424000)",None,Tiny ambiguous silhouette (9x18 px); insufficient pixel resolution to verify human instance.,ANTIGRAVITY_VISUAL_QA,2026-09-26T03:55:00+07:00
5372,CAND_005372,LOW,REJECT,0,person,train,WEB07291.jpg,"(0.98203125, 0.73680556, 0.03593750, 0.50138889)",None,"Unusable extreme frame edge truncation (3.6%w x 50.1%h, aspect=7.85) showing only marginal body sliver.",ANTIGRAVITY_VISUAL_QA,2026-09-26T03:55:00+07:00
5373,CAND_005373,LOW,REJECT,1,helmet,train,WEB07424.jpg,"(0.41562857, 0.56965784, 0.02344000, 0.03922737)",None,False positive helmet detection on civilian cap/hair/hood; lacks rigid safety helmet shell.,ANTIGRAVITY_VISUAL_QA,2026-09-26T03:55:00+07:00
5374,CAND_005374,LOW,REJECT,0,person,train,WEB07506.jpg,"(0.11816393, 0.73906780, 0.02187978, 0.14084746)",None,"False positive person detection on vertical inanimate structure/object (conf=0.215, aspect=3.32); non-human object.",ANTIGRAVITY_VISUAL_QA,2026-09-26T03:55:00+07:00
5375,CAND_005375,LOW,REJECT,0,person,train,WEB08437.jpg,"(0.02712500, 0.50416667, 0.05425000, 0.19722222)",None,"False positive person detection on vertical inanimate structure/object (conf=0.215, aspect=2.04); non-human object.",ANTIGRAVITY_VISUAL_QA,2026-09-26T03:55:00+07:00
5376,CAND_005376,LOW,REJECT,0,person,train,WEB08949.jpg,"(0.96562500, 0.84691011, 0.04062500, 0.11376404)",None,"False positive person detection on vertical inanimate structure/object (conf=0.215, aspect=1.56); non-human object.",ANTIGRAVITY_VISUAL_QA,2026-09-26T03:55:00+07:00
5377,CAND_005377,LOW,REJECT,0,person,train,WEB09226.jpg,"(0.69219000, 0.62916667, 0.01484000, 0.06457333)",None,"False positive person detection on vertical inanimate structure/object (conf=0.215, aspect=3.26); non-human object.",ANTIGRAVITY_VISUAL_QA,2026-09-26T03:55:00+07:00
5378,CAND_005378,LOW,ADD,1,helmet,val,WEB04163.jpg,"(0.24218750, 0.08923611, 0.06679688, 0.09375000)",None,Genuine safety hardhat/firefighter helmet on personnel; clear rigid shell structure and tight bounding box.,ANTIGRAVITY_VISUAL_QA,2026-09-26T03:55:00+07:00
5379,CAND_005379,LOW,REJECT,0,person,train,AoF03229.jpg,"(0.67265625, 0.46111111, 0.02187500, 0.10277778)",None,"False positive person detection on vertical inanimate structure/object (conf=0.214, aspect=2.64); non-human object.",ANTIGRAVITY_VISUAL_QA,2026-09-26T03:55:00+07:00
5380,CAND_005380,LOW,REJECT,0,person,train,WEB03499.jpg,"(0.07934160, 0.68576271, 0.01162214, 0.04163842)",None,"False positive person detection on vertical inanimate structure/object (conf=0.214, aspect=2.42); non-human object.",ANTIGRAVITY_VISUAL_QA,2026-09-26T03:55:00+07:00
5381,CAND_005381,LOW,REJECT,0,person,train,WEB03821.jpg,"(0.32734375, 0.90555556, 0.02734375, 0.10555556)",None,"False positive person detection on vertical inanimate structure/object (conf=0.214, aspect=2.17); non-human object.",ANTIGRAVITY_VISUAL_QA,2026-09-26T03:55:00+07:00
5382,CAND_005382,LOW,REJECT,0,person,train,WEB07955.jpg,"(0.11699353, 0.84097701, 0.02734914, 0.14026820)",None,"False positive person detection on vertical inanimate structure/object (conf=0.214, aspect=2.88); non-human object.",ANTIGRAVITY_VISUAL_QA,2026-09-26T03:55:00+07:00
5383,CAND_005383,LOW,REJECT,0,person,train,PublicDataset00896.jpg,"(0.01375714, 0.69379531, 0.02742857, 0.09445629)",None,"False positive person detection on vertical inanimate structure/object (conf=0.213, aspect=2.31); non-human object.",ANTIGRAVITY_VISUAL_QA,2026-09-26T03:55:00+07:00
5384,CAND_005384,LOW,REJECT,0,person,train,WEB01076.jpg,"(0.29101562, 0.73125000, 0.03671875, 0.15555556)",None,"False positive person detection on vertical inanimate structure/object (conf=0.213, aspect=2.38); non-human object.",ANTIGRAVITY_VISUAL_QA,2026-09-26T03:55:00+07:00
5385,CAND_005385,LOW,REJECT,0,person,train,WEB03527.jpg,"(0.12383149, 0.66696160, 0.02148831, 0.08270451)",None,"False positive person detection on vertical inanimate structure/object (conf=0.213, aspect=2.84); non-human object.",ANTIGRAVITY_VISUAL_QA,2026-09-26T03:55:00+07:00
5386,CAND_005386,LOW,REJECT,0,person,train,WEB08010.jpg,"(0.32734375, 0.78697917, 0.02109375, 0.07916667)",None,"False positive person detection on vertical inanimate structure/object (conf=0.213, aspect=2.81); non-human object.",ANTIGRAVITY_VISUAL_QA,2026-09-26T03:55:00+07:00
5387,CAND_005387,LOW,REJECT,0,person,test,WEB11483.jpg,"(0.56250000, 0.67777778, 0.01875000, 0.06111111)",None,"False positive person detection on vertical inanimate structure/object (conf=0.213, aspect=1.83); non-human object.",ANTIGRAVITY_VISUAL_QA,2026-09-26T03:55:00+07:00
5388,CAND_005388,LOW,REJECT,0,person,train,AoF03292.jpg,"(0.07085156, 0.92986111, 0.01298438, 0.04583333)",None,"False positive person detection on vertical inanimate structure/object (conf=0.213, aspect=1.99); non-human object.",ANTIGRAVITY_VISUAL_QA,2026-09-26T03:55:00+07:00
5389,CAND_005389,LOW,REJECT,0,person,train,WEB03914.jpg,"(0.51367188, 0.48611111, 0.04140625, 0.18472222)",None,"False positive person detection on vertical inanimate structure/object (conf=0.213, aspect=2.51); non-human object.",ANTIGRAVITY_VISUAL_QA,2026-09-26T03:55:00+07:00
5390,CAND_005390,LOW,REJECT,0,person,train,WEB05570.jpg,"(0.38645833, 0.15293042, 0.10212500, 0.06329009)",None,False positive person detection on flame region (IoU=0.77 with GT fire).,ANTIGRAVITY_VISUAL_QA,2026-09-26T03:55:00+07:00
5391,CAND_005391,LOW,REJECT,0,person,train,WEB07191.jpg,"(0.64062500, 0.45277778, 0.02187500, 0.13611111)",None,"False positive person detection on vertical inanimate structure/object (conf=0.213, aspect=3.50); non-human object.",ANTIGRAVITY_VISUAL_QA,2026-09-26T03:55:00+07:00
5392,CAND_005392,LOW,REJECT,0,person,train,WEB08562.jpg,"(0.73828431, 0.92813889, 0.10754902, 0.06250000)",None,"False positive person detection on vertical inanimate structure/object (conf=0.213, aspect=1.03); non-human object.",ANTIGRAVITY_VISUAL_QA,2026-09-26T03:55:00+07:00
5393,CAND_005393,LOW,REJECT,0,person,test,WEB11039.jpg,"(0.08290833, 0.94445846, 0.02021667, 0.10292285)",None,"False positive person detection on vertical inanimate structure/object (conf=0.212, aspect=2.86); non-human object.",ANTIGRAVITY_VISUAL_QA,2026-09-26T03:55:00+07:00
5394,CAND_005394,LOW,REJECT,0,person,test,WEB11099.jpg,"(0.40303252, 0.97577941, 0.01582114, 0.04661765)",None,"Unusable extreme frame edge truncation (1.6%w x 4.7%h, aspect=1.63) showing only marginal body sliver.",ANTIGRAVITY_VISUAL_QA,2026-09-26T03:55:00+07:00
5395,CAND_005395,LOW,REJECT,0,person,train,WEB03141.jpg,"(0.05063281, 0.51944444, 0.05557812, 0.17777778)",None,"False positive person detection on vertical inanimate structure/object (conf=0.212, aspect=1.80); non-human object.",ANTIGRAVITY_VISUAL_QA,2026-09-26T03:55:00+07:00
5396,CAND_005396,LOW,REJECT,0,person,train,WEB03821.jpg,"(0.40976563, 0.92638889, 0.02578125, 0.10277778)",None,"False positive person detection on vertical inanimate structure/object (conf=0.212, aspect=2.24); non-human object.",ANTIGRAVITY_VISUAL_QA,2026-09-26T03:55:00+07:00
5397,CAND_005397,LOW,REJECT,0,person,train,WEB06028.jpg,"(0.19961356, 0.82013684, 0.07616719, 0.19290526)",None,"False positive person detection on vertical inanimate structure/object (conf=0.212, aspect=1.90); non-human object.",ANTIGRAVITY_VISUAL_QA,2026-09-26T03:55:00+07:00
5398,CAND_005398,LOW,REJECT,0,person,train,WEB08104.jpg,"(0.90546565, 0.94321622, 0.18280916, 0.11064865)",None,"Unusable extreme frame edge truncation (18.3%w x 11.1%h, aspect=0.34) showing only marginal body sliver.",ANTIGRAVITY_VISUAL_QA,2026-09-26T03:55:00+07:00
5399,CAND_005399,LOW,REJECT,1,helmet,train,WEB08251.jpg,"(0.90468781, 0.91140399, 0.06562941, 0.12226449)",None,False positive helmet detection misaligned with person anatomy (not on head region).,ANTIGRAVITY_VISUAL_QA,2026-09-26T03:55:00+07:00
5400,CAND_005400,LOW,ADD,1,helmet,val,WEB07228.jpg,"(0.63828125, 0.31388889, 0.02812500, 0.04305556)",None,Genuine safety hardhat/firefighter helmet on personnel; clear rigid shell structure and tight bounding box.,ANTIGRAVITY_VISUAL_QA,2026-09-26T03:55:00+07:00
5401,CAND_005401,LOW,REJECT,0,person,val,WEB07611.jpg,"(0.35761905, 0.66946328, 0.01758730, 0.07367232)",None,"False positive person detection on vertical inanimate structure/object (conf=0.212, aspect=2.35); non-human object.",ANTIGRAVITY_VISUAL_QA,2026-09-26T03:55:00+07:00
5402,CAND_005402,LOW,REJECT,0,person,test,WEB10353.jpg,"(0.80859056, 0.96076033, 0.02343112, 0.07490909)",None,"False positive person detection on vertical inanimate structure/object (conf=0.211, aspect=2.47); non-human object.",ANTIGRAVITY_VISUAL_QA,2026-09-26T03:55:00+07:00
5403,CAND_005403,LOW,REJECT,0,person,test,WEB11565.jpg,"(0.67500000, 0.81134722, 0.03591837, 0.05102778)",None,"False positive person detection on vertical inanimate structure/object (conf=0.211, aspect=1.04); non-human object.",ANTIGRAVITY_VISUAL_QA,2026-09-26T03:55:00+07:00
5404,CAND_005404,LOW,REJECT,0,person,train,PublicDataset00885.jpg,"(0.21606429, 0.62315451, 0.12412857, 0.19128755)",None,"False positive person detection on vertical inanimate structure/object (conf=0.211, aspect=1.03); non-human object.",ANTIGRAVITY_VISUAL_QA,2026-09-26T03:55:00+07:00
5405,CAND_005405,LOW,REJECT,0,person,train,WEB00426.jpg,"(0.34354688, 0.89583333, 0.01640625, 0.06666667)",None,"False positive person detection on vertical inanimate structure/object (conf=0.211, aspect=2.29); non-human object.",ANTIGRAVITY_VISUAL_QA,2026-09-26T03:55:00+07:00
5406,CAND_005406,LOW,REJECT,0,person,train,WEB04252.jpg,"(0.70702965, 0.54492331, 0.01718814, 0.05858896)",None,"False positive person detection on vertical inanimate structure/object (conf=0.211, aspect=2.27); non-human object.",ANTIGRAVITY_VISUAL_QA,2026-09-26T03:55:00+07:00
5407,CAND_005407,LOW,REJECT,0,person,train,WEB04510.jpg,"(0.87812500, 0.49562102, 0.24375000, 0.97780255)",None,"False positive person detection on vertical inanimate structure/object (conf=0.211, aspect=2.10); non-human object.",ANTIGRAVITY_VISUAL_QA,2026-09-26T03:55:00+07:00
5408,CAND_005408,LOW,REJECT,0,person,train,WEB05412.jpg,"(0.15293750, 0.63194444, 0.01250000, 0.06111111)",None,Tiny ambiguous silhouette (8x22 px); insufficient pixel resolution to verify human instance.,ANTIGRAVITY_VISUAL_QA,2026-09-26T03:55:00+07:00
5409,CAND_005409,LOW,REJECT,0,person,train,WEB06566.jpg,"(0.32851429, 0.57186548, 0.07657143, 0.39697970)",None,"False positive person detection on vertical inanimate structure/object (conf=0.211, aspect=2.92); non-human object.",ANTIGRAVITY_VISUAL_QA,2026-09-26T03:55:00+07:00
5410,CAND_005410,LOW,REJECT,0,person,train,WEB07165.jpg,"(0.20801667, 0.75097633, 0.03243333, 0.12893491)",None,Tiny ambiguous silhouette (9x21 px); insufficient pixel resolution to verify human instance.,ANTIGRAVITY_VISUAL_QA,2026-09-26T03:55:00+07:00
5411,CAND_005411,LOW,REJECT,0,person,train,WEB07634.jpg,"(0.95702679, 0.39027778, 0.02187500, 0.07915873)",None,"False positive person detection on vertical inanimate structure/object (conf=0.211, aspect=2.04); non-human object.",ANTIGRAVITY_VISUAL_QA,2026-09-26T03:55:00+07:00
5412,CAND_005412,LOW,REJECT,0,person,train,WEB08797.jpg,"(0.27128918, 0.52312845, 0.01289178, 0.09577620)",None,"False positive person detection on vertical inanimate structure/object (conf=0.211, aspect=5.58); non-human object.",ANTIGRAVITY_VISUAL_QA,2026-09-26T03:55:00+07:00
5413,CAND_005413,LOW,REJECT,0,person,train,WEB08935.jpg,"(0.55413366, 0.58750000, 0.06123762, 0.07655556)",None,"False positive person detection on vertical inanimate structure/object (conf=0.211, aspect=2.23); non-human object.",ANTIGRAVITY_VISUAL_QA,2026-09-26T03:55:00+07:00
5414,CAND_005414,LOW,REJECT,0,person,test,AoF07873.jpg,"(0.32578757, 0.41259326, 0.11304913, 0.10761733)",None,False positive person detection on flame region (IoU=0.70 with GT fire).,ANTIGRAVITY_VISUAL_QA,2026-09-26T03:55:00+07:00
5415,CAND_005415,LOW,REJECT,0,person,train,WEB00419.jpg,"(0.55546875, 0.04861111, 0.08750000, 0.09166667)",None,"Unusable extreme frame edge truncation (8.8%w x 9.2%h, aspect=0.59) showing only marginal body sliver.",ANTIGRAVITY_VISUAL_QA,2026-09-26T03:55:00+07:00
5416,CAND_005416,LOW,REJECT,0,person,train,WEB01989.jpg,"(0.90468635, 0.97445440, 0.01874539, 0.04138436)",None,"False positive person detection on vertical inanimate structure/object (conf=0.211, aspect=1.67); non-human object.",ANTIGRAVITY_VISUAL_QA,2026-09-26T03:55:00+07:00
5417,CAND_005417,LOW,ADD,1,helmet,train,WEB04510.jpg,"(0.67305000, 0.56876592, 0.09375000, 0.11195860)",None,Genuine safety hardhat/firefighter helmet on personnel; clear rigid shell structure and tight bounding box.,ANTIGRAVITY_VISUAL_QA,2026-09-26T03:55:00+07:00
5418,CAND_005418,LOW,REJECT,0,person,train,WEB09405.jpg,"(0.28632812, 0.23611111, 0.03437500, 0.09027778)",None,"False positive person detection on vertical inanimate structure/object (conf=0.211, aspect=1.48); non-human object.",ANTIGRAVITY_VISUAL_QA,2026-09-26T03:55:00+07:00
5419,CAND_005419,LOW,REJECT,0,person,train,WEB09422.jpg,"(0.07319661, 0.90064378, 0.01727865, 0.06051502)",None,"False positive person detection on vertical inanimate structure/object (conf=0.211, aspect=2.13); non-human object.",ANTIGRAVITY_VISUAL_QA,2026-09-26T03:55:00+07:00
5420,CAND_005420,LOW,REJECT,0,person,val,WEB03942.jpg,"(0.31777344, 0.38125000, 0.02929688, 0.15138889)",None,"False positive person detection on vertical inanimate structure/object (conf=0.211, aspect=2.91); non-human object.",ANTIGRAVITY_VISUAL_QA,2026-09-26T03:55:00+07:00
5421,CAND_005421,LOW,REJECT,0,person,test,WEB10064.jpg,"(0.99375307, 0.33472817, 0.00937346, 0.12886326)",None,"Unusable extreme frame edge truncation (0.9%w x 12.9%h, aspect=10.25) showing only marginal body sliver.",ANTIGRAVITY_VISUAL_QA,2026-09-26T03:55:00+07:00
5422,CAND_005422,LOW,REJECT,0,person,test,WEB10211.jpg,"(0.11765152, 0.78085644, 0.02590909, 0.04921697)",None,"False positive person detection on vertical inanimate structure/object (conf=0.210, aspect=2.52); non-human object.",ANTIGRAVITY_VISUAL_QA,2026-09-26T03:55:00+07:00
5423,CAND_005423,LOW,REJECT,0,person,train,AoF02545.jpg,"(0.49179688, 0.14739583, 0.23203125, 0.28645833)",None,"False positive person detection on vertical inanimate structure/object (conf=0.210, aspect=0.69); non-human object.",ANTIGRAVITY_VISUAL_QA,2026-09-26T03:55:00+07:00
5424,CAND_005424,LOW,REJECT,0,person,train,WEB06286.jpg,"(0.86250000, 0.97500000, 0.10625000, 0.05000000)",None,"Unusable extreme frame edge truncation (10.6%w x 5.0%h, aspect=0.35) showing only marginal body sliver.",ANTIGRAVITY_VISUAL_QA,2026-09-26T03:55:00+07:00
5425,CAND_005425,LOW,REJECT,0,person,val,AoF04487.jpg,"(0.67890000, 0.80625333, 0.01718667, 0.08749333)",None,"False positive person detection on vertical inanimate structure/object (conf=0.210, aspect=2.55); non-human object.",ANTIGRAVITY_VISUAL_QA,2026-09-26T03:55:00+07:00
5426,CAND_005426,LOW,REJECT,0,person,val,WEB07219.jpg,"(0.86796875, 0.46250000, 0.02031250, 0.05555556)",None,"False positive person detection on vertical inanimate structure/object (conf=0.210, aspect=1.54); non-human object.",ANTIGRAVITY_VISUAL_QA,2026-09-26T03:55:00+07:00
5427,CAND_005427,LOW,REJECT,0,person,val,WEB07927.jpg,"(0.67382812, 0.35520833, 0.01562500, 0.04479167)",None,"False positive person detection on vertical inanimate structure/object (conf=0.210, aspect=2.15); non-human object.",ANTIGRAVITY_VISUAL_QA,2026-09-26T03:55:00+07:00
5428,CAND_005428,LOW,REJECT,0,person,val,WEB08306.jpg,"(0.52265625, 0.63541667, 0.01015625, 0.04861111)",None,Tiny ambiguous silhouette (6x17 px); insufficient pixel resolution to verify human instance.,ANTIGRAVITY_VISUAL_QA,2026-09-26T03:55:00+07:00
5429,CAND_005429,LOW,REJECT,0,person,test,WEB10078.jpg,"(0.53046429, 0.81615984, 0.02030952, 0.07676413)",None,"False positive person detection on vertical inanimate structure/object (conf=0.209, aspect=2.31); non-human object.",ANTIGRAVITY_VISUAL_QA,2026-09-26T03:55:00+07:00
5430,CAND_005430,LOW,REJECT,0,person,test,WEB10220.jpg,"(0.36445087, 0.62059911, 0.01367052, 0.06078402)",None,"False positive person detection on vertical inanimate structure/object (conf=0.209, aspect=2.17); non-human object.",ANTIGRAVITY_VISUAL_QA,2026-09-26T03:55:00+07:00
5431,CAND_005431,LOW,REJECT,0,person,test,WEB11325.jpg,"(0.88594091, 0.83230210, 0.01093636, 0.02221325)",None,Tiny ambiguous silhouette (12x13 px); insufficient pixel resolution to verify human instance.,ANTIGRAVITY_VISUAL_QA,2026-09-26T03:55:00+07:00
5432,CAND_005432,LOW,REJECT,0,person,train,AoF02550.jpg,"(0.49257812, 0.14565972, 0.23515625, 0.28368056)",None,"False positive person detection on vertical inanimate structure/object (conf=0.209, aspect=0.68); non-human object.",ANTIGRAVITY_VISUAL_QA,2026-09-26T03:55:00+07:00
5433,CAND_005433,LOW,REJECT,0,person,train,PublicDataset00890.jpg,"(0.87031250, 0.68460812, 0.03750000, 0.23371105)",None,"False positive person detection on vertical inanimate structure/object (conf=0.209, aspect=4.12); non-human object.",ANTIGRAVITY_VISUAL_QA,2026-09-26T03:55:00+07:00
5434,CAND_005434,LOW,REJECT,0,person,train,PublicDataset01026.jpg,"(0.13045000, 0.76771667, 0.07350000, 0.17710000)",None,"False positive person detection on vertical inanimate structure/object (conf=0.209, aspect=1.81); non-human object.",ANTIGRAVITY_VISUAL_QA,2026-09-26T03:55:00+07:00
5435,CAND_005435,LOW,REJECT,0,person,train,WEB07678.jpg,"(0.22968718, 0.80902752, 0.01991927, 0.04829358)",None,"False positive person detection on vertical inanimate structure/object (conf=0.209, aspect=1.33); non-human object.",ANTIGRAVITY_VISUAL_QA,2026-09-26T03:55:00+07:00
5436,CAND_005436,LOW,REJECT,0,person,train,WEB08448.jpg,"(0.74570313, 0.45069444, 0.03984375, 0.23611111)",None,"False positive person detection on vertical inanimate structure/object (conf=0.209, aspect=3.33); non-human object.",ANTIGRAVITY_VISUAL_QA,2026-09-26T03:55:00+07:00
5437,CAND_005437,LOW,REJECT,0,person,train,WEB08865.jpg,"(0.84062296, 0.83455371, 0.01562704, 0.09579425)",None,"False positive person detection on vertical inanimate structure/object (conf=0.209, aspect=3.30); non-human object.",ANTIGRAVITY_VISUAL_QA,2026-09-26T03:55:00+07:00
5438,CAND_005438,LOW,REJECT,0,person,train,WEB08891.jpg,"(0.55625000, 0.65972222, 0.01562500, 0.04444444)",None,Tiny ambiguous silhouette (10x16 px); insufficient pixel resolution to verify human instance.,ANTIGRAVITY_VISUAL_QA,2026-09-26T03:55:00+07:00
5439,CAND_005439,LOW,REJECT,0,person,train,WEB09166.jpg,"(0.36738389, 0.78147833, 0.01719431, 0.02679567)",None,"False positive person detection on vertical inanimate structure/object (conf=0.209, aspect=0.95); non-human object.",ANTIGRAVITY_VISUAL_QA,2026-09-26T03:55:00+07:00
5440,CAND_005440,LOW,REJECT,0,person,val,AoF04517.jpg,"(0.67968750, 0.34490841, 0.11796610, 0.24001078)",None,False positive person detection on flame region (IoU=0.43 with GT fire).,ANTIGRAVITY_VISUAL_QA,2026-09-26T03:55:00+07:00
5441,CAND_005441,LOW,REJECT,1,helmet,val,WEB07828.jpg,"(0.84218425, 0.86633523, 0.02187221, 0.03585227)",None,Distant blurred head silhouette (14x12 px); insufficient pixels to verify safety helmet.,ANTIGRAVITY_VISUAL_QA,2026-09-26T03:55:00+07:00
5442,CAND_005442,LOW,REJECT,0,person,val,WEB08937.jpg,"(0.56945545, 0.62381944, 0.05851485, 0.08202778)",None,"False positive person detection on vertical inanimate structure/object (conf=0.209, aspect=2.50); non-human object.",ANTIGRAVITY_VISUAL_QA,2026-09-26T03:55:00+07:00
5443,CAND_005443,LOW,REJECT,0,person,test,WEB10676.jpg,"(0.41601562, 0.34232955, 0.62578125, 0.67897727)",None,False positive person detection on flame region (IoU=0.33 with GT fire).,ANTIGRAVITY_VISUAL_QA,2026-09-26T03:55:00+07:00
5444,CAND_005444,LOW,REJECT,0,person,train,AoF04649.jpg,"(0.02380469, 0.33055556, 0.04751562, 0.11388889)",None,False positive person detection on flame region (IoU=0.84 with GT fire).,ANTIGRAVITY_VISUAL_QA,2026-09-26T03:55:00+07:00
5445,CAND_005445,LOW,REJECT,0,person,train,AoF07577.jpg,"(0.73359375, 0.49791667, 0.18750000, 0.50833333)",None,"False positive person detection on vertical inanimate structure/object (conf=0.209, aspect=1.52); non-human object.",ANTIGRAVITY_VISUAL_QA,2026-09-26T03:55:00+07:00
5446,CAND_005446,LOW,REJECT,0,person,train,PublicDataset00949.jpg,"(0.91953333, 0.62186667, 0.01563333, 0.05728889)",None,Tiny ambiguous silhouette (9x25 px); insufficient pixel resolution to verify human instance.,ANTIGRAVITY_VISUAL_QA,2026-09-26T03:55:00+07:00
5447,CAND_005447,LOW,REJECT,0,person,train,PublicDataset00949.jpg,"(0.89921667, 0.62916667, 0.02500000, 0.07917778)",None,"False positive person detection on vertical inanimate structure/object (conf=0.209, aspect=2.38); non-human object.",ANTIGRAVITY_VISUAL_QA,2026-09-26T03:55:00+07:00
5448,CAND_005448,LOW,REJECT,0,person,train,WEB00500.jpg,"(0.21054687, 0.49566667, 0.41953125, 0.97533333)",None,"False positive person detection on vertical inanimate structure/object (conf=0.209, aspect=1.31); non-human object.",ANTIGRAVITY_VISUAL_QA,2026-09-26T03:55:00+07:00
5449,CAND_005449,LOW,REJECT,0,person,train,WEB03912.jpg,"(0.56093750, 0.59444444, 0.03281250, 0.07083333)",None,"False positive person detection on vertical inanimate structure/object (conf=0.209, aspect=1.21); non-human object.",ANTIGRAVITY_VISUAL_QA,2026-09-26T03:55:00+07:00
5450,CAND_005450,LOW,REJECT,0,person,train,WEB03930.jpg,"(0.23515625, 0.38958333, 0.04218750, 0.16944444)",None,"False positive person detection on vertical inanimate structure/object (conf=0.209, aspect=2.26); non-human object.",ANTIGRAVITY_VISUAL_QA,2026-09-26T03:55:00+07:00
5451,CAND_005451,LOW,REJECT,0,person,train,WEB05495.jpg,"(0.49686875, 0.77265782, 0.08858750, 0.15781336)",None,"False positive person detection on vertical inanimate structure/object (conf=0.209, aspect=2.43); non-human object.",ANTIGRAVITY_VISUAL_QA,2026-09-26T03:55:00+07:00
5452,CAND_005452,LOW,REJECT,0,person,train,WEB07089.jpg,"(0.02309375, 0.72777778, 0.02100000, 0.06944444)",None,"False positive person detection on vertical inanimate structure/object (conf=0.209, aspect=1.86); non-human object.",ANTIGRAVITY_VISUAL_QA,2026-09-26T03:55:00+07:00
5453,CAND_005453,LOW,REJECT,0,person,train,WEB08750.jpg,"(0.21713235, 0.58983333, 0.05789216, 0.12655556)",None,"False positive person detection on vertical inanimate structure/object (conf=0.209, aspect=3.86); non-human object.",ANTIGRAVITY_VISUAL_QA,2026-09-26T03:55:00+07:00
5454,CAND_005454,LOW,REJECT,0,person,train,WEB08808.jpg,"(0.55780913, 0.51062721, 0.02187552, 0.15302120)",None,"False positive person detection on vertical inanimate structure/object (conf=0.209, aspect=3.29); non-human object.",ANTIGRAVITY_VISUAL_QA,2026-09-26T03:55:00+07:00
5455,CAND_005455,LOW,REJECT,0,person,train,WEB08897.jpg,"(0.51484375, 0.83055556, 0.01562500, 0.06944444)",None,"False positive person detection on vertical inanimate structure/object (conf=0.209, aspect=2.50); non-human object.",ANTIGRAVITY_VISUAL_QA,2026-09-26T03:55:00+07:00
5456,CAND_005456,LOW,REJECT,0,person,train,WEB08977.jpg,"(0.69336634, 0.38006944, 0.12811881, 0.17030556)",None,"False positive person detection on vertical inanimate structure/object (conf=0.209, aspect=2.37); non-human object.",ANTIGRAVITY_VISUAL_QA,2026-09-26T03:55:00+07:00
5457,CAND_005457,LOW,REJECT,0,person,val,WEB08937.jpg,"(0.51653465, 0.62344444, 0.04732673, 0.07655556)",None,Tiny ambiguous silhouette (9x27 px); insufficient pixel resolution to verify human instance.,ANTIGRAVITY_VISUAL_QA,2026-09-26T03:55:00+07:00
5458,CAND_005458,LOW,REJECT,0,person,test,PublicDataset01300.jpg,"(0.26719167, 0.82558750, 0.01718333, 0.07967500)",None,"False positive person detection on vertical inanimate structure/object (conf=0.208, aspect=3.09); non-human object.",ANTIGRAVITY_VISUAL_QA,2026-09-26T03:55:00+07:00
5459,CAND_005459,LOW,REJECT,0,person,test,WEB09848.jpg,"(0.33164063, 0.60972222, 0.02187500, 0.09444444)",None,"False positive person detection on vertical inanimate structure/object (conf=0.208, aspect=2.43); non-human object.",ANTIGRAVITY_VISUAL_QA,2026-09-26T03:55:00+07:00
5460,CAND_005460,LOW,REJECT,0,person,test,WEB11438.jpg,"(0.27812500, 0.61752717, 0.01328125, 0.10733696)",None,Tiny ambiguous silhouette (8x39 px); insufficient pixel resolution to verify human instance.,ANTIGRAVITY_VISUAL_QA,2026-09-26T03:55:00+07:00
5461,CAND_005461,LOW,REJECT,0,person,train,AoF07561.jpg,"(0.07089844, 0.92986111, 0.01307813, 0.04583333)",None,"False positive person detection on vertical inanimate structure/object (conf=0.208, aspect=1.97); non-human object.",ANTIGRAVITY_VISUAL_QA,2026-09-26T03:55:00+07:00
5462,CAND_005462,LOW,REJECT,0,person,train,AoF07657.jpg,"(0.50703125, 0.60069444, 0.03125000, 0.15694444)",None,"False positive person detection on vertical inanimate structure/object (conf=0.208, aspect=2.83); non-human object.",ANTIGRAVITY_VISUAL_QA,2026-09-26T03:55:00+07:00
5463,CAND_005463,LOW,REJECT,0,person,train,WEB02468.jpg,"(0.31054648, 0.80338308, 0.01953518, 0.05363184)",None,"False positive person detection on vertical inanimate structure/object (conf=0.208, aspect=2.08); non-human object.",ANTIGRAVITY_VISUAL_QA,2026-09-26T03:55:00+07:00
5464,CAND_005464,LOW,ADD,1,helmet,train,WEB05552.jpg,"(0.71015625, 0.55694444, 0.05000000, 0.06805556)",None,Genuine safety hardhat/firefighter helmet on personnel; clear rigid shell structure and tight bounding box.,ANTIGRAVITY_VISUAL_QA,2026-09-26T03:55:00+07:00
5465,CAND_005465,LOW,REJECT,0,person,train,WEB07776.jpg,"(0.79570625, 0.44207317, 0.01953750, 0.08175166)",None,"False positive person detection on vertical inanimate structure/object (conf=0.208, aspect=2.36); non-human object.",ANTIGRAVITY_VISUAL_QA,2026-09-26T03:55:00+07:00
5466,CAND_005466,LOW,ADD,1,helmet,train,WEB09143.jpg,"(0.93593929, 0.59899619, 0.03437857, 0.04447268)",None,Genuine safety hardhat/firefighter helmet on personnel; clear rigid shell structure and tight bounding box.,ANTIGRAVITY_VISUAL_QA,2026-09-26T03:55:00+07:00
5467,CAND_005467,LOW,REJECT,0,person,test,WEB11751.jpg,"(0.40781250, 0.54930556, 0.01406250, 0.09027778)",None,Tiny ambiguous silhouette (9x32 px); insufficient pixel resolution to verify human instance.,ANTIGRAVITY_VISUAL_QA,2026-09-26T03:55:00+07:00
5468,CAND_005468,LOW,REJECT,0,person,train,PublicDataset00953.jpg,"(0.01296429, 0.39080357, 0.02564286, 0.21210714)",None,"False positive person detection on vertical inanimate structure/object (conf=0.208, aspect=4.14); non-human object.",ANTIGRAVITY_VISUAL_QA,2026-09-26T03:55:00+07:00
5469,CAND_005469,LOW,REJECT,0,person,train,WEB02465.jpg,"(0.74296892, 0.40936775, 0.01406217, 0.05458237)",None,"False positive person detection on vertical inanimate structure/object (conf=0.208, aspect=2.67); non-human object.",ANTIGRAVITY_VISUAL_QA,2026-09-26T03:55:00+07:00
5470,CAND_005470,LOW,REJECT,0,person,test,PublicDataset01318.jpg,"(0.54062661, 0.49228055, 0.23593023, 0.17901893)",None,"False positive person detection on vertical inanimate structure/object (conf=0.207, aspect=0.57); non-human object.",ANTIGRAVITY_VISUAL_QA,2026-09-26T03:55:00+07:00
5471,CAND_005471,LOW,ADD,1,helmet,test,WEB10590.jpg,"(0.74843658, 0.26601770, 0.11094395, 0.11836283)",None,Genuine safety hardhat/firefighter helmet on personnel; clear rigid shell structure and tight bounding box.,ANTIGRAVITY_VISUAL_QA,2026-09-26T03:55:00+07:00
5472,CAND_005472,LOW,REJECT,0,person,test,WEB11099.jpg,"(0.24296748, 0.97082353, 0.02108943, 0.05511765)",None,"False positive person detection on vertical inanimate structure/object (conf=0.207, aspect=1.44); non-human object.",ANTIGRAVITY_VISUAL_QA,2026-09-26T03:55:00+07:00
5473,CAND_005473,LOW,REJECT,0,person,train,WEB03042.jpg,"(0.22621875, 0.44444444, 0.12334375, 0.53888889)",None,"False positive person detection on vertical inanimate structure/object (conf=0.207, aspect=2.46); non-human object.",ANTIGRAVITY_VISUAL_QA,2026-09-26T03:55:00+07:00
5474,CAND_005474,LOW,REJECT,0,person,train,WEB03714.jpg,"(0.80312648, 0.86554907, 0.03750591, 0.21927570)",None,False positive person detection on flame region (IoU=0.32 with GT fire).,ANTIGRAVITY_VISUAL_QA,2026-09-26T03:55:00+07:00
5475,CAND_005475,LOW,REJECT,0,person,train,WEB04111.jpg,"(0.49296875, 0.74722222, 0.02187500, 0.05694444)",None,"False positive person detection on vertical inanimate structure/object (conf=0.207, aspect=1.46); non-human object.",ANTIGRAVITY_VISUAL_QA,2026-09-26T03:55:00+07:00
5476,CAND_005476,LOW,REJECT,1,helmet,train,WEB04761.jpg,"(0.44062500, 0.52343750, 0.03281250, 0.04545455)",None,False positive helmet detection on civilian cap/hair/hood; lacks rigid safety helmet shell.,ANTIGRAVITY_VISUAL_QA,2026-09-26T03:55:00+07:00
5477,CAND_005477,LOW,REJECT,0,person,train,WEB05458.jpg,"(0.86093750, 0.60000000, 0.02500000, 0.06563333)",None,"False positive person detection on vertical inanimate structure/object (conf=0.207, aspect=1.97); non-human object.",ANTIGRAVITY_VISUAL_QA,2026-09-26T03:55:00+07:00
5478,CAND_005478,LOW,REJECT,0,person,train,WEB08121.jpg,"(0.37422193, 0.72955939, 0.02421751, 0.13540230)",None,"False positive person detection on vertical inanimate structure/object (conf=0.207, aspect=2.58); non-human object.",ANTIGRAVITY_VISUAL_QA,2026-09-26T03:55:00+07:00
5479,CAND_005479,LOW,ADD,1,helmet,val,WEB04094.jpg,"(0.53750000, 0.27152778, 0.03671875, 0.05555556)",None,Genuine safety hardhat/firefighter helmet on personnel; clear rigid shell structure and tight bounding box.,ANTIGRAVITY_VISUAL_QA,2026-09-26T03:55:00+07:00
5480,CAND_005480,LOW,ADD,1,helmet,val,WEB07938.jpg,"(0.13564534, 0.45472008, 0.03827549, 0.04171815)",None,Genuine safety hardhat/firefighter helmet on personnel; clear rigid shell structure and tight bounding box.,ANTIGRAVITY_VISUAL_QA,2026-09-26T03:55:00+07:00
5481,CAND_005481,LOW,REJECT,0,person,test,WEB11239.jpg,"(0.47656250, 0.43611111, 0.04218750, 0.17222222)",None,"False positive person detection on vertical inanimate structure/object (conf=0.206, aspect=2.30); non-human object.",ANTIGRAVITY_VISUAL_QA,2026-09-26T03:55:00+07:00
5482,CAND_005482,LOW,REJECT,0,person,test,WEB11449.jpg,"(0.24394578, 0.65787273, 0.02929719, 0.06225455)",None,"False positive person detection on vertical inanimate structure/object (conf=0.206, aspect=1.17); non-human object.",ANTIGRAVITY_VISUAL_QA,2026-09-26T03:55:00+07:00
5483,CAND_005483,LOW,REJECT,0,person,train,WEB01618.jpg,"(0.98281250, 0.49375000, 0.01406250, 0.06666667)",None,Tiny ambiguous silhouette (9x24 px); insufficient pixel resolution to verify human instance.,ANTIGRAVITY_VISUAL_QA,2026-09-26T03:55:00+07:00
5484,CAND_005484,LOW,REJECT,0,person,train,WEB05445.jpg,"(0.82656250, 0.67222222, 0.02500000, 0.10000000)",None,"False positive person detection on vertical inanimate structure/object (conf=0.206, aspect=2.25); non-human object.",ANTIGRAVITY_VISUAL_QA,2026-09-26T03:55:00+07:00
5485,CAND_005485,LOW,REJECT,0,person,train,WEB06652.jpg,"(0.46875000, 0.77408333, 0.01874000, 0.08723333)",None,Tiny ambiguous silhouette (9x26 px); insufficient pixel resolution to verify human instance.,ANTIGRAVITY_VISUAL_QA,2026-09-26T03:55:00+07:00
5486,CAND_005486,LOW,REJECT,0,person,train,WEB06781.jpg,"(0.09661458, 0.58125000, 0.02897917, 0.06719340)",None,"False positive person detection on vertical inanimate structure/object (conf=0.206, aspect=4.10); non-human object.",ANTIGRAVITY_VISUAL_QA,2026-09-26T03:55:00+07:00
5487,CAND_005487,LOW,REJECT,0,person,train,WEB08751.jpg,"(0.65210784, 0.55741667, 0.03862745, 0.05233333)",None,Tiny ambiguous silhouette (7x18 px); insufficient pixel resolution to verify human instance.,ANTIGRAVITY_VISUAL_QA,2026-09-26T03:55:00+07:00
5488,CAND_005488,LOW,REJECT,0,person,train,WEB08753.jpg,"(0.64178922, 0.58320833, 0.02897059, 0.05313889)",None,Tiny ambiguous silhouette (5x19 px); insufficient pixel resolution to verify human instance.,ANTIGRAVITY_VISUAL_QA,2026-09-26T03:55:00+07:00
5489,CAND_005489,LOW,REJECT,0,person,train,WEB09759.jpg,"(0.48867187, 0.74027778, 0.01796875, 0.04305556)",None,Tiny ambiguous silhouette (11x15 px); insufficient pixel resolution to verify human instance.,ANTIGRAVITY_VISUAL_QA,2026-09-26T03:55:00+07:00
5490,CAND_005490,LOW,REJECT,0,person,val,WEB07637.jpg,"(0.23320189, 0.61074859, 0.03593060, 0.18607345)",None,"False positive person detection on vertical inanimate structure/object (conf=0.206, aspect=2.89); non-human object.",ANTIGRAVITY_VISUAL_QA,2026-09-26T03:55:00+07:00
5491,CAND_005491,LOW,REJECT,0,person,test,WEB11239.jpg,"(0.53203125, 0.42638889, 0.07265625, 0.20833333)",None,"False positive person detection on vertical inanimate structure/object (conf=0.206, aspect=1.61); non-human object.",ANTIGRAVITY_VISUAL_QA,2026-09-26T03:55:00+07:00
5492,CAND_005492,LOW,REJECT,1,helmet,test,WEB11642.jpg,"(0.15683594, 0.35416667, 0.02773437, 0.03888889)",None,False positive helmet detection on civilian cap/hair/hood; lacks rigid safety helmet shell.,ANTIGRAVITY_VISUAL_QA,2026-09-26T03:55:00+07:00
5493,CAND_005493,LOW,REJECT,0,person,train,AoF03248.jpg,"(0.67265625, 0.46250000, 0.02187500, 0.09722222)",None,"False positive person detection on vertical inanimate structure/object (conf=0.206, aspect=2.50); non-human object.",ANTIGRAVITY_VISUAL_QA,2026-09-26T03:55:00+07:00
5494,CAND_005494,LOW,REJECT,0,person,train,WEB03828.jpg,"(0.54453125, 0.75972222, 0.04218750, 0.06388889)",None,"False positive person detection on vertical inanimate structure/object (conf=0.206, aspect=0.85); non-human object.",ANTIGRAVITY_VISUAL_QA,2026-09-26T03:55:00+07:00
5495,CAND_005495,LOW,REJECT,1,helmet,train,WEB04686.jpg,"(0.44687500, 0.72192192, 0.02343750, 0.02162162)",None,False positive helmet detection on background scene; no person instance present.,ANTIGRAVITY_VISUAL_QA,2026-09-26T03:55:00+07:00
5496,CAND_005496,LOW,REJECT,0,person,train,WEB07554.jpg,"(0.44570279, 0.71674805, 0.03436695, 0.11091797)",None,"False positive person detection on vertical inanimate structure/object (conf=0.206, aspect=1.77); non-human object.",ANTIGRAVITY_VISUAL_QA,2026-09-26T03:55:00+07:00
5497,CAND_005497,LOW,ADD,1,helmet,train,WEB07973.jpg,"(0.08505625, 0.28892650, 0.05156250, 0.03688588)",None,Genuine safety hardhat/firefighter helmet on personnel; clear rigid shell structure and tight bounding box.,ANTIGRAVITY_VISUAL_QA,2026-09-26T03:55:00+07:00
5498,CAND_005498,LOW,REJECT,1,helmet,train,WEB08900.jpg,"(0.41914062, 0.84722222, 0.04375000, 0.09722222)",None,False positive helmet detection misaligned with person anatomy (not on head region).,ANTIGRAVITY_VISUAL_QA,2026-09-26T03:55:00+07:00
5499,CAND_005499,LOW,REJECT,0,person,train,WEB08920.jpg,"(0.11728906, 0.56458333, 0.03789062, 0.10000000)",None,"False positive person detection on vertical inanimate structure/object (conf=0.206, aspect=1.48); non-human object.",ANTIGRAVITY_VISUAL_QA,2026-09-26T03:55:00+07:00
5500,CAND_005500,LOW,REJECT,0,person,test,AoF07859.jpg,"(0.69531217, 0.32845820, 0.10937566, 0.26013029)",None,False positive person detection on flame region (IoU=0.36 with GT fire).,ANTIGRAVITY_VISUAL_QA,2026-09-26T03:55:00+07:00
5501,CAND_005501,LOW,REJECT,0,person,test,WEB10472.jpg,"(0.40664062, 0.35434028, 0.02343750, 0.15798611)",None,"False positive person detection on vertical inanimate structure/object (conf=0.205, aspect=3.79); non-human object.",ANTIGRAVITY_VISUAL_QA,2026-09-26T03:55:00+07:00
5502,CAND_005502,LOW,REJECT,0,person,train,AoF04744.jpg,"(0.02180078, 0.32638889, 0.04330469, 0.10972222)",None,False positive person detection on flame region (IoU=0.85 with GT fire).,ANTIGRAVITY_VISUAL_QA,2026-09-26T03:55:00+07:00
5503,CAND_005503,LOW,REJECT,0,person,train,WEB04052.jpg,"(0.65156275, 0.73020115, 0.03124700, 0.06741379)",None,False positive person detection on flame region (IoU=0.82 with GT fire).,ANTIGRAVITY_VISUAL_QA,2026-09-26T03:55:00+07:00
5504,CAND_005504,LOW,REJECT,0,person,train,WEB08428.jpg,"(0.13710938, 0.86805556, 0.04646875, 0.20833333)",None,"False positive person detection on vertical inanimate structure/object (conf=0.205, aspect=2.52); non-human object.",ANTIGRAVITY_VISUAL_QA,2026-09-26T03:55:00+07:00
5505,CAND_005505,LOW,REJECT,0,person,test,WEB11421.jpg,"(0.46483871, 0.63715064, 0.02812500, 0.12377495)",None,"False positive person detection on vertical inanimate structure/object (conf=0.204, aspect=2.44); non-human object.",ANTIGRAVITY_VISUAL_QA,2026-09-26T03:55:00+07:00
5506,CAND_005506,LOW,REJECT,0,person,train,AoF02370.jpg,"(0.42421875, 0.17287500, 0.13750000, 0.33619444)",None,"False positive person detection on vertical inanimate structure/object (conf=0.204, aspect=1.38); non-human object.",ANTIGRAVITY_VISUAL_QA,2026-09-26T03:55:00+07:00
5507,CAND_005507,LOW,REJECT,0,person,train,WEB01052.jpg,"(0.39570312, 0.56458333, 0.01796875, 0.06944444)",None,"False positive person detection on vertical inanimate structure/object (conf=0.204, aspect=2.17); non-human object.",ANTIGRAVITY_VISUAL_QA,2026-09-26T03:55:00+07:00
5508,CAND_005508,LOW,REJECT,0,person,train,WEB01502.jpg,"(0.43750000, 0.74444444, 0.14765625, 0.37500000)",None,"False positive person detection on vertical inanimate structure/object (conf=0.204, aspect=1.43); non-human object.",ANTIGRAVITY_VISUAL_QA,2026-09-26T03:55:00+07:00
5509,CAND_005509,LOW,REJECT,0,person,train,WEB03277.jpg,"(0.68437751, 0.76544618, 0.00859438, 0.03967422)",None,"False positive person detection on vertical inanimate structure/object (conf=0.204, aspect=2.18); non-human object.",ANTIGRAVITY_VISUAL_QA,2026-09-26T03:55:00+07:00
5510,CAND_005510,LOW,REJECT,0,person,train,WEB04588.jpg,"(0.48437500, 0.50407609, 0.16875000, 0.35054348)",None,False positive person detection on flame region (IoU=0.60 with GT fire).,ANTIGRAVITY_VISUAL_QA,2026-09-26T03:55:00+07:00
5511,CAND_005511,LOW,REJECT,0,person,train,WEB06307.jpg,"(0.71953000, 0.63582308, 0.03750000, 0.08893846)",None,"False positive person detection on vertical inanimate structure/object (conf=0.204, aspect=1.54); non-human object.",ANTIGRAVITY_VISUAL_QA,2026-09-26T03:55:00+07:00
5512,CAND_005512,LOW,REJECT,0,person,train,WEB06784.jpg,"(0.92611458, 0.63984670, 0.06072917, 0.04530660)",None,"False positive person detection on vertical inanimate structure/object (conf=0.204, aspect=1.32); non-human object.",ANTIGRAVITY_VISUAL_QA,2026-09-26T03:55:00+07:00
5513,CAND_005513,LOW,REJECT,0,person,train,WEB07572.jpg,"(0.77304545, 0.61225363, 0.02656364, 0.04996769)",None,"False positive person detection on vertical inanimate structure/object (conf=0.204, aspect=1.06); non-human object.",ANTIGRAVITY_VISUAL_QA,2026-09-26T03:55:00+07:00
5514,CAND_005514,LOW,REJECT,0,person,train,WEB08421.jpg,"(0.64218750, 0.50000000, 0.03750000, 0.10833333)",None,"False positive person detection on vertical inanimate structure/object (conf=0.204, aspect=1.62); non-human object.",ANTIGRAVITY_VISUAL_QA,2026-09-26T03:55:00+07:00
5515,CAND_005515,LOW,REJECT,0,person,train,WEB08949.jpg,"(0.22265625, 0.73525281, 0.04337500, 0.09129213)",None,"False positive person detection on vertical inanimate structure/object (conf=0.204, aspect=1.17); non-human object.",ANTIGRAVITY_VISUAL_QA,2026-09-26T03:55:00+07:00
5516,CAND_005516,LOW,REJECT,0,person,val,WEB03980.jpg,"(0.71757665, 0.86953125, 0.13359670, 0.24568750)",None,"False positive person detection on vertical inanimate structure/object (conf=0.204, aspect=1.04); non-human object.",ANTIGRAVITY_VISUAL_QA,2026-09-26T03:55:00+07:00
5517,CAND_005517,LOW,REJECT,0,person,val,WEB03980.jpg,"(0.93281250, 0.86539583, 0.13437500, 0.25395833)",None,"False positive person detection on vertical inanimate structure/object (conf=0.204, aspect=1.07); non-human object.",ANTIGRAVITY_VISUAL_QA,2026-09-26T03:55:00+07:00
5518,CAND_005518,LOW,REJECT,0,person,val,WEB06711.jpg,"(0.03920588, 0.72386126, 0.03400000, 0.08484293)",None,"False positive person detection on vertical inanimate structure/object (conf=0.204, aspect=1.40); non-human object.",ANTIGRAVITY_VISUAL_QA,2026-09-26T03:55:00+07:00
5519,CAND_005519,LOW,REJECT,0,person,train,PublicDataset00865.jpg,"(0.89765625, 0.71537559, 0.07031250, 0.14201878)",None,"False positive person detection on vertical inanimate structure/object (conf=0.204, aspect=1.34); non-human object.",ANTIGRAVITY_VISUAL_QA,2026-09-26T03:55:00+07:00
5520,CAND_005520,LOW,REJECT,0,person,train,WEB02755.jpg,"(0.47109595, 0.98004335, 0.02343368, 0.03991329)",None,"False positive person detection on vertical inanimate structure/object (conf=0.204, aspect=1.11); non-human object.",ANTIGRAVITY_VISUAL_QA,2026-09-26T03:55:00+07:00
5521,CAND_005521,LOW,REJECT,0,person,train,WEB02770.jpg,"(0.76523460, 0.94698553, 0.01719453, 0.03853698)",None,"False positive person detection on vertical inanimate structure/object (conf=0.204, aspect=1.36); non-human object.",ANTIGRAVITY_VISUAL_QA,2026-09-26T03:55:00+07:00
5522,CAND_005522,LOW,REJECT,0,person,train,WEB03932.jpg,"(0.21542969, 0.46666667, 0.04882812, 0.22083333)",None,"False positive person detection on vertical inanimate structure/object (conf=0.204, aspect=2.54); non-human object.",ANTIGRAVITY_VISUAL_QA,2026-09-26T03:55:00+07:00
5523,CAND_005523,LOW,REJECT,0,person,train,WEB04598.jpg,"(0.69765625, 0.54097222, 0.34375000, 0.89027778)",None,"False positive person detection on vertical inanimate structure/object (conf=0.204, aspect=1.46); non-human object.",ANTIGRAVITY_VISUAL_QA,2026-09-26T03:55:00+07:00
5524,CAND_005524,LOW,REJECT,0,person,train,WEB04939.jpg,"(0.25976562, 0.82361111, 0.14959375, 0.34166667)",None,"False positive person detection on vertical inanimate structure/object (conf=0.204, aspect=1.28); non-human object.",ANTIGRAVITY_VISUAL_QA,2026-09-26T03:55:00+07:00
5525,CAND_005525,LOW,REJECT,0,person,train,WEB05726.jpg,"(0.43515625, 0.49375000, 0.81093750, 0.98472222)",None,"False positive person detection on vertical inanimate structure/object (conf=0.204, aspect=0.68); non-human object.",ANTIGRAVITY_VISUAL_QA,2026-09-26T03:55:00+07:00
5526,CAND_005526,LOW,REJECT,0,person,train,WEB07509.jpg,"(0.54375196, 0.72304709, 0.02031397, 0.11578947)",None,"False positive person detection on vertical inanimate structure/object (conf=0.204, aspect=3.23); non-human object.",ANTIGRAVITY_VISUAL_QA,2026-09-26T03:55:00+07:00
5527,CAND_005527,LOW,REJECT,0,person,train,WEB08421.jpg,"(0.25937500, 0.61250000, 0.04140625, 0.20277778)",None,"False positive person detection on vertical inanimate structure/object (conf=0.204, aspect=2.75); non-human object.",ANTIGRAVITY_VISUAL_QA,2026-09-26T03:55:00+07:00
5528,CAND_005528,LOW,REJECT,0,person,train,WEB08831.jpg,"(0.02544531, 0.43888889, 0.01767188, 0.05833333)",None,"False positive person detection on vertical inanimate structure/object (conf=0.204, aspect=1.86); non-human object.",ANTIGRAVITY_VISUAL_QA,2026-09-26T03:55:00+07:00
5529,CAND_005529,LOW,REJECT,0,person,train,WEB09759.jpg,"(0.58164063, 0.69027778, 0.01484375, 0.04166667)",None,Tiny ambiguous silhouette (9x15 px); insufficient pixel resolution to verify human instance.,ANTIGRAVITY_VISUAL_QA,2026-09-26T03:55:00+07:00
5530,CAND_005530,LOW,REJECT,0,person,train,PublicDataset00906.jpg,"(0.77343441, 0.64952632, 0.03437236, 0.11429474)",None,"False positive person detection on vertical inanimate structure/object (conf=0.203, aspect=2.23); non-human object.",ANTIGRAVITY_VISUAL_QA,2026-09-26T03:55:00+07:00
5531,CAND_005531,LOW,REJECT,0,person,train,WEB03717.jpg,"(0.17157988, 0.90174825, 0.03066272, 0.19081585)",None,"False positive person detection on vertical inanimate structure/object (conf=0.203, aspect=3.16); non-human object.",ANTIGRAVITY_VISUAL_QA,2026-09-26T03:55:00+07:00
5532,CAND_005532,LOW,REJECT,1,helmet,train,WEB07180.jpg,"(0.30000000, 0.05016593, 0.10390181, 0.10033186)",None,False positive helmet detection on civilian cap/hair/hood; lacks rigid safety helmet shell.,ANTIGRAVITY_VISUAL_QA,2026-09-26T03:55:00+07:00
5533,CAND_005533,LOW,REJECT,0,person,train,WEB07204.jpg,"(0.63984375, 0.43750000, 0.02578125, 0.21111111)",None,"False positive person detection on vertical inanimate structure/object (conf=0.203, aspect=4.61); non-human object.",ANTIGRAVITY_VISUAL_QA,2026-09-26T03:55:00+07:00
5534,CAND_005534,LOW,REJECT,0,person,train,WEB07506.jpg,"(0.51484153, 0.72241525, 0.01875410, 0.12419492)",None,"False positive person detection on vertical inanimate structure/object (conf=0.203, aspect=3.42); non-human object.",ANTIGRAVITY_VISUAL_QA,2026-09-26T03:55:00+07:00
5535,CAND_005535,LOW,REJECT,0,person,train,WEB08438.jpg,"(0.22207812, 0.47777778, 0.02734375, 0.14722222)",None,"False positive person detection on vertical inanimate structure/object (conf=0.203, aspect=3.03); non-human object.",ANTIGRAVITY_VISUAL_QA,2026-09-26T03:55:00+07:00
5536,CAND_005536,LOW,REJECT,0,person,test,WEB10353.jpg,"(0.85547194, 0.95367769, 0.05155612, 0.08907438)",None,"False positive person detection on vertical inanimate structure/object (conf=0.202, aspect=1.33); non-human object.",ANTIGRAVITY_VISUAL_QA,2026-09-26T03:55:00+07:00
5537,CAND_005537,LOW,REJECT,0,person,test,WEB10431.jpg,"(0.95312869, 0.47704651, 0.05312869, 0.06772093)",None,"False positive person detection on vertical inanimate structure/object (conf=0.202, aspect=0.65); non-human object.",ANTIGRAVITY_VISUAL_QA,2026-09-26T03:55:00+07:00
5538,CAND_005538,LOW,REJECT,0,person,train,AoF02508.jpg,"(0.49052734, 0.13976389, 0.21894531, 0.27152778)",None,"False positive person detection on vertical inanimate structure/object (conf=0.202, aspect=0.70); non-human object.",ANTIGRAVITY_VISUAL_QA,2026-09-26T03:55:00+07:00
5539,CAND_005539,LOW,REJECT,0,person,train,WEB02987.jpg,"(0.22656250, 0.62569444, 0.01875000, 0.08888889)",None,"False positive person detection on vertical inanimate structure/object (conf=0.202, aspect=2.67); non-human object.",ANTIGRAVITY_VISUAL_QA,2026-09-26T03:55:00+07:00
5540,CAND_005540,LOW,REJECT,0,person,train,WEB03178.jpg,"(0.59531572, 0.85967042, 0.05155928, 0.11110932)",None,"False positive person detection on vertical inanimate structure/object (conf=0.202, aspect=1.73); non-human object.",ANTIGRAVITY_VISUAL_QA,2026-09-26T03:55:00+07:00
5541,CAND_005541,LOW,REJECT,0,person,train,WEB03931.jpg,"(0.22812500, 0.41250000, 0.03671875, 0.13611111)",None,"False positive person detection on vertical inanimate structure/object (conf=0.202, aspect=2.09); non-human object.",ANTIGRAVITY_VISUAL_QA,2026-09-26T03:55:00+07:00
5542,CAND_005542,LOW,REJECT,0,person,train,WEB03937.jpg,"(0.60898585, 0.35454167, 0.20155660, 0.18804167)",None,"False positive person detection on vertical inanimate structure/object (conf=0.202, aspect=0.53); non-human object.",ANTIGRAVITY_VISUAL_QA,2026-09-26T03:55:00+07:00
5543,CAND_005543,LOW,REJECT,0,person,train,WEB05750.jpg,"(0.68515625, 0.62943182, 0.37031250, 0.69284091)",None,False positive person detection on dark billowing smoke plume (IoU=0.32 with GT smoke).,ANTIGRAVITY_VISUAL_QA,2026-09-26T03:55:00+07:00
5544,CAND_005544,LOW,REJECT,0,person,train,WEB06335.jpg,"(0.64297185, 0.91145695, 0.02577815, 0.08958057)",None,"False positive person detection on vertical inanimate structure/object (conf=0.202, aspect=2.61); non-human object.",ANTIGRAVITY_VISUAL_QA,2026-09-26T03:55:00+07:00
5545,CAND_005545,LOW,REJECT,0,person,train,WEB06652.jpg,"(0.38242000, 0.77863333, 0.02344000, 0.16666667)",None,"False positive person detection on vertical inanimate structure/object (conf=0.202, aspect=4.27); non-human object.",ANTIGRAVITY_VISUAL_QA,2026-09-26T03:55:00+07:00
5546,CAND_005546,LOW,REJECT,0,person,train,WEB07023.jpg,"(0.62031250, 0.86388889, 0.00937500, 0.04166667)",None,"False positive person detection on vertical inanimate structure/object (conf=0.202, aspect=2.50); non-human object.",ANTIGRAVITY_VISUAL_QA,2026-09-26T03:55:00+07:00
5547,CAND_005547,LOW,REJECT,0,person,val,WEB07637.jpg,"(0.24219243, 0.62963277, 0.03280757, 0.12593220)",None,"False positive person detection on vertical inanimate structure/object (conf=0.202, aspect=2.14); non-human object.",ANTIGRAVITY_VISUAL_QA,2026-09-26T03:55:00+07:00
5548,CAND_005548,LOW,REJECT,0,person,val,WEB08962.jpg,"(0.36250000, 0.72191011, 0.02187500, 0.05056180)",None,"False positive person detection on vertical inanimate structure/object (conf=0.202, aspect=1.29); non-human object.",ANTIGRAVITY_VISUAL_QA,2026-09-26T03:55:00+07:00
5549,CAND_005549,LOW,ADD,1,helmet,test,WEB10992.jpg,"(0.97656250, 0.58958333, 0.04687500, 0.04791667)",None,Genuine safety hardhat/firefighter helmet on personnel; clear rigid shell structure and tight bounding box.,ANTIGRAVITY_VISUAL_QA,2026-09-26T03:55:00+07:00
5550,CAND_005550,LOW,REJECT,0,person,train,WEB03588.jpg,"(0.37578151, 0.92552158, 0.03203361, 0.14212230)",None,"False positive person detection on vertical inanimate structure/object (conf=0.202, aspect=2.07); non-human object.",ANTIGRAVITY_VISUAL_QA,2026-09-26T03:55:00+07:00
5551,CAND_005551,LOW,REJECT,0,person,train,WEB06790.jpg,"(0.07177083, 0.51445165, 0.14216667, 0.21015330)",None,"False positive person detection on vertical inanimate structure/object (conf=0.202, aspect=2.61); non-human object.",ANTIGRAVITY_VISUAL_QA,2026-09-26T03:55:00+07:00
5552,CAND_005552,LOW,REJECT,0,person,train,WEB07208.jpg,"(0.03339844, 0.66111111, 0.01239062, 0.02222222)",None,Tiny ambiguous silhouette (7x8 px); insufficient pixel resolution to verify human instance.,ANTIGRAVITY_VISUAL_QA,2026-09-26T03:55:00+07:00
5553,CAND_005553,LOW,REJECT,0,person,train,WEB07722.jpg,"(0.85937273, 0.77537964, 0.12500000, 0.44148627)",None,"False positive person detection on vertical inanimate structure/object (conf=0.202, aspect=1.99); non-human object.",ANTIGRAVITY_VISUAL_QA,2026-09-26T03:55:00+07:00
5554,CAND_005554,LOW,REJECT,0,person,train,WEB08730.jpg,"(0.03302734, 0.48632765, 0.06449219, 0.13047099)",None,"False positive person detection on vertical inanimate structure/object (conf=0.202, aspect=2.32); non-human object.",ANTIGRAVITY_VISUAL_QA,2026-09-26T03:55:00+07:00
5555,CAND_005555,LOW,REJECT,0,person,train,WEB09393.jpg,"(0.85156250, 0.61931818, 0.03750000, 0.27556818)",None,"False positive person detection on vertical inanimate structure/object (conf=0.202, aspect=4.04); non-human object.",ANTIGRAVITY_VISUAL_QA,2026-09-26T03:55:00+07:00
5556,CAND_005556,LOW,REJECT,0,person,val,WEB08542.jpg,"(0.53480159, 0.52811897, 0.28796296, 0.35781350)",None,False positive person detection on dark billowing smoke plume (IoU=0.43 with GT smoke).,ANTIGRAVITY_VISUAL_QA,2026-09-26T03:55:00+07:00
5557,CAND_005557,LOW,REJECT,0,person,train,WEB01639.jpg,"(0.89296875, 0.49305556, 0.03750000, 0.13333333)",None,"False positive person detection on vertical inanimate structure/object (conf=0.201, aspect=2.00); non-human object.",ANTIGRAVITY_VISUAL_QA,2026-09-26T03:55:00+07:00
5558,CAND_005558,LOW,REJECT,0,person,train,WEB03068.jpg,"(0.94609375, 0.84652778, 0.10781250, 0.29861111)",None,"False positive person detection on vertical inanimate structure/object (conf=0.201, aspect=1.56); non-human object.",ANTIGRAVITY_VISUAL_QA,2026-09-26T03:55:00+07:00
5559,CAND_005559,LOW,REJECT,0,person,train,WEB03499.jpg,"(0.22812500, 0.70194915, 0.01172710, 0.03237288)",None,"False positive person detection on vertical inanimate structure/object (conf=0.201, aspect=1.86); non-human object.",ANTIGRAVITY_VISUAL_QA,2026-09-26T03:55:00+07:00
5560,CAND_005560,LOW,REJECT,0,person,train,WEB07205.jpg,"(0.52421875, 0.41666667, 0.04062500, 0.18611111)",None,"False positive person detection on vertical inanimate structure/object (conf=0.201, aspect=2.58); non-human object.",ANTIGRAVITY_VISUAL_QA,2026-09-26T03:55:00+07:00
5561,CAND_005561,LOW,REJECT,0,person,train,WEB07314.jpg,"(0.13965041, 0.96562195, 0.02265041, 0.06797561)",None,"False positive person detection on vertical inanimate structure/object (conf=0.201, aspect=2.00); non-human object.",ANTIGRAVITY_VISUAL_QA,2026-09-26T03:55:00+07:00
5562,CAND_005562,LOW,REJECT,0,person,val,WEB03942.jpg,"(0.34687500, 0.43541667, 0.03828125, 0.23333333)",None,"False positive person detection on vertical inanimate structure/object (conf=0.201, aspect=3.43); non-human object.",ANTIGRAVITY_VISUAL_QA,2026-09-26T03:55:00+07:00
5563,CAND_005563,LOW,REJECT,0,person,test,WEB11438.jpg,"(0.22324219, 0.71942935, 0.04335937, 0.30298913)",None,"False positive person detection on vertical inanimate structure/object (conf=0.201, aspect=4.02); non-human object.",ANTIGRAVITY_VISUAL_QA,2026-09-26T03:55:00+07:00
5564,CAND_005564,LOW,REJECT,0,person,train,PublicDataset00906.jpg,"(0.54531030, 0.67226316, 0.03282087, 0.11193684)",None,"False positive person detection on vertical inanimate structure/object (conf=0.201, aspect=2.28); non-human object.",ANTIGRAVITY_VISUAL_QA,2026-09-26T03:55:00+07:00
5565,CAND_005565,LOW,REJECT,0,person,train,WEB03163.jpg,"(0.81718601, 0.56100000, 0.01249830, 0.03836111)",None,"False positive person detection on vertical inanimate structure/object (conf=0.201, aspect=1.50); non-human object.",ANTIGRAVITY_VISUAL_QA,2026-09-26T03:55:00+07:00
5566,CAND_005566,LOW,REJECT,0,person,train,WEB03362.jpg,"(0.02590129, 0.97656151, 0.04729614, 0.04687697)",None,"False positive person detection on vertical inanimate structure/object (conf=0.201, aspect=1.35); non-human object.",ANTIGRAVITY_VISUAL_QA,2026-09-26T03:55:00+07:00
5567,CAND_005567,LOW,REJECT,0,person,train,WEB03527.jpg,"(0.27656212, 0.59379800, 0.02070111, 0.07634391)",None,"False positive person detection on vertical inanimate structure/object (conf=0.201, aspect=2.72); non-human object.",ANTIGRAVITY_VISUAL_QA,2026-09-26T03:55:00+07:00
5568,CAND_005568,LOW,REJECT,0,person,train,WEB03847.jpg,"(0.07343750, 0.45295139, 0.14609375, 0.47465278)",None,"False positive person detection on vertical inanimate structure/object (conf=0.201, aspect=1.83); non-human object.",ANTIGRAVITY_VISUAL_QA,2026-09-26T03:55:00+07:00
5569,CAND_005569,LOW,REJECT,0,person,train,WEB05412.jpg,"(0.36562500, 0.66597222, 0.01837500, 0.11805556)",None,"False positive person detection on vertical inanimate structure/object (conf=0.201, aspect=3.61); non-human object.",ANTIGRAVITY_VISUAL_QA,2026-09-26T03:55:00+07:00
5570,CAND_005570,LOW,REJECT,0,person,train,WEB05741.jpg,"(0.56640888, 0.33811224, 0.01327718, 0.02708163)",None,Tiny ambiguous silhouette (8x13 px); insufficient pixel resolution to verify human instance.,ANTIGRAVITY_VISUAL_QA,2026-09-26T03:55:00+07:00
5571,CAND_005571,LOW,REJECT,0,person,train,WEB06781.jpg,"(0.67078125, 0.53398585, 0.02897917, 0.02577830)",None,"False positive person detection on vertical inanimate structure/object (conf=0.201, aspect=1.57); non-human object.",ANTIGRAVITY_VISUAL_QA,2026-09-26T03:55:00+07:00
5572,CAND_005572,LOW,REJECT,0,person,train,WEB06786.jpg,"(0.70805208, 0.53750000, 0.03035417, 0.03202830)",None,"False positive person detection on vertical inanimate structure/object (conf=0.201, aspect=1.86); non-human object.",ANTIGRAVITY_VISUAL_QA,2026-09-26T03:55:00+07:00
5573,CAND_005573,LOW,REJECT,0,person,train,WEB06790.jpg,"(0.90610417, 0.48828420, 0.04554167, 0.05468160)",None,"False positive person detection on vertical inanimate structure/object (conf=0.201, aspect=2.12); non-human object.",ANTIGRAVITY_VISUAL_QA,2026-09-26T03:55:00+07:00
5574,CAND_005574,LOW,REJECT,0,person,train,WEB07168.jpg,"(0.02583158, 0.42006000, 0.02185263, 0.06828000)",None,Tiny ambiguous silhouette (10x17 px); insufficient pixel resolution to verify human instance.,ANTIGRAVITY_VISUAL_QA,2026-09-26T03:55:00+07:00
5575,CAND_005575,LOW,REJECT,1,helmet,train,WEB07180.jpg,"(0.52421835, 0.16053097, 0.03437984, 0.05619469)",None,False positive helmet detection on civilian cap/hair/hood; lacks rigid safety helmet shell.,ANTIGRAVITY_VISUAL_QA,2026-09-26T03:55:00+07:00
5576,CAND_005576,LOW,REJECT,0,person,train,WEB08747.jpg,"(0.49355392, 0.54219444, 0.03446078, 0.05938889)",None,Tiny ambiguous silhouette (7x21 px); insufficient pixel resolution to verify human instance.,ANTIGRAVITY_VISUAL_QA,2026-09-26T03:55:00+07:00
5577,CAND_005577,LOW,REJECT,0,person,train,WEB09018.jpg,"(0.36601563, 0.85694444, 0.03515625, 0.23611111)",None,"False positive person detection on vertical inanimate structure/object (conf=0.201, aspect=3.78); non-human object.",ANTIGRAVITY_VISUAL_QA,2026-09-26T03:55:00+07:00
5578,CAND_005578,LOW,REJECT,0,person,val,WEB03942.jpg,"(0.58750000, 0.46944444, 0.05781250, 0.14722222)",None,"False positive person detection on vertical inanimate structure/object (conf=0.201, aspect=1.43); non-human object.",ANTIGRAVITY_VISUAL_QA,2026-09-26T03:55:00+07:00
5579,CAND_005579,LOW,REJECT,1,helmet,val,WEB07664.jpg,"(0.04443367, 0.56451087, 0.02323469, 0.03050725)",None,False positive helmet detection on civilian cap/hair/hood; lacks rigid safety helmet shell.,ANTIGRAVITY_VISUAL_QA,2026-09-26T03:55:00+07:00
