queue_rank,candidate_id,tier,split,image,class_name,canonical_class,confidence,x1,y1,x2,y2,aspect_ratio,selection_stratum,verdict,notes,reviewer,reviewed_at,old_bbox_norm,new_bbox_norm
1,CAND_001571,MEDIUM,train,WEB06284.jpg,helmet,1,0.699219,283.53,63.56,302.88,81.30,0.9168,helmet_train_0.92,REMOVE,False positive helmet detection on civilian baseball cap/hair; no safety hardhat/helmet present.,ANTIGRAVITY_VISUAL_QA,2026-09-26T03:00:00+07:00,"(0.85234012, 0.28073643, 0.05625000, 0.06875969)",None
2,CAND_001604,MEDIUM,train,WEB05963.jpg,helmet,1,0.694336,665.00,308.00,707.00,340.00,0.7619,helmet_train_0.76,PASS,Genuine safety hardhat/firefighter helmet on personnel; tight usable bounding box.,ANTIGRAVITY_VISUAL_QA,2026-09-26T03:00:00+07:00,"(0.53593750, 0.45000000, 0.03281250, 0.04444444)",None
3,CAND_001644,MEDIUM,train,PublicDataset01000.jpg,helmet,1,0.689453,50.80,126.90,69.45,139.62,0.6820,helmet_train_0.68,PASS,Genuine safety hardhat/firefighter helmet on personnel; tight usable bounding box.,ANTIGRAVITY_VISUAL_QA,2026-09-26T03:00:00+07:00,"(0.16250000, 0.65323529, 0.05040541, 0.06235294)",None
4,CAND_001748,MEDIUM,test,WEB11052.jpg,helmet,1,0.675781,173.75,255.00,200.00,271.00,0.6095,helmet_test_0.61,PASS,Genuine safety hardhat/firefighter helmet on personnel; tight usable bounding box.,ANTIGRAVITY_VISUAL_QA,2026-09-26T03:00:00+07:00,"(0.29199219, 0.54791667, 0.04101562, 0.03333333)",None
5,CAND_001769,MEDIUM,val,WEB04118.jpg,helmet,1,0.673828,864.50,159.50,921.50,203.50,0.7719,helmet_val_0.77,PASS,Genuine safety hardhat/firefighter helmet on personnel; tight usable bounding box.,ANTIGRAVITY_VISUAL_QA,2026-09-26T03:00:00+07:00,"(0.69765625, 0.25208333, 0.04453125, 0.06111111)",None
6,CAND_001778,MEDIUM,val,WEB07938.jpg,helmet,1,0.672363,151.99,207.09,192.86,247.43,0.9870,helmet_val_0.99,PASS,Genuine safety hardhat/firefighter helmet on personnel; tight usable bounding box.,ANTIGRAVITY_VISUAL_QA,2026-09-26T03:00:00+07:00,"(0.18701193, 0.43872587, 0.04432755, 0.07787645)",None
7,CAND_001794,MEDIUM,train,WEB07494.jpg,helmet,1,0.668945,536.56,242.78,558.88,261.38,0.8333,helmet_train_0.83,PASS,Genuine safety hardhat/firefighter helmet on personnel; tight usable bounding box.,ANTIGRAVITY_VISUAL_QA,2026-09-26T03:00:00+07:00,"(0.80547059, 0.51340122, 0.03282353, 0.03788187)",None
8,CAND_001795,MEDIUM,val,WEB07945.jpg,helmet,1,0.668945,277.35,258.40,320.48,293.88,0.8226,helmet_val_0.82,PASS,Genuine safety hardhat/firefighter helmet on personnel; tight usable bounding box.,ANTIGRAVITY_VISUAL_QA,2026-09-26T03:00:00+07:00,"(0.28964632, 0.47528399, 0.04179264, 0.06106713)",None
9,CAND_001838,MEDIUM,test,WEB11131.jpg,helmet,1,0.662109,323.96,637.33,443.21,780.43,1.2000,helmet_test_1.20,REMOVE,False positive helmet detection on vehicle light/body reflection; no helmet present.,ANTIGRAVITY_VISUAL_QA,2026-09-26T03:00:00+07:00,"(0.79913542, 0.83594340, 0.24843750, 0.16875000)",None
10,CAND_001856,MEDIUM,train,WEB06284.jpg,helmet,1,0.660156,158.56,98.90,175.23,112.34,0.8062,helmet_train_0.81,REMOVE,False positive helmet detection on civilian baseball cap/hair; no safety hardhat/helmet present.,ANTIGRAVITY_VISUAL_QA,2026-09-26T03:00:00+07:00,"(0.48515988, 0.40937984, 0.04845930, 0.05209302)",None
11,CAND_001872,MEDIUM,train,WEB07134.jpg,helmet,1,0.656738,902.50,519.00,985.50,599.00,0.9639,helmet_train_0.96,PASS,Genuine safety hardhat/firefighter helmet on personnel; tight usable bounding box.,ANTIGRAVITY_VISUAL_QA,2026-09-26T03:00:00+07:00,"(0.73750000, 0.77638889, 0.06484375, 0.11111111)",None
12,CAND_001936,MEDIUM,train,WEB04002.jpg,helmet,1,0.647949,568.18,235.46,601.45,266.81,0.9423,helmet_train_0.94,PASS,Genuine safety hardhat/firefighter helmet on personnel; tight usable bounding box.,ANTIGRAVITY_VISUAL_QA,2026-09-26T03:00:00+07:00,"(0.71405983, 0.42565254, 0.04062271, 0.05313559)",None
13,CAND_001937,MEDIUM,train,WEB05962.jpg,helmet,1,0.647949,699.00,328.00,741.00,360.00,0.7619,helmet_train_0.76,PASS,Genuine safety hardhat/firefighter helmet on personnel; tight usable bounding box.,ANTIGRAVITY_VISUAL_QA,2026-09-26T03:00:00+07:00,"(0.56250000, 0.47777778, 0.03281250, 0.04444444)",None
14,CAND_002015,MEDIUM,val,WEB09160.jpg,helmet,1,0.637207,759.81,0.99,1223.42,93.12,0.1987,helmet_val_0.20,FIX,Firefighter helmet brim in extreme closeup; tightened top edge coordinate to image boundary y=0.0.,ANTIGRAVITY_VISUAL_QA,2026-09-26T03:00:00+07:00,"(0.78203076, 0.08979962, 0.36562303, 0.17582061)","(0.78203076, 0.08885496, 0.36562303, 0.17770992)"
15,CAND_002050,MEDIUM,test,WEB10558.jpg,helmet,1,0.631836,50.40,472.05,78.30,496.35,0.8710,helmet_test_0.87,PASS,Genuine safety hardhat/firefighter helmet on personnel; tight usable bounding box.,ANTIGRAVITY_VISUAL_QA,2026-09-26T03:00:00+07:00,"(0.09930556, 0.42031250, 0.04305556, 0.02109375)",None
16,CAND_002053,MEDIUM,train,WEB04065.jpg,helmet,1,0.631836,168.71,336.21,200.15,361.60,0.8076,helmet_train_0.81,PASS,Genuine safety hardhat/firefighter helmet on personnel; tight usable bounding box.,ANTIGRAVITY_VISUAL_QA,2026-09-26T03:00:00+07:00,"(0.23828165, 0.65955577, 0.04062016, 0.04799622)",None
17,CAND_002066,MEDIUM,train,WEB07274.jpg,helmet,1,0.629883,794.96,217.69,825.60,246.71,0.9471,helmet_train_0.95,PASS,Genuine safety hardhat/firefighter helmet on personnel; tight usable bounding box.,ANTIGRAVITY_VISUAL_QA,2026-09-26T03:00:00+07:00,"(0.78515504, 0.46254980, 0.02968992, 0.05780876)",None
18,CAND_002067,MEDIUM,train,WEB07545.jpg,helmet,1,0.629883,145.23,313.24,212.27,369.10,0.8332,helmet_train_0.83,PASS,Genuine safety hardhat/firefighter helmet on personnel; tight usable bounding box.,ANTIGRAVITY_VISUAL_QA,2026-09-26T03:00:00+07:00,"(0.16250000, 0.55116317, 0.06094545, 0.09024233)",None
19,CAND_002078,MEDIUM,train,WEB04060.jpg,helmet,1,0.627930,235.99,424.88,304.19,473.94,0.7194,helmet_train_0.72,PASS,Genuine safety hardhat/firefighter helmet on personnel; tight usable bounding box.,ANTIGRAVITY_VISUAL_QA,2026-09-26T03:00:00+07:00,"(0.21503981, 0.67176383, 0.05429936, 0.07333333)",None
20,CAND_002170,MEDIUM,train,WEB04066.jpg,helmet,1,0.613281,502.87,353.65,529.13,376.33,0.8637,helmet_train_0.86,PASS,Genuine safety hardhat/firefighter helmet on personnel; tight usable bounding box.,ANTIGRAVITY_VISUAL_QA,2026-09-26T03:00:00+07:00,"(0.67539267, 0.68996219, 0.03437173, 0.04287335)",None
21,CAND_002230,MEDIUM,train,WEB04045.jpg,helmet,1,0.602051,159.38,328.12,204.10,360.16,0.7165,helmet_train_0.72,PASS,Genuine safety hardhat/firefighter helmet on personnel; tight usable bounding box.,ANTIGRAVITY_VISUAL_QA,2026-09-26T03:00:00+07:00,"(0.18174000, 0.45885333, 0.04472000, 0.04272000)",None
22,CAND_002234,MEDIUM,train,WEB08065.jpg,helmet,1,0.602051,547.54,223.11,581.31,249.72,0.7880,helmet_train_0.79,PASS,Genuine safety hardhat/firefighter helmet on personnel; tight usable bounding box.,ANTIGRAVITY_VISUAL_QA,2026-09-26T03:00:00+07:00,"(0.86171756, 0.48149695, 0.05155725, 0.05419552)",None
23,CAND_002236,MEDIUM,val,WEB04118.jpg,helmet,1,0.602051,1088.00,150.75,1142.00,190.25,0.7315,helmet_val_0.73,PASS,Genuine safety hardhat/firefighter helmet on personnel; tight usable bounding box.,ANTIGRAVITY_VISUAL_QA,2026-09-26T03:00:00+07:00,"(0.87109375, 0.23680556, 0.04218750, 0.05486111)",None
24,CAND_002270,MEDIUM,train,WEB03997.jpg,helmet,1,0.594727,426.25,215.94,480.00,266.56,0.9418,helmet_train_0.94,PASS,Genuine safety hardhat/firefighter helmet on personnel; tight usable bounding box.,ANTIGRAVITY_VISUAL_QA,2026-09-26T03:00:00+07:00,"(0.56640625, 0.40208333, 0.06718750, 0.08436667)",None
25,CAND_002284,MEDIUM,train,WEB08917.jpg,helmet,1,0.592773,196.29,146.09,238.09,187.11,0.9813,helmet_train_0.98,PASS,Genuine safety hardhat/firefighter helmet on personnel; tight usable bounding box.,ANTIGRAVITY_VISUAL_QA,2026-09-26T03:00:00+07:00,"(0.21719000, 0.29176883, 0.04180000, 0.07183888)",None
26,CAND_002303,MEDIUM,train,WEB07180.jpg,helmet,1,0.588867,137.26,50.34,158.28,68.48,0.8630,helmet_train_0.86,REMOVE,False positive helmet detection on civilian baseball cap/hair; no safety hardhat/helmet present.,ANTIGRAVITY_VISUAL_QA,2026-09-26T03:00:00+07:00,"(0.19091731, 0.13143805, 0.02715762, 0.04013274)",None
27,CAND_002312,MEDIUM,train,PublicDataset00995.jpg,helmet,1,0.586914,671.75,207.93,760.62,288.10,0.9021,helmet_train_0.90,PASS,Genuine safety hardhat/firefighter helmet on personnel; tight usable bounding box.,ANTIGRAVITY_VISUAL_QA,2026-09-26T03:00:00+07:00,"(0.75546941, 0.39242880, 0.09374473, 0.12685127)",None
28,CAND_002316,MEDIUM,train,WEB07855.jpg,helmet,1,0.586914,163.75,188.00,181.75,205.50,0.9722,helmet_train_0.97,PASS,Genuine safety hardhat/firefighter helmet on personnel; tight usable bounding box.,ANTIGRAVITY_VISUAL_QA,2026-09-26T03:00:00+07:00,"(0.26992187, 0.55894886, 0.02812500, 0.04971591)",None
29,CAND_002382,MEDIUM,test,WEB11673.jpg,helmet,1,0.575684,107.80,184.80,143.00,218.40,0.9545,helmet_test_0.95,PASS,Genuine safety hardhat/firefighter helmet on personnel; tight usable bounding box.,ANTIGRAVITY_VISUAL_QA,2026-09-26T03:00:00+07:00,"(0.32656250, 0.39375000, 0.09166667, 0.06562500)",None
30,CAND_002418,MEDIUM,val,WEB03953.jpg,helmet,1,0.571777,476.04,375.64,516.99,408.71,0.8076,helmet_val_0.81,PASS,Genuine safety hardhat/firefighter helmet on personnel; tight usable bounding box.,ANTIGRAVITY_VISUAL_QA,2026-09-26T03:00:00+07:00,"(0.49257440, 0.58359375, 0.04062500, 0.04921131)",None
31,CAND_002435,MEDIUM,val,WEB08872.jpg,helmet,1,0.569824,642.97,260.16,674.22,287.89,0.8874,helmet_val_0.89,PASS,Genuine safety hardhat/firefighter helmet on personnel; tight usable bounding box.,ANTIGRAVITY_VISUAL_QA,2026-09-26T03:00:00+07:00,"(0.65859500, 0.36536667, 0.03125000, 0.03697333)",None
32,CAND_002456,MEDIUM,val,WEB04381.jpg,helmet,1,0.565918,558.09,285.80,625.30,324.74,0.5794,helmet_val_0.58,PASS,Genuine safety hardhat/firefighter helmet on personnel; tight usable bounding box.,ANTIGRAVITY_VISUAL_QA,2026-09-26T03:00:00+07:00,"(0.73593905, 0.50625207, 0.08359453, 0.06457711)",None
33,CAND_002504,MEDIUM,train,WEB07672.jpg,helmet,1,0.556641,464.73,231.22,541.30,296.30,0.8499,helmet_train_0.85,PASS,Genuine safety hardhat/firefighter helmet on personnel; tight usable bounding box.,ANTIGRAVITY_VISUAL_QA,2026-09-26T03:00:00+07:00,"(0.51328061, 0.47782609, 0.07813265, 0.11789855)",None
34,CAND_002514,MEDIUM,train,WEB04065.jpg,helmet,1,0.554688,99.77,347.70,130.01,371.88,0.7996,helmet_train_0.80,PASS,Genuine safety hardhat/firefighter helmet on personnel; tight usable bounding box.,ANTIGRAVITY_VISUAL_QA,2026-09-26T03:00:00+07:00,"(0.14843669, 0.68013233, 0.03906977, 0.04570888)",None
35,CAND_002515,MEDIUM,train,WEB07287.jpg,helmet,1,0.554688,60.00,393.50,185.00,522.50,1.0320,helmet_train_1.03,PASS,Genuine safety hardhat/firefighter helmet on personnel; tight usable bounding box.,ANTIGRAVITY_VISUAL_QA,2026-09-26T03:00:00+07:00,"(0.12760417, 0.35781250, 0.13020833, 0.10078125)",None
36,CAND_002575,MEDIUM,val,WEB04094.jpg,helmet,1,0.544922,991.00,181.50,1035.00,212.50,0.7045,helmet_val_0.70,PASS,Genuine safety hardhat/firefighter helmet on personnel; tight usable bounding box.,ANTIGRAVITY_VISUAL_QA,2026-09-26T03:00:00+07:00,"(0.79140625, 0.27361111, 0.03437500, 0.04305556)",None
37,CAND_002602,MEDIUM,train,WEB09036.jpg,helmet,1,0.539062,405.75,213.25,419.75,226.75,0.9643,helmet_train_0.96,PASS,Genuine safety hardhat/firefighter helmet on personnel; tight usable bounding box.,ANTIGRAVITY_VISUAL_QA,2026-09-26T03:00:00+07:00,"(0.64492187, 0.61111111, 0.02187500, 0.03750000)",None
38,CAND_002604,MEDIUM,train,WEB09159.jpg,helmet,1,0.539062,21.48,399.43,92.11,445.51,0.6524,helmet_train_0.65,PASS,Genuine safety hardhat/firefighter helmet on personnel; tight usable bounding box.,ANTIGRAVITY_VISUAL_QA,2026-09-26T03:00:00+07:00,"(0.04621237, 0.57245257, 0.05746949, 0.06243902)",None
39,CAND_002626,MEDIUM,train,WEB07472.jpg,helmet,1,0.535156,760.00,483.00,785.00,511.00,1.1200,helmet_train_1.12,PASS,Genuine safety hardhat/firefighter helmet on personnel; tight usable bounding box.,ANTIGRAVITY_VISUAL_QA,2026-09-26T03:00:00+07:00,"(0.60351562, 0.61970075, 0.01953125, 0.03491272)",None
40,CAND_002627,MEDIUM,train,WEB08546.jpg,helmet,1,0.535156,634.30,360.27,672.03,389.02,0.7620,helmet_train_0.76,PASS,Genuine safety hardhat/firefighter helmet on personnel; tight usable bounding box.,ANTIGRAVITY_VISUAL_QA,2026-09-26T03:00:00+07:00,"(0.56796957, 0.48845502, 0.03280870, 0.03748370)",None
41,CAND_002640,MEDIUM,train,WEB08999.jpg,helmet,1,0.533203,262.83,168.66,292.69,199.50,1.0328,helmet_train_1.03,PASS,Genuine safety hardhat/firefighter helmet on personnel; tight usable bounding box.,ANTIGRAVITY_VISUAL_QA,2026-09-26T03:00:00+07:00,"(0.33066667, 0.39000000, 0.03554762, 0.06533898)",None
42,CAND_002659,MEDIUM,val,WEB04074.jpg,helmet,1,0.531250,859.89,316.47,901.04,353.80,0.9072,helmet_val_0.91,PASS,Genuine safety hardhat/firefighter helmet on personnel; tight usable bounding box.,ANTIGRAVITY_VISUAL_QA,2026-09-26T03:00:00+07:00,"(0.81074125, 0.51401074, 0.03789134, 0.05725460)",None
43,CAND_002676,MEDIUM,train,WEB07675.jpg,helmet,1,0.529297,547.99,224.37,573.02,242.57,0.7271,helmet_train_0.73,PASS,Genuine safety hardhat/firefighter helmet on personnel; tight usable bounding box.,ANTIGRAVITY_VISUAL_QA,2026-09-26T03:00:00+07:00,"(0.76992445, 0.42449091, 0.03438187, 0.03309091)",None
44,CAND_002678,MEDIUM,train,WEB08917.jpg,helmet,1,0.529297,143.46,150.39,188.96,194.14,0.9615,helmet_train_0.96,PASS,Genuine safety hardhat/firefighter helmet on personnel; tight usable bounding box.,ANTIGRAVITY_VISUAL_QA,2026-09-26T03:00:00+07:00,"(0.16621000, 0.30169002, 0.04550000, 0.07661996)",None
45,CAND_002689,MEDIUM,train,WEB07289.jpg,helmet,1,0.527344,746.00,509.00,902.00,670.00,1.0321,helmet_train_1.03,PASS,Genuine safety hardhat/firefighter helmet on personnel; tight usable bounding box.,ANTIGRAVITY_VISUAL_QA,2026-09-26T03:00:00+07:00,"(0.85833333, 0.46054688, 0.16250000, 0.12578125)",None
46,CAND_002707,MEDIUM,test,WEB10623.jpg,helmet,1,0.523438,35.70,172.20,53.30,187.00,0.8409,helmet_test_0.84,PASS,Genuine safety hardhat/firefighter helmet on personnel; tight usable bounding box.,ANTIGRAVITY_VISUAL_QA,2026-09-26T03:00:00+07:00,"(0.08691406, 0.62145329, 0.03437500, 0.05121107)",None
47,CAND_002720,MEDIUM,train,WEB03730.jpg,helmet,1,0.521484,664.38,34.84,725.62,66.09,0.5103,helmet_train_0.51,REMOVE,False positive helmet detection on civilian baseball cap/hair; no safety hardhat/helmet present.,ANTIGRAVITY_VISUAL_QA,2026-09-26T03:00:00+07:00,"(0.86875000, 0.09468105, 0.07655000, 0.05863039)",None
48,CAND_002721,MEDIUM,train,WEB03924.jpg,helmet,1,0.521484,900.00,169.50,942.00,204.00,0.8214,helmet_train_0.82,PASS,Genuine safety hardhat/firefighter helmet on personnel; tight usable bounding box.,ANTIGRAVITY_VISUAL_QA,2026-09-26T03:00:00+07:00,"(0.71953125, 0.25937500, 0.03281250, 0.04791667)",None
49,CAND_002722,MEDIUM,train,WEB04069.jpg,helmet,1,0.521484,69.03,92.19,100.15,118.16,0.8345,helmet_train_0.83,PASS,Genuine safety hardhat/firefighter helmet on personnel; tight usable bounding box.,ANTIGRAVITY_VISUAL_QA,2026-09-26T03:00:00+07:00,"(0.14121870, 0.31302083, 0.05195326, 0.07729167)",None
50,CAND_002736,MEDIUM,train,WEB07139.jpg,helmet,1,0.519531,477.00,200.50,557.00,258.00,0.7188,helmet_train_0.72,PASS,Genuine safety hardhat/firefighter helmet on personnel; tight usable bounding box.,ANTIGRAVITY_VISUAL_QA,2026-09-26T03:00:00+07:00,"(0.40390625, 0.31840278, 0.06250000, 0.07986111)",None
51,CAND_002748,MEDIUM,val,WEB07339.jpg,helmet,1,0.517578,105.75,435.05,149.95,466.91,0.7208,helmet_val_0.72,PASS,Genuine safety hardhat/firefighter helmet on personnel; tight usable bounding box.,ANTIGRAVITY_VISUAL_QA,2026-09-26T03:00:00+07:00,"(0.10974249, 0.58644993, 0.03793991, 0.04143043)",None
52,CAND_002755,MEDIUM,train,WEB04000.jpg,helmet,1,0.515625,905.62,543.28,972.19,587.34,0.6619,helmet_train_0.66,PASS,Genuine safety hardhat/firefighter helmet on personnel; tight usable bounding box.,ANTIGRAVITY_VISUAL_QA,2026-09-26T03:00:00+07:00,"(0.78242083, 0.62812222, 0.05547500, 0.04895556)",None
53,CAND_002778,MEDIUM,train,WEB04394.jpg,helmet,1,0.511719,280.94,105.78,297.19,119.84,0.8652,helmet_train_0.87,PASS,Genuine safety hardhat/firefighter helmet on personnel; tight usable bounding box.,ANTIGRAVITY_VISUAL_QA,2026-09-26T03:00:00+07:00,"(0.72266250, 0.50137778, 0.04062500, 0.06248889)",None
54,CAND_002782,MEDIUM,train,WEB07476.jpg,helmet,1,0.511719,57.13,322.05,100.27,357.62,0.8245,helmet_train_0.82,PASS,Genuine safety hardhat/firefighter helmet on personnel; tight usable bounding box.,ANTIGRAVITY_VISUAL_QA,2026-09-26T03:00:00+07:00,"(0.09335706, 0.79215618, 0.05117438, 0.08291375)",None
55,CAND_002806,MEDIUM,test,WEB10489.jpg,helmet,1,0.507812,256.69,278.16,296.60,311.41,0.8331,helmet_test_0.83,PASS,Genuine safety hardhat/firefighter helmet on personnel; tight usable bounding box.,ANTIGRAVITY_VISUAL_QA,2026-09-26T03:00:00+07:00,"(0.35742248, 0.54792751, 0.05156331, 0.06180297)",None
56,CAND_002816,MEDIUM,test,WEB10508.jpg,helmet,1,0.505859,702.00,308.50,734.00,337.50,0.9062,helmet_test_0.91,PASS,Genuine safety hardhat/firefighter helmet on personnel; tight usable bounding box.,ANTIGRAVITY_VISUAL_QA,2026-09-26T03:00:00+07:00,"(0.56093750, 0.44861111, 0.02500000, 0.04027778)",None
57,CAND_002822,MEDIUM,train,WEB02902.jpg,helmet,1,0.505859,139.69,104.69,159.38,116.88,0.6191,helmet_train_0.62,PASS,Genuine safety hardhat/firefighter helmet on personnel; tight usable bounding box.,ANTIGRAVITY_VISUAL_QA,2026-09-26T03:00:00+07:00,"(0.37383750, 0.41648496, 0.04922500, 0.04582707)",None
58,CAND_002825,MEDIUM,train,WEB04095.jpg,helmet,1,0.505859,1174.00,132.00,1228.00,172.00,0.7407,helmet_train_0.74,PASS,Genuine safety hardhat/firefighter helmet on personnel; tight usable bounding box.,ANTIGRAVITY_VISUAL_QA,2026-09-26T03:00:00+07:00,"(0.93828125, 0.21111111, 0.04218750, 0.05555556)",None
59,CAND_002829,MEDIUM,train,WEB07494.jpg,helmet,1,0.505859,607.75,244.38,631.12,264.56,0.8635,helmet_train_0.86,PASS,Genuine safety hardhat/firefighter helmet on personnel; tight usable bounding box.,ANTIGRAVITY_VISUAL_QA,2026-09-26T03:00:00+07:00,"(0.91093382, 0.51826884, 0.03436765, 0.04109980)",None
60,CAND_002830,MEDIUM,val,WEB04118.jpg,helmet,1,0.505859,334.50,287.00,379.00,317.00,0.6742,helmet_val_0.67,PASS,Genuine safety hardhat/firefighter helmet on personnel; tight usable bounding box.,ANTIGRAVITY_VISUAL_QA,2026-09-26T03:00:00+07:00,"(0.27871094, 0.41944444, 0.03476563, 0.04166667)",None
61,CAND_002839,MEDIUM,train,WEB05345.jpg,helmet,1,0.503906,125.88,85.62,159.12,112.88,0.8201,helmet_train_0.82,PASS,Genuine safety hardhat/firefighter helmet on personnel; tight usable bounding box.,ANTIGRAVITY_VISUAL_QA,2026-09-26T03:00:00+07:00,"(0.22265625, 0.27569444, 0.05193750, 0.07572222)",None
62,CAND_002840,MEDIUM,train,WEB07180.jpg,helmet,1,0.503906,484.96,34.77,516.40,60.17,0.8079,helmet_train_0.81,REMOVE,False positive helmet detection on civilian baseball cap/hair; no safety hardhat/helmet present.,ANTIGRAVITY_VISUAL_QA,2026-09-26T03:00:00+07:00,"(0.64687339, 0.10502212, 0.04062016, 0.05619469)",None
63,CAND_002850,MEDIUM,train,WEB04070.jpg,helmet,1,0.501953,680.39,129.32,751.91,182.22,0.7397,helmet_train_0.74,PASS,Genuine safety hardhat/firefighter helmet on personnel; tight usable bounding box.,ANTIGRAVITY_VISUAL_QA,2026-09-26T03:00:00+07:00,"(0.57109250, 0.23637329, 0.05703349, 0.08027314)",None
64,CAND_002852,MEDIUM,train,WEB07289.jpg,helmet,1,0.501953,392.50,568.00,430.50,602.00,0.8947,helmet_train_0.89,PASS,Genuine safety hardhat/firefighter helmet on personnel; tight usable bounding box.,ANTIGRAVITY_VISUAL_QA,2026-09-26T03:00:00+07:00,"(0.42864583, 0.45703125, 0.03958333, 0.02656250)",None
65,CAND_002856,MEDIUM,val,WEB04118.jpg,helmet,1,0.500000,412.00,282.00,468.00,324.00,0.7500,helmet_val_0.75,PASS,Genuine safety hardhat/firefighter helmet on personnel; tight usable bounding box.,ANTIGRAVITY_VISUAL_QA,2026-09-26T03:00:00+07:00,"(0.34375000, 0.42083333, 0.04375000, 0.05833333)",None
66,CAND_002866,MEDIUM,train,WEB07305.jpg,helmet,1,0.498047,320.74,400.83,348.41,422.68,0.7897,helmet_train_0.79,PASS,Genuine safety hardhat/firefighter helmet on personnel; tight usable bounding box.,ANTIGRAVITY_VISUAL_QA,2026-09-26T03:00:00+07:00,"(0.35898605, 0.64236349, 0.02968884, 0.03408736)",None
67,CAND_002880,MEDIUM,test,WEB11432.jpg,helmet,1,0.496094,736.28,367.32,751.09,382.12,0.9993,helmet_test_1.00,PASS,Genuine safety hardhat/firefighter helmet on personnel; tight usable bounding box.,ANTIGRAVITY_VISUAL_QA,2026-09-26T03:00:00+07:00,"(0.70625356, 0.43370370, 0.01406458, 0.01712963)",None
68,CAND_002887,MEDIUM,train,WEB08808.jpg,helmet,1,0.496094,739.95,209.93,765.36,232.53,0.8894,helmet_train_0.89,PASS,Genuine safety hardhat/firefighter helmet on personnel; tight usable bounding box.,ANTIGRAVITY_VISUAL_QA,2026-09-26T03:00:00+07:00,"(0.62460996, 0.39086572, 0.02108714, 0.03992933)",None
69,CAND_002910,MEDIUM,train,WEB05073.jpg,helmet,1,0.492188,481.00,85.88,513.00,112.62,0.8356,helmet_train_0.84,PASS,Genuine safety hardhat/firefighter helmet on personnel; tight usable bounding box.,ANTIGRAVITY_VISUAL_QA,2026-09-26T03:00:00+07:00,"(0.77656250, 0.27569444, 0.05000000, 0.07427778)",None
70,CAND_002920,MEDIUM,test,WEB10486.jpg,helmet,1,0.490234,781.41,212.11,845.89,251.14,0.6053,helmet_test_0.61,PASS,Genuine safety hardhat/firefighter helmet on personnel; tight usable bounding box.,ANTIGRAVITY_VISUAL_QA,2026-09-26T03:00:00+07:00,"(0.74921731, 0.35525307, 0.05937385, 0.05986196)",None
71,CAND_002923,MEDIUM,train,WEB06284.jpg,helmet,1,0.490234,258.00,56.24,278.43,68.46,0.5981,helmet_train_0.60,REMOVE,False positive helmet detection on civilian baseball cap/hair; no safety hardhat/helmet present.,ANTIGRAVITY_VISUAL_QA,2026-09-26T03:00:00+07:00,"(0.77969477, 0.24166667, 0.05938953, 0.04736434)",None
72,CAND_002926,MEDIUM,train,WEB08373.jpg,helmet,1,0.490234,501.33,298.12,537.89,326.25,0.7694,helmet_train_0.77,PASS,Genuine safety hardhat/firefighter helmet on personnel; tight usable bounding box.,ANTIGRAVITY_VISUAL_QA,2026-09-26T03:00:00+07:00,"(0.57734444, 0.46249630, 0.04062222, 0.04167407)",None
73,CAND_002935,MEDIUM,test,WEB10944.jpg,helmet,1,0.488281,128.08,302.02,172.36,328.11,0.5892,helmet_test_0.59,PASS,Genuine safety hardhat/firefighter helmet on personnel; tight usable bounding box.,ANTIGRAVITY_VISUAL_QA,2026-09-26T03:00:00+07:00,"(0.14843874, 0.47165419, 0.04375494, 0.03905689)",None
74,CAND_002937,MEDIUM,train,WEB04080.jpg,helmet,1,0.488281,721.89,167.80,789.45,220.68,0.7827,helmet_train_0.78,PASS,Genuine safety hardhat/firefighter helmet on personnel; tight usable bounding box.,ANTIGRAVITY_VISUAL_QA,2026-09-26T03:00:00+07:00,"(0.80390426, 0.30979266, 0.07187234, 0.08433812)",None
75,CAND_002941,MEDIUM,train,WEB09148.jpg,helmet,1,0.488281,517.12,253.75,577.50,304.50,0.8405,helmet_train_0.84,PASS,Genuine safety hardhat/firefighter helmet on personnel; tight usable bounding box.,ANTIGRAVITY_VISUAL_QA,2026-09-26T03:00:00+07:00,"(0.48866964, 0.44305556, 0.05391071, 0.08055556)",None
76,CAND_002950,MEDIUM,test,WEB11375.jpg,helmet,1,0.486328,694.80,73.91,802.23,144.38,0.6560,helmet_test_0.66,PASS,Genuine safety hardhat/firefighter helmet on personnel; tight usable bounding box.,ANTIGRAVITY_VISUAL_QA,2026-09-26T03:00:00+07:00,"(0.68046818, 0.17632472, 0.09766364, 0.11384491)",None
77,CAND_002971,MEDIUM,test,WEB11765.jpg,helmet,1,0.482422,607.50,148.50,692.50,258.00,1.2882,helmet_test_1.29,PASS,Genuine safety hardhat/firefighter helmet on personnel; tight usable bounding box.,ANTIGRAVITY_VISUAL_QA,2026-09-26T03:00:00+07:00,"(0.50781250, 0.28229167, 0.06640625, 0.15208333)",None
78,CAND_002973,MEDIUM,train,WEB04032.jpg,helmet,1,0.482422,671.51,192.42,729.10,235.18,0.7425,helmet_train_0.74,PASS,Genuine safety hardhat/firefighter helmet on personnel; tight usable bounding box.,ANTIGRAVITY_VISUAL_QA,2026-09-26T03:00:00+07:00,"(0.62695166, 0.40569260, 0.05155774, 0.08113852)",None
79,CAND_002986,MEDIUM,train,WEB04069.jpg,helmet,1,0.480469,22.27,92.54,73.06,140.39,0.9421,helmet_train_0.94,PASS,Genuine safety hardhat/firefighter helmet on personnel; tight usable bounding box.,ANTIGRAVITY_VISUAL_QA,2026-09-26T03:00:00+07:00,"(0.07957429, 0.34662202, 0.08479132, 0.14241071)",None
80,CAND_002998,MEDIUM,test,WEB11783.jpg,helmet,1,0.478516,536.00,120.00,566.00,143.00,0.7667,helmet_test_0.77,PASS,Genuine safety hardhat/firefighter helmet on personnel; tight usable bounding box.,ANTIGRAVITY_VISUAL_QA,2026-09-26T03:00:00+07:00,"(0.86093750, 0.36527778, 0.04687500, 0.06388889)",None
81,CAND_003023,MEDIUM,val,WEB07173.jpg,helmet,1,0.476562,516.67,206.95,597.62,277.34,0.8695,helmet_val_0.87,PASS,Genuine safety hardhat/firefighter helmet on personnel; tight usable bounding box.,ANTIGRAVITY_VISUAL_QA,2026-09-26T03:00:00+07:00,"(0.61836293, 0.26905000, 0.08984462, 0.07821111)",None
82,CAND_003039,MEDIUM,train,WEB05510.jpg,helmet,1,0.472656,410.75,183.34,433.52,196.90,0.5955,helmet_train_0.60,PASS,Genuine safety hardhat/firefighter helmet on personnel; tight usable bounding box.,ANTIGRAVITY_VISUAL_QA,2026-09-26T03:00:00+07:00,"(0.68086290, 0.57612121, 0.03672581, 0.04109091)",None
83,CAND_003040,MEDIUM,train,WEB07660.jpg,helmet,1,0.472656,468.56,287.11,500.72,313.91,0.8333,helmet_train_0.83,PASS,Genuine safety hardhat/firefighter helmet on personnel; tight usable bounding box.,ANTIGRAVITY_VISUAL_QA,2026-09-26T03:00:00+07:00,"(0.49453061, 0.54440217, 0.03281633, 0.04855072)",None
84,CAND_003060,MEDIUM,train,WEB04046.jpg,helmet,1,0.468750,376.56,140.43,429.69,176.76,0.6838,helmet_train_0.68,PASS,Genuine safety hardhat/firefighter helmet on personnel; tight usable bounding box.,ANTIGRAVITY_VISUAL_QA,2026-09-26T03:00:00+07:00,"(0.40312500, 0.28169627, 0.05313000, 0.06452931)",None
85,CAND_003061,MEDIUM,train,WEB04317.jpg,helmet,1,0.468750,621.16,244.97,665.84,287.22,0.9456,helmet_train_0.95,PASS,Genuine safety hardhat/firefighter helmet on personnel; tight usable bounding box.,ANTIGRAVITY_VISUAL_QA,2026-09-26T03:00:00+07:00,"(0.61875000, 0.34114744, 0.04296154, 0.05416667)",None
86,CAND_003064,MEDIUM,val,WEB04059.jpg,helmet,1,0.468750,924.93,149.79,1017.04,209.90,0.6526,helmet_val_0.65,PASS,Genuine safety hardhat/firefighter helmet on personnel; tight usable bounding box.,ANTIGRAVITY_VISUAL_QA,2026-09-26T03:00:00+07:00,"(0.78242143, 0.34453065, 0.07422240, 0.11515326)",None
87,CAND_003071,MEDIUM,test,WEB11538.jpg,helmet,1,0.466797,52.14,269.77,78.63,293.50,0.8958,helmet_test_0.90,PASS,Genuine safety hardhat/firefighter helmet on personnel; tight usable bounding box.,ANTIGRAVITY_VISUAL_QA,2026-09-26T03:00:00+07:00,"(0.10329384, 0.80009943, 0.04184834, 0.06741477)",None
88,CAND_003081,MEDIUM,train,WEB08730.jpg,helmet,1,0.466797,349.65,587.14,460.10,729.07,1.2850,helmet_train_1.29,REMOVE,False positive helmet detection on civilian baseball cap/hair; no safety hardhat/helmet present.,ANTIGRAVITY_VISUAL_QA,2026-09-26T03:00:00+07:00,"(0.31630859, 0.44921843, 0.08628906, 0.09688055)",None
89,CAND_003102,MEDIUM,test,WEB11805.jpg,helmet,1,0.462891,578.25,249.75,612.75,276.75,0.7826,helmet_test_0.78,REMOVE,False positive helmet detection on fabric fire-resistant balaclava/hood; no rigid safety helmet.,ANTIGRAVITY_VISUAL_QA,2026-09-26T03:00:00+07:00,"(0.62031250, 0.56010638, 0.03593750, 0.05744681)",None
90,CAND_003118,MEDIUM,train,WEB04000.jpg,helmet,1,0.460938,1057.50,564.38,1136.25,616.88,0.6667,helmet_train_0.67,PASS,Genuine safety hardhat/firefighter helmet on personnel; tight usable bounding box.,ANTIGRAVITY_VISUAL_QA,2026-09-26T03:00:00+07:00,"(0.91406250, 0.65625556, 0.06562500, 0.05833333)",None
91,CAND_003127,MEDIUM,val,WEB07339.jpg,helmet,1,0.460938,520.61,369.52,580.68,418.67,0.8182,helmet_val_0.82,REMOVE,False positive helmet detection on fabric fire-resistant balaclava/hood; no rigid safety helmet.,ANTIGRAVITY_VISUAL_QA,2026-09-26T03:00:00+07:00,"(0.47265665, 0.51247724, 0.05156223, 0.06391417)",None
92,CAND_003139,MEDIUM,val,WEB07339.jpg,helmet,1,0.458984,400.92,312.18,477.38,370.43,0.7618,helmet_val_0.76,REMOVE,False positive helmet detection on fabric fire-resistant balaclava/hood; no rigid safety helmet.,ANTIGRAVITY_VISUAL_QA,2026-09-26T03:00:00+07:00,"(0.37695279, 0.44382965, 0.06563090, 0.07574772)",None
93,CAND_003159,MEDIUM,test,WEB11783.jpg,helmet,1,0.455078,447.00,172.00,465.00,186.00,0.7778,helmet_test_0.78,UNCERTAIN,Heavily blurred distant head in smoke haze (18x14 px); ambiguous whether white safety helmet or civilian cap.,ANTIGRAVITY_VISUAL_QA,2026-09-26T03:00:00+07:00,"(0.71250000, 0.49722222, 0.02812500, 0.03888889)",None
94,CAND_003176,MEDIUM,train,WEB07291.jpg,helmet,1,0.453369,260.00,163.00,314.00,220.50,1.0648,helmet_train_1.06,PASS,Genuine safety hardhat/firefighter helmet on personnel; tight usable bounding box.,ANTIGRAVITY_VISUAL_QA,2026-09-26T03:00:00+07:00,"(0.22421875, 0.26631944, 0.04218750, 0.07986111)",None
95,CAND_003178,MEDIUM,train,WEB07850.jpg,helmet,1,0.453369,93.62,197.00,120.62,221.00,0.8889,helmet_train_0.89,PASS,Genuine safety hardhat/firefighter helmet on personnel; tight usable bounding box.,ANTIGRAVITY_VISUAL_QA,2026-09-26T03:00:00+07:00,"(0.16737500, 0.59375000, 0.04218750, 0.06818182)",None
96,CAND_003202,MEDIUM,train,WEB07344.jpg,helmet,1,0.449463,328.12,418.50,336.00,426.00,0.9518,helmet_train_0.95,PASS,Genuine safety hardhat/firefighter helmet on personnel; tight usable bounding box.,ANTIGRAVITY_VISUAL_QA,2026-09-26T03:00:00+07:00,"(0.77584112, 0.87968750, 0.01841121, 0.01562500)",None
97,CAND_003259,MEDIUM,train,PublicDataset01000.jpg,helmet,1,0.439697,99.37,126.03,116.42,138.17,0.7120,helmet_train_0.71,PASS,Genuine safety hardhat/firefighter helmet on personnel; tight usable bounding box.,ANTIGRAVITY_VISUAL_QA,2026-09-26T03:00:00+07:00,"(0.29160811, 0.64754902, 0.04608108, 0.05950980)",None
98,CAND_003289,MEDIUM,train,WEB08006.jpg,helmet,1,0.435791,0.00,172.03,26.82,223.59,1.9224,helmet_train_1.92,REMOVE,False positive helmet detection on civilian baseball cap/hair; no safety hardhat/helmet present.,ANTIGRAVITY_VISUAL_QA,2026-09-26T03:00:00+07:00,"(0.02235000, 0.58697329, 0.04470000, 0.15299703)",None
99,CAND_003296,MEDIUM,train,WEB03930.jpg,helmet,1,0.434082,220.50,231.50,251.00,256.50,0.8197,helmet_train_0.82,PASS,Genuine safety hardhat/firefighter helmet on personnel; tight usable bounding box.,ANTIGRAVITY_VISUAL_QA,2026-09-26T03:00:00+07:00,"(0.18417969, 0.33888889, 0.02382812, 0.03472222)",None
100,CAND_003310,MEDIUM,train,WEB07261.jpg,helmet,1,0.432129,938.44,380.62,1076.25,450.62,0.5079,helmet_train_0.51,REMOVE,False positive helmet detection on civilian baseball cap/hair; no safety hardhat/helmet present.,ANTIGRAVITY_VISUAL_QA,2026-09-26T03:00:00+07:00,"(0.71953214, 0.52743655, 0.09843571, 0.08883249)",None
101,CAND_003311,MEDIUM,train,WEB07673.jpg,helmet,1,0.432129,682.94,174.95,732.70,234.66,1.2000,helmet_train_1.20,PASS,Genuine safety hardhat/firefighter helmet on personnel; tight usable bounding box.,ANTIGRAVITY_VISUAL_QA,2026-09-26T03:00:00+07:00,"(0.72226531, 0.37102355, 0.05077551, 0.10817029)",None
102,CAND_003318,MEDIUM,train,WEB01047.jpg,helmet,1,0.430176,312.00,199.00,326.00,211.25,0.8750,helmet_train_0.88,PASS,Genuine safety hardhat/firefighter helmet on personnel; tight usable bounding box.,ANTIGRAVITY_VISUAL_QA,2026-09-26T03:00:00+07:00,"(0.49843750, 0.56979167, 0.02187500, 0.03402778)",None
103,CAND_003332,MEDIUM,train,WEB07562.jpg,helmet,1,0.428223,613.81,391.73,638.57,413.57,0.8821,helmet_train_0.88,PASS,Genuine safety hardhat/firefighter helmet on personnel; tight usable bounding box.,ANTIGRAVITY_VISUAL_QA,2026-09-26T03:00:00+07:00,"(0.67187768, 0.66225329, 0.02656652, 0.03592105)",None
104,CAND_003353,MEDIUM,train,WEB09097.jpg,helmet,1,0.426270,125.73,357.83,145.37,376.18,0.9343,helmet_train_0.93,PASS,Genuine safety hardhat/firefighter helmet on personnel; tight usable bounding box.,ANTIGRAVITY_VISUAL_QA,2026-09-26T03:00:00+07:00,"(0.18467302, 0.87174584, 0.02675749, 0.04358670)",None
105,CAND_003364,MEDIUM,test,WEB11255.jpg,helmet,1,0.424316,455.62,481.88,518.44,545.62,1.0146,helmet_test_1.01,PASS,Genuine safety hardhat/firefighter helmet on personnel; tight usable bounding box.,ANTIGRAVITY_VISUAL_QA,2026-09-26T03:00:00+07:00,"(0.72152593, 0.42812500, 0.09306667, 0.05311667)",None
106,CAND_003365,MEDIUM,test,WEB11377.jpg,helmet,1,0.424316,238.78,97.24,275.91,124.66,0.7385,helmet_test_0.74,PASS,Genuine safety hardhat/firefighter helmet on personnel; tight usable bounding box.,ANTIGRAVITY_VISUAL_QA,2026-09-26T03:00:00+07:00,"(0.47656481, 0.27395062, 0.06875926, 0.06770370)",None
107,CAND_003366,MEDIUM,train,PublicDataset00999.jpg,helmet,1,0.424316,332.81,337.73,351.56,357.89,1.0752,helmet_train_1.08,PASS,Genuine safety hardhat/firefighter helmet on personnel; tight usable bounding box.,ANTIGRAVITY_VISUAL_QA,2026-09-26T03:00:00+07:00,"(0.57030833, 0.76107221, 0.03125000, 0.04411379)",None
108,CAND_003373,MEDIUM,train,WEB09098.jpg,helmet,1,0.424316,260.07,60.30,447.83,167.17,0.5692,helmet_train_0.57,PASS,Genuine safety hardhat/firefighter helmet on personnel; tight usable bounding box.,ANTIGRAVITY_VISUAL_QA,2026-09-26T03:00:00+07:00,"(0.28203187, 0.17258725, 0.14960956, 0.16216995)",None
109,CAND_003384,MEDIUM,train,PublicDataset00996.jpg,helmet,1,0.422607,400.38,141.79,428.41,167.02,0.9001,helmet_train_0.90,PASS,Genuine safety hardhat/firefighter helmet on personnel; tight usable bounding box.,ANTIGRAVITY_VISUAL_QA,2026-09-26T03:00:00+07:00,"(0.69296823, 0.38124691, 0.04687291, 0.06229630)",None
110,CAND_003388,MEDIUM,train,WEB07252.jpg,helmet,1,0.422607,371.95,477.66,418.36,525.47,1.0302,helmet_train_1.03,PASS,Genuine safety hardhat/firefighter helmet on personnel; tight usable bounding box.,ANTIGRAVITY_VISUAL_QA,2026-09-26T03:00:00+07:00,"(0.32929583, 0.59077150, 0.03867500, 0.05631331)",None
111,CAND_003391,MEDIUM,train,WEB09035.jpg,helmet,1,0.422607,344.50,209.75,359.50,224.25,0.9667,helmet_train_0.97,PASS,Genuine safety hardhat/firefighter helmet on personnel; tight usable bounding box.,ANTIGRAVITY_VISUAL_QA,2026-09-26T03:00:00+07:00,"(0.55000000, 0.60277778, 0.02343750, 0.04027778)",None
112,CAND_003397,MEDIUM,test,WEB10690.jpg,helmet,1,0.420654,532.00,50.00,638.00,131.00,0.7642,helmet_test_0.76,REMOVE,Oversized false positive detection on non-helmet background structure.,ANTIGRAVITY_VISUAL_QA,2026-09-26T03:00:00+07:00,"(0.91406250, 0.25138889, 0.16562500, 0.22500000)",None
113,CAND_003401,MEDIUM,train,WEB04194.jpg,helmet,1,0.420654,139.05,326.86,164.64,351.97,0.9812,helmet_train_0.98,PASS,Genuine safety hardhat/firefighter helmet on personnel; tight usable bounding box.,ANTIGRAVITY_VISUAL_QA,2026-09-26T03:00:00+07:00,"(0.24570388, 0.82784146, 0.04140777, 0.06124390)",None
114,CAND_003407,MEDIUM,train,WEB09143.jpg,helmet,1,0.420654,160.23,465.94,203.98,496.56,0.6999,helmet_train_0.70,PASS,Genuine safety hardhat/firefighter helmet on personnel; tight usable bounding box.,ANTIGRAVITY_VISUAL_QA,2026-09-26T03:00:00+07:00,"(0.13007500, 0.61149936, 0.03125000, 0.03890724)",None
115,CAND_003416,MEDIUM,train,WEB07855.jpg,helmet,1,0.418701,24.14,173.00,47.25,188.00,0.6491,helmet_train_0.65,PASS,Genuine safety hardhat/firefighter helmet on personnel; tight usable bounding box.,ANTIGRAVITY_VISUAL_QA,2026-09-26T03:00:00+07:00,"(0.05577344, 0.51278409, 0.03610937, 0.04261364)",None
116,CAND_003424,MEDIUM,test,WEB11005.jpg,helmet,1,0.416748,240.00,43.80,314.40,91.20,0.6371,helmet_test_0.64,PASS,Genuine safety hardhat/firefighter helmet on personnel; tight usable bounding box.,ANTIGRAVITY_VISUAL_QA,2026-09-26T03:00:00+07:00,"(0.36093750, 0.11718750, 0.09687500, 0.08229167)",None
117,CAND_003427,MEDIUM,train,WEB03816.jpg,helmet,1,0.416748,609.00,17.50,671.00,76.50,0.9516,helmet_train_0.95,PASS,Genuine safety hardhat/firefighter helmet on personnel; tight usable bounding box.,ANTIGRAVITY_VISUAL_QA,2026-09-26T03:00:00+07:00,"(0.50000000, 0.06527778, 0.04843750, 0.08194444)",None
118,CAND_003428,MEDIUM,train,WEB04080.jpg,helmet,1,0.416748,278.33,126.31,346.62,171.84,0.6667,helmet_train_0.67,PASS,Genuine safety hardhat/firefighter helmet on personnel; tight usable bounding box.,ANTIGRAVITY_VISUAL_QA,2026-09-26T03:00:00+07:00,"(0.33242021, 0.23775917, 0.07264894, 0.07261563)",None
119,CAND_003432,MEDIUM,train,WEB09143.jpg,helmet,1,0.416748,410.43,461.56,456.91,494.38,0.7061,helmet_train_0.71,PASS,Genuine safety hardhat/firefighter helmet on personnel; tight usable bounding box.,ANTIGRAVITY_VISUAL_QA,2026-09-26T03:00:00+07:00,"(0.30976429, 0.60733164, 0.03320000, 0.04170267)",None
120,CAND_003442,MEDIUM,test,WEB11641.jpg,helmet,1,0.414795,488.25,58.62,570.00,114.38,0.6821,helmet_test_0.68,PASS,Genuine safety hardhat/firefighter helmet on personnel; tight usable bounding box.,ANTIGRAVITY_VISUAL_QA,2026-09-26T03:00:00+07:00,"(0.82675781, 0.24027778, 0.12773438, 0.15488889)",None
121,CAND_003445,MEDIUM,train,WEB06789.jpg,helmet,1,0.414795,327.94,310.71,478.99,482.30,1.1360,helmet_train_1.14,REMOVE,False positive detection on large curved motorcycle vehicle structure; no safety helmet.,ANTIGRAVITY_VISUAL_QA,2026-09-26T03:00:00+07:00,"(0.84055208, 0.46757665, 0.31468750, 0.20234670)",None
122,CAND_003456,MEDIUM,test,WEB10621.jpg,helmet,1,0.413086,574.79,273.27,619.60,311.75,0.8587,helmet_test_0.86,PASS,Genuine safety hardhat/firefighter helmet on personnel; tight usable bounding box.,ANTIGRAVITY_VISUAL_QA,2026-09-26T03:00:00+07:00,"(0.47890537, 0.31317987, 0.03593424, 0.04119914)",None
123,CAND_003489,MEDIUM,test,WEB11053.jpg,helmet,1,0.407227,682.80,311.60,710.00,335.60,0.8824,helmet_test_0.88,PASS,Genuine safety hardhat/firefighter helmet on personnel; tight usable bounding box.,ANTIGRAVITY_VISUAL_QA,2026-09-26T03:00:00+07:00,"(0.68007812, 0.42135417, 0.02656250, 0.03125000)",None
124,CAND_003490,MEDIUM,test,WEB11783.jpg,helmet,1,0.407227,352.25,174.25,368.75,187.25,0.7879,helmet_test_0.79,UNCERTAIN,Heavily pixelated head in smoke haze (16x13 px); ambiguous whether safety headgear or bare head/fabric cap.,ANTIGRAVITY_VISUAL_QA,2026-09-26T03:00:00+07:00,"(0.56328125, 0.50208333, 0.02578125, 0.03611111)",None
125,CAND_003493,MEDIUM,train,WEB03810.jpg,helmet,1,0.407227,519.00,95.50,578.00,146.50,0.8644,helmet_train_0.86,PASS,Genuine safety hardhat/firefighter helmet on personnel; tight usable bounding box.,ANTIGRAVITY_VISUAL_QA,2026-09-26T03:00:00+07:00,"(0.42851563, 0.16805556, 0.04609375, 0.07083333)",None
126,CAND_003531,MEDIUM,train,WEB07660.jpg,helmet,1,0.401611,170.54,420.33,216.10,458.61,0.8402,helmet_train_0.84,PASS,Genuine safety hardhat/firefighter helmet on personnel; tight usable bounding box.,ANTIGRAVITY_VISUAL_QA,2026-09-26T03:00:00+07:00,"(0.19726531, 0.79614130, 0.04648980, 0.06934783)",None
127,CAND_001572,MEDIUM,train,WEB07584.jpg,person,0,0.699219,8.66,25.60,547.58,403.42,0.7011,person_train_0.70,REMOVE,False positive person detection on stone sculpture/statue; non-human monument object.,ANTIGRAVITY_VISUAL_QA,2026-09-26T03:00:00+07:00,"(0.42656442, 0.52575980, 0.82656442, 0.92602941)",None
128,CAND_001584,MEDIUM,val,WEB03334.jpg,person,0,0.697754,355.36,472.70,393.00,572.34,2.6472,person_val_2.65,PASS,Visible usable person instance (pedestrian/firefighter/civilian); tight accurate bounding box.,ANTIGRAVITY_VISUAL_QA,2026-09-26T03:00:00+07:00,"(0.26406493, 0.71578082, 0.02656316, 0.13649315)",None
129,CAND_001588,MEDIUM,train,WEB07835.jpg,person,0,0.696777,466.56,240.62,506.56,328.75,2.2032,person_train_2.20,PASS,Visible usable person instance (pedestrian/firefighter/civilian); tight accurate bounding box.,ANTIGRAVITY_VISUAL_QA,2026-09-26T03:00:00+07:00,"(0.60820000, 0.63263333, 0.05000000, 0.19584444)",None
130,CAND_001586,MEDIUM,test,WEB11700.jpg,person,0,0.696777,438.55,428.76,502.18,603.01,2.7385,person_test_2.74,PASS,Visible usable person instance (pedestrian/firefighter/civilian); tight accurate bounding box.,ANTIGRAVITY_VISUAL_QA,2026-09-26T03:00:00+07:00,"(0.37539106, 0.74442280, 0.05078212, 0.25144300)",None
131,CAND_001596,MEDIUM,train,WEB09073.jpg,person,0,0.695801,291.98,295.58,319.32,367.68,2.6372,person_train_2.64,PASS,Visible usable person instance (pedestrian/firefighter/civilian); tight accurate bounding box.,ANTIGRAVITY_VISUAL_QA,2026-09-26T03:00:00+07:00,"(0.39746424, 0.80688564, 0.03555267, 0.17542579)",None
132,CAND_001611,MEDIUM,train,WEB06789.jpg,person,0,0.693359,0.66,374.31,50.35,765.85,7.8797,person_train_7.88,REMOVE,Unusable extreme frame edge truncation (aspect=7.88) showing only marginal body sliver.,ANTIGRAVITY_VISUAL_QA,2026-09-26T03:00:00+07:00,"(0.05313542, 0.67226415, 0.10352083, 0.46172170)",None
133,CAND_001614,MEDIUM,train,WEB08422.jpg,person,0,0.693359,586.00,145.50,640.00,356.00,3.8981,person_train_3.90,PASS,Visible usable person instance (pedestrian/firefighter/civilian); tight accurate bounding box.,ANTIGRAVITY_VISUAL_QA,2026-09-26T03:00:00+07:00,"(0.95781250, 0.69652778, 0.08437500, 0.58472222)",None
134,CAND_001626,MEDIUM,test,WEB10081.jpg,person,0,0.690918,1050.37,574.82,1086.00,651.18,2.1431,person_test_2.14,PASS,Visible usable person instance (pedestrian/firefighter/civilian); tight accurate bounding box.,ANTIGRAVITY_VISUAL_QA,2026-09-26T03:00:00+07:00,"(0.98359576, 0.94018405, 0.03280847, 0.11711656)",None
135,CAND_001667,MEDIUM,train,WEB03946.jpg,person,0,0.687012,531.99,208.36,847.34,440.23,0.7353,person_train_0.74,PASS,Visible usable person instance (pedestrian/firefighter/civilian); tight accurate bounding box.,ANTIGRAVITY_VISUAL_QA,2026-09-26T03:00:00+07:00,"(0.81328420, 0.67561458, 0.37187500, 0.48306250)",None
136,CAND_001681,MEDIUM,train,WEB02150.jpg,person,0,0.685059,267.41,343.41,345.76,608.94,3.3890,person_train_3.39,PASS,Visible usable person instance (pedestrian/firefighter/civilian); tight accurate bounding box.,ANTIGRAVITY_VISUAL_QA,2026-09-26T03:00:00+07:00,"(0.25527477, 0.67734708, 0.06523730, 0.37770982)",None
137,CAND_001682,MEDIUM,train,WEB03193.jpg,person,0,0.685059,61.60,450.69,104.40,573.66,2.8731,person_train_2.87,PASS,Visible usable person instance (pedestrian/firefighter/civilian); tight accurate bounding box.,ANTIGRAVITY_VISUAL_QA,2026-09-26T03:00:00+07:00,"(0.10387985, 0.84378089, 0.05356696, 0.20258649)",None
138,CAND_001702,MEDIUM,train,WEB07973.jpg,person,0,0.682617,225.31,163.59,292.19,293.75,1.9462,person_train_1.95,PASS,Visible usable person instance (pedestrian/firefighter/civilian); tight accurate bounding box.,ANTIGRAVITY_VISUAL_QA,2026-09-26T03:00:00+07:00,"(0.32343750, 0.44230174, 0.08360000, 0.25176015)",None
139,CAND_001706,MEDIUM,val,WEB07857.jpg,person,0,0.682617,602.50,171.50,639.50,251.50,2.1622,person_val_2.16,PASS,Visible usable person instance (pedestrian/firefighter/civilian); tight accurate bounding box.,ANTIGRAVITY_VISUAL_QA,2026-09-26T03:00:00+07:00,"(0.97031250, 0.60085227, 0.05781250, 0.22727273)",None
140,CAND_001724,MEDIUM,test,WEB11538.jpg,person,0,0.679199,495.27,284.85,552.89,351.12,1.1501,person_test_1.15,PASS,Visible usable person instance (pedestrian/firefighter/civilian); tight accurate bounding box.,ANTIGRAVITY_VISUAL_QA,2026-09-26T03:00:00+07:00,"(0.82793049, 0.90336648, 0.09102686, 0.18826705)",None
141,CAND_001731,MEDIUM,train,WEB06798.jpg,person,0,0.678223,410.42,422.68,479.32,681.05,3.7499,person_train_3.75,PASS,Visible usable person instance (pedestrian/firefighter/civilian); tight accurate bounding box.,ANTIGRAVITY_VISUAL_QA,2026-09-26T03:00:00+07:00,"(0.92681250, 0.65078420, 0.14354167, 0.30468160)",None
142,CAND_001730,MEDIUM,train,WEB06286.jpg,person,0,0.678223,98.12,392.00,140.25,468.00,1.8039,person_train_1.80,PASS,Visible usable person instance (pedestrian/firefighter/civilian); tight accurate bounding box.,ANTIGRAVITY_VISUAL_QA,2026-09-26T03:00:00+07:00,"(0.18622656, 0.89583333, 0.06582812, 0.15833333)",None
143,CAND_001733,MEDIUM,train,WEB08196.jpg,person,0,0.678223,943.00,500.00,1051.00,559.00,0.5463,person_train_0.55,REMOVE,Unusable extreme frame edge truncation (aspect=0.55) showing only marginal body sliver.,ANTIGRAVITY_VISUAL_QA,2026-09-26T03:00:00+07:00,"(0.77890625, 0.94553571, 0.08437500, 0.10535714)",None
144,CAND_001752,MEDIUM,train,WEB06781.jpg,person,0,0.675781,444.54,443.21,478.99,618.11,5.0769,person_train_5.08,PASS,Visible usable person instance (pedestrian/firefighter/civilian); tight accurate bounding box.,ANTIGRAVITY_VISUAL_QA,2026-09-26T03:00:00+07:00,"(0.96201042, 0.62577830, 0.07177083, 0.20625000)",None
145,CAND_001749,MEDIUM,train,WEB02258.jpg,person,0,0.675781,168.84,179.56,185.52,239.42,3.5887,person_train_3.59,PASS,Visible usable person instance (pedestrian/firefighter/civilian); tight accurate bounding box.,ANTIGRAVITY_VISUAL_QA,2026-09-26T03:00:00+07:00,"(0.26132743, 0.46347345, 0.02460177, 0.13243363)",None
146,CAND_001762,MEDIUM,train,WEB09035.jpg,person,0,0.674805,338.25,208.00,370.25,297.00,2.7812,person_train_2.78,PASS,Visible usable person instance (pedestrian/firefighter/civilian); tight accurate bounding box.,ANTIGRAVITY_VISUAL_QA,2026-09-26T03:00:00+07:00,"(0.55351562, 0.70138889, 0.05000000, 0.24722222)",None
147,CAND_001772,MEDIUM,train,PublicDataset00904.jpg,person,0,0.673340,262.50,506.50,283.50,550.50,2.0952,person_train_2.10,PASS,Visible usable person instance (pedestrian/firefighter/civilian); tight accurate bounding box.,ANTIGRAVITY_VISUAL_QA,2026-09-26T03:00:00+07:00,"(0.42656250, 0.82578125, 0.03281250, 0.06875000)",None
148,CAND_001783,MEDIUM,test,WEB11237.jpg,person,0,0.670410,1207.00,277.50,1279.00,434.50,2.1806,person_test_2.18,PASS,Visible usable person instance (pedestrian/firefighter/civilian); tight accurate bounding box.,ANTIGRAVITY_VISUAL_QA,2026-09-26T03:00:00+07:00,"(0.97109375, 0.49444444, 0.05625000, 0.21805556)",None
149,CAND_001802,MEDIUM,val,WEB08726.jpg,person,0,0.667969,133.88,272.53,146.81,299.53,2.0882,person_val_2.09,PASS,Visible usable person instance (pedestrian/firefighter/civilian); tight accurate bounding box.,ANTIGRAVITY_VISUAL_QA,2026-09-26T03:00:00+07:00,"(0.70172500, 0.79452778, 0.06465000, 0.07500000)",None
150,CAND_001810,MEDIUM,test,WEB10682.jpg,person,0,0.666504,956.33,333.64,984.00,501.23,6.0567,person_test_6.06,REMOVE,Unusable extreme frame edge truncation (aspect=6.06) showing only marginal body sliver.,ANTIGRAVITY_VISUAL_QA,2026-09-26T03:00:00+07:00,"(0.98594004, 0.75349278, 0.02811992, 0.30250903)",None
151,CAND_001822,MEDIUM,train,WEB03714.jpg,person,0,0.664551,244.55,317.25,307.34,426.97,1.7474,person_train_1.75,PASS,Visible usable person instance (pedestrian/firefighter/civilian); tight accurate bounding box.,ANTIGRAVITY_VISUAL_QA,2026-09-26T03:00:00+07:00,"(0.32617612, 0.86941589, 0.07421986, 0.25635514)",None
152,CAND_001830,MEDIUM,train,WEB08695.jpg,person,0,0.663574,86.62,282.50,113.75,327.50,1.6587,person_train_1.66,PASS,Visible usable person instance (pedestrian/firefighter/civilian); tight accurate bounding box.,ANTIGRAVITY_VISUAL_QA,2026-09-26T03:00:00+07:00,"(0.15653906, 0.86647727, 0.04239062, 0.12784091)",None
153,CAND_001829,MEDIUM,train,WEB07470.jpg,person,0,0.663574,264.75,338.19,384.62,435.00,0.8076,person_train_0.81,PASS,Visible usable person instance (pedestrian/firefighter/civilian); tight accurate bounding box.,ANTIGRAVITY_VISUAL_QA,2026-09-26T03:00:00+07:00,"(0.38515421, 0.88668578, 0.14219454, 0.22204128)",None
154,CAND_001832,MEDIUM,train,AoF02445.jpg,person,0,0.662598,465.00,2.25,617.00,271.75,1.7730,person_train_1.77,PASS,Visible usable person instance (pedestrian/firefighter/civilian); tight accurate bounding box.,ANTIGRAVITY_VISUAL_QA,2026-09-26T03:00:00+07:00,"(0.42265625, 0.19027778, 0.11875000, 0.37430556)",None
155,CAND_001835,MEDIUM,val,WEB03041.jpg,person,0,0.662598,293.00,157.50,569.00,357.50,0.7246,person_val_0.72,PASS,Visible usable person instance (pedestrian/firefighter/civilian); tight accurate bounding box.,ANTIGRAVITY_VISUAL_QA,2026-09-26T03:00:00+07:00,"(0.67343750, 0.71527778, 0.43125000, 0.55555556)",None
156,CAND_001841,MEDIUM,train,WEB04949.jpg,person,0,0.662109,445.00,77.50,594.00,336.50,1.7383,person_train_1.74,PASS,Visible usable person instance (pedestrian/firefighter/civilian); tight accurate bounding box.,ANTIGRAVITY_VISUAL_QA,2026-09-26T03:00:00+07:00,"(0.81171875, 0.57500000, 0.23281250, 0.71944444)",None
157,CAND_001868,MEDIUM,train,WEB06264.jpg,person,0,0.658203,647.66,406.25,724.22,562.50,2.0409,person_train_2.04,PASS,Visible usable person instance (pedestrian/firefighter/civilian); tight accurate bounding box.,ANTIGRAVITY_VISUAL_QA,2026-09-26T03:00:00+07:00,"(0.68594000, 0.86034636, 0.07656000, 0.27753108)",None
158,CAND_001865,MEDIUM,train,WEB03714.jpg,person,0,0.658203,475.88,390.61,508.92,427.63,1.1205,person_train_1.12,PASS,Visible usable person instance (pedestrian/firefighter/civilian); tight accurate bounding box.,ANTIGRAVITY_VISUAL_QA,2026-09-26T03:00:00+07:00,"(0.58203310, 0.95588785, 0.03905437, 0.08649533)",None
159,CAND_001873,MEDIUM,train,WEB07470.jpg,person,0,0.656738,382.64,350.37,417.55,435.99,2.4526,person_train_2.45,PASS,Visible usable person instance (pedestrian/firefighter/civilian); tight accurate bounding box.,ANTIGRAVITY_VISUAL_QA,2026-09-26T03:00:00+07:00,"(0.47460854, 0.90178899, 0.04141163, 0.19637615)",None
160,CAND_001882,MEDIUM,train,WEB07322.jpg,person,0,0.655762,1.81,640.36,101.59,1101.14,4.6180,person_train_4.62,PASS,Visible usable person instance (pedestrian/firefighter/civilian); tight accurate bounding box.,ANTIGRAVITY_VISUAL_QA,2026-09-26T03:00:00+07:00,"(0.07917305, 0.75000000, 0.15280245, 0.39688200)",None
161,CAND_001889,MEDIUM,train,WEB08312.jpg,person,0,0.654785,292.00,184.50,314.00,288.50,4.7273,person_train_4.73,PASS,Visible usable person instance (pedestrian/firefighter/civilian); tight accurate bounding box.,ANTIGRAVITY_VISUAL_QA,2026-09-26T03:00:00+07:00,"(0.47343750, 0.65694444, 0.03437500, 0.28888889)",None
162,CAND_001899,MEDIUM,val,WEB06223.jpg,person,0,0.653809,152.79,506.10,174.82,542.00,1.6296,person_val_1.63,PASS,Visible usable person instance (pedestrian/firefighter/civilian); tight accurate bounding box.,ANTIGRAVITY_VISUAL_QA,2026-09-26T03:00:00+07:00,"(0.22656293, 0.96688192, 0.03047026, 0.06623616)",None
163,CAND_001913,MEDIUM,train,WEB05136.jpg,person,0,0.651367,234.00,186.25,275.00,285.25,2.4146,person_train_2.41,PASS,Visible usable person instance (pedestrian/firefighter/civilian); tight accurate bounding box.,ANTIGRAVITY_VISUAL_QA,2026-09-26T03:00:00+07:00,"(0.39765625, 0.65486111, 0.06406250, 0.27500000)",None
164,CAND_001927,MEDIUM,train,WEB09213.jpg,person,0,0.649414,668.39,504.00,705.80,607.36,2.7629,person_train_2.76,PASS,Visible usable person instance (pedestrian/firefighter/civilian); tight accurate bounding box.,ANTIGRAVITY_VISUAL_QA,2026-09-26T03:00:00+07:00,"(0.54531349, 0.82201183, 0.02969048, 0.15289941)",None
165,CAND_001942,MEDIUM,test,WEB11237.jpg,person,0,0.646973,514.50,233.00,555.50,343.00,2.6829,person_test_2.68,PASS,Visible usable person instance (pedestrian/firefighter/civilian); tight accurate bounding box.,ANTIGRAVITY_VISUAL_QA,2026-09-26T03:00:00+07:00,"(0.41796875, 0.40000000, 0.03203125, 0.15277778)",None
166,CAND_001968,MEDIUM,train,WEB08197.jpg,person,0,0.644043,833.60,472.80,868.80,575.20,2.9091,person_train_2.91,PASS,Visible usable person instance (pedestrian/firefighter/civilian); tight accurate bounding box.,ANTIGRAVITY_VISUAL_QA,2026-09-26T03:00:00+07:00,"(0.83125000, 0.90972222, 0.03437500, 0.17777778)",None
167,CAND_001969,MEDIUM,train,WEB08897.jpg,person,0,0.644043,373.50,307.50,397.00,359.50,2.2128,person_train_2.21,PASS,Visible usable person instance (pedestrian/firefighter/civilian); tight accurate bounding box.,ANTIGRAVITY_VISUAL_QA,2026-09-26T03:00:00+07:00,"(0.60195312, 0.92638889, 0.03671875, 0.14444444)",None
168,CAND_001987,MEDIUM,train,WEB08713.jpg,person,0,0.641602,368.18,310.30,429.30,358.99,0.7966,person_train_0.80,PASS,Visible usable person instance (pedestrian/firefighter/civilian); tight accurate bounding box.,ANTIGRAVITY_VISUAL_QA,2026-09-26T03:00:00+07:00,"(0.62694969, 0.92956944, 0.09610063, 0.13525000)",None
169,CAND_002036,MEDIUM,train,AoF02413.jpg,person,0,0.633301,460.50,2.50,616.50,260.00,1.6506,person_train_1.65,PASS,Visible usable person instance (pedestrian/firefighter/civilian); tight accurate bounding box.,ANTIGRAVITY_VISUAL_QA,2026-09-26T03:00:00+07:00,"(0.42070313, 0.18229167, 0.12187500, 0.35763889)",None
170,CAND_002042,MEDIUM,train,WEB07208.jpg,person,0,0.633301,570.50,322.00,630.50,358.00,0.6000,person_train_0.60,PASS,Visible usable person instance (pedestrian/firefighter/civilian); tight accurate bounding box.,ANTIGRAVITY_VISUAL_QA,2026-09-26T03:00:00+07:00,"(0.93828125, 0.94444444, 0.09375000, 0.10000000)",None
171,CAND_002044,MEDIUM,test,WEB11113.jpg,person,0,0.632324,89.12,276.50,129.75,412.00,3.3350,person_test_3.33,PASS,Visible usable person instance (pedestrian/firefighter/civilian); tight accurate bounding box.,ANTIGRAVITY_VISUAL_QA,2026-09-26T03:00:00+07:00,"(0.17099219, 0.71718750, 0.06348437, 0.28229167)",None
172,CAND_002054,MEDIUM,train,WEB05408.jpg,person,0,0.631836,448.59,121.52,490.78,231.09,2.5971,person_train_2.60,PASS,Visible usable person instance (pedestrian/firefighter/civilian); tight accurate bounding box.,ANTIGRAVITY_VISUAL_QA,2026-09-26T03:00:00+07:00,"(0.78280833, 0.39178889, 0.07031667, 0.24348889)",None
173,CAND_002058,MEDIUM,val,WEB07295.jpg,person,0,0.631836,385.08,151.12,421.41,208.28,1.5734,person_val_1.57,REMOVE,False positive person detection on flame region (IoU=0.74 with GT fire).,ANTIGRAVITY_VISUAL_QA,2026-09-26T03:00:00+07:00,"(0.65039516, 0.51489971, 0.05859677, 0.16378223)",None
174,CAND_002052,MEDIUM,test,WEB11558.jpg,person,0,0.631836,550.00,119.50,607.00,188.50,1.2105,person_test_1.21,PASS,Visible usable person instance (pedestrian/firefighter/civilian); tight accurate bounding box.,ANTIGRAVITY_VISUAL_QA,2026-09-26T03:00:00+07:00,"(0.90390625, 0.42777778, 0.08906250, 0.19166667)",None
175,CAND_002083,MEDIUM,val,WEB07957.jpg,person,0,0.627930,366.04,618.39,390.22,687.73,2.8677,person_val_2.87,PASS,Visible usable person instance (pedestrian/firefighter/civilian); tight accurate bounding box.,ANTIGRAVITY_VISUAL_QA,2026-09-26T03:00:00+07:00,"(0.48854005, 0.63281008, 0.03124031, 0.06718992)",None
176,CAND_002091,MEDIUM,train,WEB07602.jpg,person,0,0.625977,579.90,318.50,638.00,357.56,0.6723,person_train_0.67,PASS,Visible usable person instance (pedestrian/firefighter/civilian); tight accurate bounding box.,ANTIGRAVITY_VISUAL_QA,2026-09-26T03:00:00+07:00,"(0.95000000, 0.94421788, 0.09063963, 0.10910615)",None
177,CAND_002099,MEDIUM,train,WEB07226.jpg,person,0,0.624512,0.11,480.15,36.22,575.55,2.6419,person_train_2.64,PASS,Visible usable person instance (pedestrian/firefighter/civilian); tight accurate bounding box.,ANTIGRAVITY_VISUAL_QA,2026-09-26T03:00:00+07:00,"(0.03153646, 0.91640625, 0.06269097, 0.16562500)",None
178,CAND_002097,MEDIUM,train,WEB03714.jpg,person,0,0.624512,768.01,356.25,802.38,428.00,2.0876,person_train_2.09,PASS,Visible usable person instance (pedestrian/firefighter/civilian); tight accurate bounding box.,ANTIGRAVITY_VISUAL_QA,2026-09-26T03:00:00+07:00,"(0.92812648, 0.91617991, 0.04062648, 0.16764019)",None
179,CAND_002116,MEDIUM,train,WEB09384.jpg,person,0,0.622559,285.00,213.50,317.00,301.50,2.7500,person_train_2.75,PASS,Visible usable person instance (pedestrian/firefighter/civilian); tight accurate bounding box.,ANTIGRAVITY_VISUAL_QA,2026-09-26T03:00:00+07:00,"(0.47031250, 0.73153409, 0.05000000, 0.25000000)",None
180,CAND_002131,MEDIUM,test,WEB11729.jpg,person,0,0.619629,1.20,679.59,54.96,998.92,5.9399,person_test_5.94,REMOVE,Unusable extreme frame edge truncation (aspect=5.94) showing only marginal body sliver.,ANTIGRAVITY_VISUAL_QA,2026-09-26T03:00:00+07:00,"(0.04900524, 0.81719085, 0.09382199, 0.31093476)",None
181,CAND_002143,MEDIUM,val,WEB07664.jpg,person,0,0.618652,693.66,374.39,718.16,429.52,2.2502,person_val_2.25,PASS,Visible usable person instance (pedestrian/firefighter/civilian); tight accurate bounding box.,ANTIGRAVITY_VISUAL_QA,2026-09-26T03:00:00+07:00,"(0.72031633, 0.72817935, 0.02500000, 0.09987319)",None
182,CAND_002148,MEDIUM,val,WEB03818.jpg,person,0,0.617676,732.50,595.00,959.50,717.00,0.5374,person_val_0.54,PASS,Visible usable person instance (pedestrian/firefighter/civilian); tight accurate bounding box.,ANTIGRAVITY_VISUAL_QA,2026-09-26T03:00:00+07:00,"(0.66093750, 0.91111111, 0.17734375, 0.16944444)",None
183,CAND_002177,MEDIUM,train,WEB03998.jpg,person,0,0.611328,451.16,281.23,713.51,475.34,0.7399,person_train_0.74,PASS,Visible usable person instance (pedestrian/firefighter/civilian); tight accurate bounding box.,ANTIGRAVITY_VISUAL_QA,2026-09-26T03:00:00+07:00,"(0.68671580, 0.78809375, 0.30937500, 0.40439583)",None
184,CAND_002187,MEDIUM,train,WEB07202.jpg,person,0,0.610352,637.00,268.00,675.00,374.00,2.7895,person_train_2.79,PASS,Visible usable person instance (pedestrian/firefighter/civilian); tight accurate bounding box.,ANTIGRAVITY_VISUAL_QA,2026-09-26T03:00:00+07:00,"(0.51250000, 0.44583333, 0.02968750, 0.14722222)",None
185,CAND_002192,MEDIUM,train,WEB07213.jpg,person,0,0.609375,449.00,264.00,486.00,362.00,2.6486,person_train_2.65,PASS,Visible usable person instance (pedestrian/firefighter/civilian); tight accurate bounding box.,ANTIGRAVITY_VISUAL_QA,2026-09-26T03:00:00+07:00,"(0.36523438, 0.43472222, 0.02890625, 0.13611111)",None
186,CAND_002200,MEDIUM,train,WEB09759.jpg,person,0,0.608398,88.38,222.50,105.62,272.50,2.9002,person_train_2.90,PASS,Visible usable person instance (pedestrian/firefighter/civilian); tight accurate bounding box.,ANTIGRAVITY_VISUAL_QA,2026-09-26T03:00:00+07:00,"(0.15156250, 0.68750000, 0.02693750, 0.13888889)",None
187,CAND_002229,MEDIUM,train,WEB09883.jpg,person,0,0.603027,429.00,187.75,454.00,264.25,3.0600,person_train_3.06,PASS,Visible usable person instance (pedestrian/firefighter/civilian); tight accurate bounding box.,ANTIGRAVITY_VISUAL_QA,2026-09-26T03:00:00+07:00,"(0.68984375, 0.62777778, 0.03906250, 0.21250000)",None
188,CAND_002231,MEDIUM,train,WEB04342.jpg,person,0,0.602051,489.39,454.72,520.84,540.19,2.7176,person_train_2.72,PASS,Visible usable person instance (pedestrian/firefighter/civilian); tight accurate bounding box.,ANTIGRAVITY_VISUAL_QA,2026-09-26T03:00:00+07:00,"(0.48945252, 0.64270672, 0.03047481, 0.11042636)",None
189,CAND_002244,MEDIUM,val,WEB03827.jpg,person,0,0.599121,0.25,478.00,66.19,718.00,3.6397,person_val_3.64,PASS,Visible usable person instance (pedestrian/firefighter/civilian); tight accurate bounding box.,ANTIGRAVITY_VISUAL_QA,2026-09-26T03:00:00+07:00,"(0.02595313, 0.83055556, 0.05151562, 0.33333333)",None
190,CAND_002249,MEDIUM,train,WEB02610.jpg,person,0,0.598145,20.56,355.30,139.93,380.85,0.2140,person_train_0.21,REMOVE,Unusable extreme frame edge truncation (aspect=0.21) showing only marginal body sliver.,ANTIGRAVITY_VISUAL_QA,2026-09-26T03:00:00+07:00,"(0.15703523, 0.96607612, 0.23360078, 0.06706037)",None
191,CAND_002271,MEDIUM,train,WEB04810.jpg,person,0,0.594727,598.56,278.69,642.79,395.36,2.6378,person_train_2.64,PASS,Visible usable person instance (pedestrian/firefighter/civilian); tight accurate bounding box.,ANTIGRAVITY_VISUAL_QA,2026-09-26T03:00:00+07:00,"(0.63593750, 0.61388889, 0.04531762, 0.21251366)",None
192,CAND_002268,MEDIUM,test,WEB10223.jpg,person,0,0.594727,251.07,501.73,278.56,554.29,1.9120,person_test_1.91,PASS,Visible usable person instance (pedestrian/firefighter/civilian); tight accurate bounding box.,ANTIGRAVITY_VISUAL_QA,2026-09-26T03:00:00+07:00,"(0.25585990, 0.76969388, 0.02656039, 0.07661808)",None
193,CAND_002281,MEDIUM,train,WEB03948.jpg,person,0,0.592773,934.00,239.00,1020.00,437.00,2.3023,person_train_2.30,PASS,Visible usable person instance (pedestrian/firefighter/civilian); tight accurate bounding box.,ANTIGRAVITY_VISUAL_QA,2026-09-26T03:00:00+07:00,"(0.76328125, 0.46944444, 0.06718750, 0.27500000)",None
194,CAND_002296,MEDIUM,train,WEB06481.jpg,person,0,0.590820,494.06,143.75,514.69,193.75,2.4237,person_train_2.42,PASS,Visible usable person instance (pedestrian/firefighter/civilian); tight accurate bounding box.,ANTIGRAVITY_VISUAL_QA,2026-09-26T03:00:00+07:00,"(0.63046875, 0.37667411, 0.02578750, 0.11160714)",None
195,CAND_002294,MEDIUM,train,WEB02755.jpg,person,0,0.590820,367.90,653.58,401.12,691.78,1.1499,person_train_1.15,PASS,Visible usable person instance (pedestrian/firefighter/civilian); tight accurate bounding box.,ANTIGRAVITY_VISUAL_QA,2026-09-26T03:00:00+07:00,"(0.36172154, 0.97208092, 0.03125118, 0.05520231)",None
196,CAND_002299,MEDIUM,train,WEB02755.jpg,person,0,0.588867,650.26,651.09,681.81,692.00,1.2967,person_train_1.30,PASS,Visible usable person instance (pedestrian/firefighter/civilian); tight accurate bounding box.,ANTIGRAVITY_VISUAL_QA,2026-09-26T03:00:00+07:00,"(0.62656162, 0.97044075, 0.02968015, 0.05911850)",None
197,CAND_002305,MEDIUM,train,WEB04812.jpg,person,0,0.587891,548.89,366.58,607.95,486.28,2.0268,person_train_2.03,PASS,Visible usable person instance (pedestrian/firefighter/civilian); tight accurate bounding box.,ANTIGRAVITY_VISUAL_QA,2026-09-26T03:00:00+07:00,"(0.57382937, 0.63551416, 0.05859127, 0.17839046)",None
198,CAND_002325,MEDIUM,val,WEB06078.jpg,person,0,0.585938,0.73,267.68,297.79,447.60,0.6057,person_val_0.61,REMOVE,False positive person detection on volcano eruption smoke plume; landscape scene.,ANTIGRAVITY_VISUAL_QA,2026-09-26T03:00:00+07:00,"(0.49753333, 0.76093617, 0.99020000, 0.38280851)",None
199,CAND_002326,MEDIUM,val,WEB07957.jpg,person,0,0.585938,307.58,717.56,331.77,806.25,3.6664,person_val_3.67,PASS,Visible usable person instance (pedestrian/firefighter/civilian); tight accurate bounding box.,ANTIGRAVITY_VISUAL_QA,2026-09-26T03:00:00+07:00,"(0.41301680, 0.73828004, 0.03125323, 0.08593992)",None
200,CAND_002348,MEDIUM,test,WEB11553.jpg,person,0,0.581543,569.00,335.50,596.00,359.50,0.8889,person_test_0.89,PASS,Visible usable person instance (pedestrian/firefighter/civilian); tight accurate bounding box.,ANTIGRAVITY_VISUAL_QA,2026-09-26T03:00:00+07:00,"(0.91015625, 0.96527778, 0.04218750, 0.06666667)",None
201,CAND_002362,MEDIUM,train,WEB07444.jpg,person,0,0.579590,196.69,3.30,804.37,291.18,0.4737,person_train_0.47,REMOVE,False positive person detection on dark billowing smoke plume on boat (IoU=0.94 with GT smoke).,ANTIGRAVITY_VISUAL_QA,2026-09-26T03:00:00+07:00,"(0.62177640, 0.38046512, 0.75488199, 0.74387597)",None
202,CAND_002398,MEDIUM,train,WEB06619.jpg,person,0,0.573730,382.00,321.50,396.00,352.00,2.1786,person_train_2.18,PASS,Visible usable person instance (pedestrian/firefighter/civilian); tight accurate bounding box.,ANTIGRAVITY_VISUAL_QA,2026-09-26T03:00:00+07:00,"(0.60781250, 0.95667614, 0.02187500, 0.08664773)",None
203,CAND_002409,MEDIUM,train,WEB08808.jpg,person,0,0.572754,633.10,229.23,670.75,345.03,3.0757,person_train_3.08,PASS,Visible usable person instance (pedestrian/firefighter/civilian); tight accurate bounding box.,ANTIGRAVITY_VISUAL_QA,2026-09-26T03:00:00+07:00,"(0.54101660, 0.50729682, 0.03124481, 0.20459364)",None
204,CAND_002417,MEDIUM,train,WEB07972.jpg,person,0,0.571777,486.60,385.83,592.18,458.77,0.6909,person_train_0.69,PASS,Visible usable person instance (pedestrian/firefighter/civilian); tight accurate bounding box.,ANTIGRAVITY_VISUAL_QA,2026-09-26T03:00:00+07:00,"(0.65859585, 0.91605206, 0.12891331, 0.15822126)",None
205,CAND_002423,MEDIUM,train,WEB05428.jpg,person,0,0.570801,86.06,175.78,108.00,225.28,2.2562,person_train_2.26,PASS,Visible usable person instance (pedestrian/firefighter/civilian); tight accurate bounding box.,ANTIGRAVITY_VISUAL_QA,2026-09-26T03:00:00+07:00,"(0.49005051, 0.55702778, 0.11080808, 0.13750000)",None
206,CAND_002445,MEDIUM,train,WEB07657.jpg,person,0,0.566895,284.81,185.28,974.64,543.59,0.5194,person_train_0.52,REMOVE,Misaligned hybrid box covering mountain smoke and cutting off person head/body.,ANTIGRAVITY_VISUAL_QA,2026-09-26T03:00:00+07:00,"(0.64257653, 0.66020833, 0.70390816, 0.64911232)",None
207,CAND_002462,MEDIUM,train,WEB05464.jpg,person,0,0.564941,201.29,2.62,343.73,151.58,1.0458,person_train_1.05,PASS,Visible usable person instance (pedestrian/firefighter/civilian); tight accurate bounding box.,ANTIGRAVITY_VISUAL_QA,2026-09-26T03:00:00+07:00,"(0.79218023, 0.49741935, 0.41406977, 0.96103226)",None
208,CAND_002465,MEDIUM,train,WEB08450.jpg,person,0,0.564941,508.50,127.00,537.50,247.00,4.1379,person_train_4.14,PASS,Visible usable person instance (pedestrian/firefighter/civilian); tight accurate bounding box.,ANTIGRAVITY_VISUAL_QA,2026-09-26T03:00:00+07:00,"(0.81718750, 0.51944444, 0.04531250, 0.33333333)",None
209,CAND_002473,MEDIUM,train,WEB08058.jpg,person,0,0.563965,480.00,360.00,509.60,427.20,2.2703,person_train_2.27,PASS,Visible usable person instance (pedestrian/firefighter/civilian); tight accurate bounding box.,ANTIGRAVITY_VISUAL_QA,2026-09-26T03:00:00+07:00,"(0.48320313, 0.57712610, 0.02890625, 0.09853372)",None
210,CAND_002495,MEDIUM,val,WEB03939.jpg,person,0,0.558105,406.00,250.00,455.00,375.00,2.5510,person_val_2.55,PASS,Visible usable person instance (pedestrian/firefighter/civilian); tight accurate bounding box.,ANTIGRAVITY_VISUAL_QA,2026-09-26T03:00:00+07:00,"(0.33632812, 0.43402778, 0.03828125, 0.17361111)",None
211,CAND_002497,MEDIUM,train,AoF02461.jpg,person,0,0.557129,477.00,3.00,618.00,285.00,2.0000,person_train_2.00,PASS,Visible usable person instance (pedestrian/firefighter/civilian); tight accurate bounding box.,ANTIGRAVITY_VISUAL_QA,2026-09-26T03:00:00+07:00,"(0.42773438, 0.20000000, 0.11015625, 0.39166667)",None
212,CAND_002513,MEDIUM,test,WEB11452.jpg,person,0,0.554688,716.49,452.74,742.00,543.17,3.5449,person_test_3.54,PASS,Visible usable person instance (pedestrian/firefighter/civilian); tight accurate bounding box.,ANTIGRAVITY_VISUAL_QA,2026-09-26T03:00:00+07:00,"(0.98280997, 0.90046112, 0.03438005, 0.16352622)",None
213,CAND_002512,MEDIUM,test,WEB09849.jpg,person,0,0.554688,162.38,199.00,213.62,292.00,1.8150,person_test_1.81,PASS,Visible usable person instance (pedestrian/firefighter/civilian); tight accurate bounding box.,ANTIGRAVITY_VISUAL_QA,2026-09-26T03:00:00+07:00,"(0.29375000, 0.68194444, 0.08006250, 0.25833333)",None
214,CAND_002520,MEDIUM,train,WEB07191.jpg,person,0,0.553711,629.00,284.50,664.00,372.50,2.5143,person_train_2.51,PASS,Visible usable person instance (pedestrian/firefighter/civilian); tight accurate bounding box.,ANTIGRAVITY_VISUAL_QA,2026-09-26T03:00:00+07:00,"(0.50507813, 0.45625000, 0.02734375, 0.12222222)",None
215,CAND_002530,MEDIUM,val,WEB07459.jpg,person,0,0.553711,732.52,319.28,846.34,428.46,0.9592,person_val_0.96,PASS,Visible usable person instance (pedestrian/firefighter/civilian); tight accurate bounding box.,ANTIGRAVITY_VISUAL_QA,2026-09-26T03:00:00+07:00,"(0.93203070, 0.86744780, 0.13438017, 0.25331787)",None
216,CAND_002541,MEDIUM,train,WEB09356.jpg,person,0,0.551758,134.12,684.50,193.62,719.50,0.5882,person_train_0.59,REMOVE,Unusable extreme frame edge truncation (aspect=0.59) showing only marginal body sliver.,ANTIGRAVITY_VISUAL_QA,2026-09-26T03:00:00+07:00,"(0.12802344, 0.97500000, 0.04648438, 0.04861111)",None
217,CAND_002549,MEDIUM,val,WEB03130.jpg,person,0,0.550781,21.75,62.75,177.00,186.75,0.7987,person_val_0.80,PASS,Visible usable person instance (pedestrian/firefighter/civilian); tight accurate bounding box.,ANTIGRAVITY_VISUAL_QA,2026-09-26T03:00:00+07:00,"(0.15527344, 0.34652778, 0.24257813, 0.34444444)",None
218,CAND_002553,MEDIUM,train,WEB05072.jpg,person,0,0.549805,566.00,114.75,640.00,224.75,1.4865,person_train_1.49,PASS,Visible usable person instance (pedestrian/firefighter/civilian); tight accurate bounding box.,ANTIGRAVITY_VISUAL_QA,2026-09-26T03:00:00+07:00,"(0.94218750, 0.47152778, 0.11562500, 0.30555556)",None
219,CAND_002555,MEDIUM,train,WEB05411.jpg,person,0,0.549805,22.72,230.00,37.28,269.50,2.7129,person_train_2.71,PASS,Visible usable person instance (pedestrian/firefighter/civilian); tight accurate bounding box.,ANTIGRAVITY_VISUAL_QA,2026-09-26T03:00:00+07:00,"(0.04687500, 0.69375000, 0.02275000, 0.10972222)",None
220,CAND_002573,MEDIUM,test,WEB10213.jpg,person,0,0.544922,722.27,282.20,768.07,372.18,1.9646,person_test_1.96,PASS,Visible usable person instance (pedestrian/firefighter/civilian); tight accurate bounding box.,ANTIGRAVITY_VISUAL_QA,2026-09-26T03:00:00+07:00,"(0.71171920, 0.46278642, 0.04374403, 0.12727016)",None
221,CAND_002579,MEDIUM,train,WEB07322.jpg,person,0,0.543945,35.83,676.65,135.60,1161.00,4.8547,person_train_4.85,PASS,Visible usable person instance (pedestrian/firefighter/civilian); tight accurate bounding box.,ANTIGRAVITY_VISUAL_QA,2026-09-26T03:00:00+07:00,"(0.13126340, 0.79140827, 0.15278714, 0.41718346)",None
222,CAND_002577,MEDIUM,test,WEB11556.jpg,person,0,0.543945,95.50,156.00,119.50,187.00,1.2917,person_test_1.29,PASS,Visible usable person instance (pedestrian/firefighter/civilian); tight accurate bounding box.,ANTIGRAVITY_VISUAL_QA,2026-09-26T03:00:00+07:00,"(0.16796875, 0.47638889, 0.03750000, 0.08611111)",None
223,CAND_002584,MEDIUM,train,WEB06500.jpg,person,0,0.541992,480.31,181.56,498.44,219.69,2.1031,person_train_2.10,PASS,Visible usable person instance (pedestrian/firefighter/civilian); tight accurate bounding box.,ANTIGRAVITY_VISUAL_QA,2026-09-26T03:00:00+07:00,"(0.61171875, 0.44983184, 0.02266250, 0.08549327)",None
224,CAND_002582,MEDIUM,train,WEB04774.jpg,person,0,0.541992,1.25,4.00,437.75,234.00,0.5269,person_train_0.53,REMOVE,Unusable extreme frame edge truncation (aspect=0.53) showing only marginal body sliver.,ANTIGRAVITY_VISUAL_QA,2026-09-26T03:00:00+07:00,"(0.34296875, 0.33806818, 0.68203125, 0.65340909)",None
225,CAND_002596,MEDIUM,train,WEB03878.jpg,person,0,0.540039,435.50,257.00,486.50,348.00,1.7843,person_train_1.78,PASS,Visible usable person instance (pedestrian/firefighter/civilian); tight accurate bounding box.,ANTIGRAVITY_VISUAL_QA,2026-09-26T03:00:00+07:00,"(0.72031250, 0.84027778, 0.07968750, 0.25277778)",None
226,CAND_002603,MEDIUM,train,WEB09080.jpg,person,0,0.539062,1555.00,695.00,1600.00,1115.00,9.3333,person_train_9.33,REMOVE,Unusable extreme frame edge truncation (aspect=9.33) showing only marginal body sliver.,ANTIGRAVITY_VISUAL_QA,2026-09-26T03:00:00+07:00,"(0.98593750, 0.75416667, 0.02812500, 0.35000000)",None
227,CAND_002611,MEDIUM,train,WEB08901.jpg,person,0,0.538086,219.00,309.50,287.50,359.50,0.7299,person_train_0.73,PASS,Visible usable person instance (pedestrian/firefighter/civilian); tight accurate bounding box.,ANTIGRAVITY_VISUAL_QA,2026-09-26T03:00:00+07:00,"(0.39570312, 0.92916667, 0.10703125, 0.13888889)",None
228,CAND_002606,MEDIUM,test,WEB10047.jpg,person,0,0.538086,125.08,502.66,144.86,601.59,5.0015,person_test_5.00,PASS,Visible usable person instance (pedestrian/firefighter/civilian); tight accurate bounding box.,ANTIGRAVITY_VISUAL_QA,2026-09-26T03:00:00+07:00,"(0.29151188, 0.91563018, 0.04272138, 0.16406302)",None
229,CAND_002621,MEDIUM,train,WEB08709.jpg,person,0,0.536133,456.13,241.73,475.01,300.86,3.1319,person_train_3.13,PASS,Visible usable person instance (pedestrian/firefighter/civilian); tight accurate bounding box.,ANTIGRAVITY_VISUAL_QA,2026-09-26T03:00:00+07:00,"(0.73202830, 0.75359722, 0.02968553, 0.16425000)",None
230,CAND_002617,MEDIUM,test,WEB09528.jpg,person,0,0.536133,89.62,329.00,132.25,359.00,0.7037,person_test_0.70,PASS,Visible usable person instance (pedestrian/firefighter/civilian); tight accurate bounding box.,ANTIGRAVITY_VISUAL_QA,2026-09-26T03:00:00+07:00,"(0.17333594, 0.95555556, 0.06660937, 0.08333333)",None
231,CAND_002633,MEDIUM,train,WEB08552.jpg,person,0,0.534180,160.48,436.65,230.82,544.28,1.5301,person_train_1.53,PASS,Visible usable person instance (pedestrian/firefighter/civilian); tight accurate bounding box.,ANTIGRAVITY_VISUAL_QA,2026-09-26T03:00:00+07:00,"(0.19883130, 0.89828755, 0.07148374, 0.19712454)",None
232,CAND_002632,MEDIUM,train,WEB04419.jpg,person,0,0.534180,0.50,503.00,93.25,711.00,2.2426,person_train_2.24,PASS,Visible usable person instance (pedestrian/firefighter/civilian); tight accurate bounding box.,ANTIGRAVITY_VISUAL_QA,2026-09-26T03:00:00+07:00,"(0.03662109, 0.84305556, 0.07246094, 0.28888889)",None
233,CAND_002656,MEDIUM,train,WEB04227.jpg,person,0,0.531250,4.98,253.12,226.90,604.69,1.5842,person_train_1.58,PASS,Visible usable person instance (pedestrian/firefighter/civilian); tight accurate bounding box.,ANTIGRAVITY_VISUAL_QA,2026-09-26T03:00:00+07:00,"(0.15458667, 0.70082516, 0.29589333, 0.57446078)",None
234,CAND_002655,MEDIUM,train,WEB03965.jpg,person,0,0.531250,544.24,199.41,846.68,474.35,0.9091,person_train_0.91,REMOVE,Redundant multi-person group box spanning across two partial individuals.,ANTIGRAVITY_VISUAL_QA,2026-09-26T03:00:00+07:00,"(0.82011792, 0.70183333, 0.35665094, 0.57279167)",None
235,CAND_002670,MEDIUM,train,WEB09163.jpg,person,0,0.530273,90.27,123.43,328.83,391.16,1.1223,person_train_1.12,REMOVE,False positive person detection on dark billowing smoke plume (IoU=0.71 with GT smoke).,ANTIGRAVITY_VISUAL_QA,2026-09-26T03:00:00+07:00,"(0.26660305, 0.65137975, 0.30351145, 0.67779747)",None
236,CAND_002681,MEDIUM,train,AoF04553.jpg,person,0,0.528320,1197.97,178.60,1405.42,414.91,1.1391,person_train_1.14,PASS,Visible usable person instance (pedestrian/firefighter/civilian); tight accurate bounding box.,ANTIGRAVITY_VISUAL_QA,2026-09-26T03:00:00+07:00,"(0.69609358, 0.33046214, 0.11093583, 0.26315145)",None
237,CAND_002700,MEDIUM,train,WEB07458.jpg,person,0,0.525391,735.88,332.46,841.00,424.44,0.8750,person_train_0.88,PASS,Visible usable person instance (pedestrian/firefighter/civilian); tight accurate bounding box.,ANTIGRAVITY_VISUAL_QA,2026-09-26T03:00:00+07:00,"(0.93750297, 0.88629977, 0.12499405, 0.21540984)",None
238,CAND_002723,MEDIUM,train,WEB09249.jpg,person,0,0.521484,219.60,419.20,250.80,484.80,2.1026,person_train_2.10,PASS,Visible usable person instance (pedestrian/firefighter/civilian); tight accurate bounding box.,ANTIGRAVITY_VISUAL_QA,2026-09-26T03:00:00+07:00,"(0.22968750, 0.66275660, 0.03046875, 0.09618768)",None
239,CAND_002728,MEDIUM,val,WEB07131.jpg,person,0,0.520508,113.28,161.56,136.41,207.19,1.9728,person_val_1.97,PASS,Visible usable person instance (pedestrian/firefighter/civilian); tight accurate bounding box.,ANTIGRAVITY_VISUAL_QA,2026-09-26T03:00:00+07:00,"(0.15605625, 0.42482719, 0.02891250, 0.10513825)",None
240,CAND_002738,MEDIUM,train,WEB07220.jpg,person,0,0.519531,907.00,300.00,951.00,432.00,3.0000,person_train_3.00,PASS,Visible usable person instance (pedestrian/firefighter/civilian); tight accurate bounding box.,ANTIGRAVITY_VISUAL_QA,2026-09-26T03:00:00+07:00,"(0.72578125, 0.50833333, 0.03437500, 0.18333333)",None
241,CAND_002731,MEDIUM,test,WEB11460.jpg,person,0,0.519531,79.11,3.53,314.61,235.32,0.9842,person_test_0.98,REMOVE,False positive person detection on dark billowing smoke plume (IoU=0.84 with GT smoke).,ANTIGRAVITY_VISUAL_QA,2026-09-26T03:00:00+07:00,"(0.45781395, 0.49760417, 0.54767442, 0.96579167)",None
242,CAND_002759,MEDIUM,train,WEB03933.jpg,person,0,0.514648,211.50,302.00,276.50,457.00,2.3846,person_train_2.38,PASS,Visible usable person instance (pedestrian/firefighter/civilian); tight accurate bounding box.,ANTIGRAVITY_VISUAL_QA,2026-09-26T03:00:00+07:00,"(0.19062500, 0.52708333, 0.05078125, 0.21527778)",None
243,CAND_002769,MEDIUM,train,WEB08902.jpg,person,0,0.513672,219.25,182.50,235.75,280.50,5.9394,person_train_5.94,PASS,Visible usable person instance (pedestrian/firefighter/civilian); tight accurate bounding box.,ANTIGRAVITY_VISUAL_QA,2026-09-26T03:00:00+07:00,"(0.35546875, 0.64305556, 0.02578125, 0.27222222)",None
244,CAND_002780,MEDIUM,train,WEB07149.jpg,person,0,0.511719,490.00,480.00,544.00,586.00,1.9630,person_train_1.96,PASS,Visible usable person instance (pedestrian/firefighter/civilian); tight accurate bounding box.,ANTIGRAVITY_VISUAL_QA,2026-09-26T03:00:00+07:00,"(0.40390625, 0.74027778, 0.04218750, 0.14722222)",None
245,CAND_002779,MEDIUM,train,WEB06590.jpg,person,0,0.511719,182.31,434.70,194.91,467.78,2.6254,person_train_2.63,PASS,Visible usable person instance (pedestrian/firefighter/civilian); tight accurate bounding box.,ANTIGRAVITY_VISUAL_QA,2026-09-26T03:00:00+07:00,"(0.49896825, 0.89531746, 0.03333333, 0.06563492)",None
246,CAND_002776,MEDIUM,train,WEB03527.jpg,person,0,0.511719,639.28,386.18,661.83,444.61,2.5911,person_train_2.59,PASS,Visible usable person instance (pedestrian/firefighter/civilian); tight accurate bounding box.,ANTIGRAVITY_VISUAL_QA,2026-09-26T03:00:00+07:00,"(0.80019065, 0.69348080, 0.02773678, 0.09754591)",None
247,CAND_002783,MEDIUM,train,WEB08426.jpg,person,0,0.511719,617.00,229.50,640.00,357.50,5.5652,person_train_5.57,REMOVE,Unusable extreme frame edge truncation (aspect=5.57) showing only marginal body sliver.,ANTIGRAVITY_VISUAL_QA,2026-09-26T03:00:00+07:00,"(0.98203125, 0.81527778, 0.03593750, 0.35555556)",None
248,CAND_002787,MEDIUM,test,WEB11312.jpg,person,0,0.510742,0.00,500.34,66.61,550.87,0.7586,person_test_0.76,PASS,Visible usable person instance (pedestrian/firefighter/civilian); tight accurate bounding box.,ANTIGRAVITY_VISUAL_QA,2026-09-26T03:00:00+07:00,"(0.03398469, 0.95218297, 0.06796939, 0.09153986)",None
249,CAND_002795,MEDIUM,train,WEB07211.jpg,person,0,0.509766,948.00,278.00,1028.00,448.00,2.1250,person_train_2.12,PASS,Visible usable person instance (pedestrian/firefighter/civilian); tight accurate bounding box.,ANTIGRAVITY_VISUAL_QA,2026-09-26T03:00:00+07:00,"(0.77187500, 0.50416667, 0.06250000, 0.23611111)",None
250,CAND_002796,MEDIUM,val,WEB04709.jpg,person,0,0.509766,357.00,255.50,394.00,316.00,1.6351,person_val_1.64,PASS,Visible usable person instance (pedestrian/firefighter/civilian); tight accurate bounding box.,ANTIGRAVITY_VISUAL_QA,2026-09-26T03:00:00+07:00,"(0.58671875, 0.79375000, 0.05781250, 0.16805556)",None
251,CAND_002803,MEDIUM,train,WEB05949.jpg,person,0,0.508789,131.91,132.94,155.72,152.06,0.8030,person_train_0.80,PASS,Visible usable person instance (pedestrian/firefighter/civilian); tight accurate bounding box.,ANTIGRAVITY_VISUAL_QA,2026-09-26T03:00:00+07:00,"(0.29961458, 0.39583333, 0.04960417, 0.05311111)",None
252,CAND_002798,MEDIUM,train,WEB03178.jpg,person,0,0.508789,591.70,545.62,660.81,622.00,1.1052,person_train_1.11,PASS,Visible usable person instance (pedestrian/firefighter/civilian); tight accurate bounding box.,ANTIGRAVITY_VISUAL_QA,2026-09-26T03:00:00+07:00,"(0.80702964, 0.93860129, 0.08905928, 0.12279743)",None
253,CAND_002799,MEDIUM,train,WEB03376.jpg,person,0,0.508789,1153.45,477.18,1168.59,518.29,2.7153,person_train_2.72,PASS,Visible usable person instance (pedestrian/firefighter/civilian); tight accurate bounding box.,ANTIGRAVITY_VISUAL_QA,2026-09-26T03:00:00+07:00,"(0.83828159, 0.66899866, 0.01093141, 0.05525538)",None
254,CAND_002827,MEDIUM,train,WEB05660.jpg,person,0,0.505859,146.53,406.50,316.12,907.50,2.9542,person_train_2.95,REMOVE,False positive person detection on flame region (IoU=0.84 with GT fire).,ANTIGRAVITY_VISUAL_QA,2026-09-26T03:00:00+07:00,"(0.12048177, 0.60833333, 0.08832813, 0.46388889)",None
255,CAND_002838,MEDIUM,train,WEB03457.jpg,person,0,0.503906,251.83,375.53,317.45,412.77,0.5675,person_train_0.57,PASS,Visible usable person instance (pedestrian/firefighter/civilian); tight accurate bounding box.,ANTIGRAVITY_VISUAL_QA,2026-09-26T03:00:00+07:00,"(0.25078414, 0.56307143, 0.05781498, 0.05320000)",None
256,CAND_002837,MEDIUM,train,WEB02755.jpg,person,0,0.503906,893.58,648.60,923.48,691.78,1.4441,person_train_1.44,PASS,Visible usable person instance (pedestrian/firefighter/civilian); tight accurate bounding box.,ANTIGRAVITY_VISUAL_QA,2026-09-26T03:00:00+07:00,"(0.85468485, 0.96848266, 0.02812794, 0.06239884)",None
257,CAND_002844,MEDIUM,train,WEB06286.jpg,person,0,0.502930,108.50,422.00,158.25,480.00,1.1658,person_train_1.17,PASS,Visible usable person instance (pedestrian/firefighter/civilian); tight accurate bounding box.,ANTIGRAVITY_VISUAL_QA,2026-09-26T03:00:00+07:00,"(0.20839844, 0.93958333, 0.07773437, 0.12083333)",None
258,CAND_002871,MEDIUM,train,WEB06639.jpg,person,0,0.497070,78.60,187.20,93.80,227.20,2.6316,person_train_2.63,REMOVE,False positive person detection on dark billowing smoke plume (IoU=0.49 with GT smoke).,ANTIGRAVITY_VISUAL_QA,2026-09-26T03:00:00+07:00,"(0.08417969, 0.35972222, 0.01484375, 0.06944444)",None
259,CAND_002894,MEDIUM,train,WEB07935.jpg,person,0,0.495117,0.12,134.25,84.94,311.25,2.0868,person_train_2.09,PASS,Visible usable person instance (pedestrian/firefighter/civilian); tight accurate bounding box.,ANTIGRAVITY_VISUAL_QA,2026-09-26T03:00:00+07:00,"(0.06645312, 0.60529891, 0.13253125, 0.48097826)",None
260,CAND_002891,MEDIUM,train,WEB02918.jpg,person,0,0.495117,326.39,572.57,349.01,626.86,2.4001,person_train_2.40,PASS,Visible usable person instance (pedestrian/firefighter/civilian); tight accurate bounding box.,ANTIGRAVITY_VISUAL_QA,2026-09-26T03:00:00+07:00,"(0.32070275, 0.85429487, 0.02148148, 0.07733618)",None
261,CAND_002895,MEDIUM,train,WEB08753.jpg,person,0,0.495117,137.25,200.25,144.56,220.50,2.7702,person_train_2.77,PASS,Visible usable person instance (pedestrian/firefighter/civilian); tight accurate bounding box.,ANTIGRAVITY_VISUAL_QA,2026-09-26T03:00:00+07:00,"(0.69071078, 0.58437500, 0.03583333, 0.05625000)",None
262,CAND_002917,MEDIUM,train,WEB04609.jpg,person,0,0.491211,625.00,151.75,639.00,227.25,5.3929,person_train_5.39,PASS,Visible usable person instance (pedestrian/firefighter/civilian); tight accurate bounding box.,ANTIGRAVITY_VISUAL_QA,2026-09-26T03:00:00+07:00,"(0.98750000, 0.52638889, 0.02187500, 0.20972222)",None
263,CAND_002929,MEDIUM,train,WEB02755.jpg,person,0,0.489258,938.43,651.92,958.36,691.78,2.0000,person_train_2.00,REMOVE,"Unusable extreme frame edge truncation (aspect=2.00, w=0.019) showing marginal crowd edge sliver.",ANTIGRAVITY_VISUAL_QA,2026-09-26T03:00:00+07:00,"(0.89218721, 0.97088150, 0.01874882, 0.05760116)",None
264,CAND_002938,MEDIUM,train,WEB04252.jpg,person,0,0.488281,714.40,343.83,737.32,372.86,1.2666,person_train_1.27,PASS,Visible usable person instance (pedestrian/firefighter/civilian); tight accurate bounding box.,ANTIGRAVITY_VISUAL_QA,2026-09-26T03:00:00+07:00,"(0.74218814, 0.54960890, 0.02343558, 0.04452454)",None
265,CAND_002945,MEDIUM,train,WEB04922.jpg,person,0,0.487305,104.91,169.31,156.38,230.06,1.1803,person_train_1.18,PASS,Visible usable person instance (pedestrian/firefighter/civilian); tight accurate bounding box.,ANTIGRAVITY_VISUAL_QA,2026-09-26T03:00:00+07:00,"(0.64675743, 0.55468056, 0.25480198, 0.16875000)",None
266,CAND_002944,MEDIUM,train,WEB04022.jpg,person,0,0.487305,0.03,480.39,16.41,573.57,5.6886,person_train_5.69,REMOVE,Unusable extreme frame edge truncation (aspect=5.69) showing only marginal body sliver.,ANTIGRAVITY_VISUAL_QA,2026-09-26T03:00:00+07:00,"(0.00709845, 0.60642117, 0.01414508, 0.10722670)",None
267,CAND_002949,MEDIUM,test,WEB11039.jpg,person,0,0.486328,971.25,558.75,1031.25,672.19,1.8907,person_test_1.89,PASS,Visible usable person instance (pedestrian/firefighter/civilian); tight accurate bounding box.,ANTIGRAVITY_VISUAL_QA,2026-09-26T03:00:00+07:00,"(0.83437500, 0.91316024, 0.05000000, 0.16830861)",None
268,CAND_002960,MEDIUM,train,WEB04437.jpg,person,0,0.484375,421.80,195.60,514.20,271.20,0.8182,person_train_0.82,PASS,Visible usable person instance (pedestrian/firefighter/civilian); tight accurate bounding box.,ANTIGRAVITY_VISUAL_QA,2026-09-26T03:00:00+07:00,"(0.60937500, 0.49033613, 0.12031250, 0.15882353)",None
269,CAND_002968,MEDIUM,val,PublicDataset00923.jpg,person,0,0.483398,224.38,323.75,244.38,390.00,3.3125,person_val_3.31,PASS,Visible usable person instance (pedestrian/firefighter/civilian); tight accurate bounding box.,ANTIGRAVITY_VISUAL_QA,2026-09-26T03:00:00+07:00,"(0.29297500, 0.66955910, 0.02500000, 0.12429644)",None
270,CAND_002982,MEDIUM,train,WEB03702.jpg,person,0,0.481445,299.10,7.78,845.68,268.66,0.4773,person_train_0.48,REMOVE,False positive person detection on dark billowing smoke plume (IoU=0.82 with GT smoke).,ANTIGRAVITY_VISUAL_QA,2026-09-26T03:00:00+07:00,"(0.67578512, 0.36663130, 0.64531287, 0.69198939)",None
271,CAND_002995,MEDIUM,train,WEB09123.jpg,person,0,0.479492,870.75,495.84,899.77,581.31,2.9452,person_train_2.95,PASS,Visible usable person instance (pedestrian/firefighter/civilian); tight accurate bounding box.,ANTIGRAVITY_VISUAL_QA,2026-09-26T03:00:00+07:00,"(0.85781008, 0.69583333, 0.02812016, 0.11042636)",None
272,CAND_002994,MEDIUM,train,WEB08321.jpg,person,0,0.479492,0.25,159.25,145.12,259.75,0.6937,person_train_0.69,PASS,Visible usable person instance (pedestrian/firefighter/civilian); tight accurate bounding box.,ANTIGRAVITY_VISUAL_QA,2026-09-26T03:00:00+07:00,"(0.11357031, 0.58194444, 0.22635938, 0.27916667)",None
273,CAND_003004,MEDIUM,train,WEB08589.jpg,person,0,0.478516,361.75,192.00,473.25,356.00,1.4709,person_train_1.47,PASS,Visible usable person instance (pedestrian/firefighter/civilian); tight accurate bounding box.,ANTIGRAVITY_VISUAL_QA,2026-09-26T03:00:00+07:00,"(0.65234375, 0.76111111, 0.17421875, 0.45555556)",None
274,CAND_003005,MEDIUM,train,WEB08793.jpg,person,0,0.478516,133.75,24.50,303.25,327.50,1.7876,person_train_1.79,REMOVE,False positive person detection on dark billowing smoke plume (IoU=0.50 with GT smoke).,ANTIGRAVITY_VISUAL_QA,2026-09-26T03:00:00+07:00,"(0.34140625, 0.48888889, 0.26484375, 0.84166667)",None
275,CAND_003002,MEDIUM,train,WEB03967.jpg,person,0,0.478516,983.62,384.58,1032.00,576.47,3.9663,person_train_3.97,PASS,Visible usable person instance (pedestrian/firefighter/civilian); tight accurate bounding box.,ANTIGRAVITY_VISUAL_QA,2026-09-26T03:00:00+07:00,"(0.97656008, 0.82706540, 0.04687984, 0.33027539)",None
276,CAND_003037,MEDIUM,val,WEB08973.jpg,person,0,0.473633,0.42,73.05,124.88,359.44,2.3011,person_val_2.30,REMOVE,False positive person detection on dark billowing smoke plume (IoU=0.86 with GT smoke).,ANTIGRAVITY_VISUAL_QA,2026-09-26T03:00:00+07:00,"(0.31014851, 0.60068056, 0.61613861, 0.79552778)",None
277,CAND_003066,MEDIUM,test,WEB11434.jpg,person,0,0.467773,0.31,330.00,156.25,761.25,2.7655,person_test_2.77,PASS,Visible usable person instance (pedestrian/firefighter/civilian); tight accurate bounding box.,ANTIGRAVITY_VISUAL_QA,2026-09-26T03:00:00+07:00,"(0.17395556, 0.68203125, 0.34653333, 0.53906250)",None
278,CAND_003079,MEDIUM,train,WEB08381.jpg,person,0,0.466797,326.48,126.33,350.00,198.52,3.0693,person_train_3.07,PASS,Visible usable person instance (pedestrian/firefighter/civilian); tight accurate bounding box.,ANTIGRAVITY_VISUAL_QA,2026-09-26T03:00:00+07:00,"(0.96640000, 0.81212500, 0.06720000, 0.36095000)",None
279,CAND_003074,MEDIUM,train,WEB02755.jpg,person,0,0.466797,18.79,623.68,49.26,692.00,2.2422,person_train_2.24,PASS,Visible usable person instance (pedestrian/firefighter/civilian); tight accurate bounding box.,ANTIGRAVITY_VISUAL_QA,2026-09-26T03:00:00+07:00,"(0.03200847, 0.95063584, 0.02866416, 0.09872832)",None
280,CAND_003073,MEDIUM,train,WEB02244.jpg,person,0,0.466797,140.30,57.55,169.41,114.67,1.9622,person_train_1.96,PASS,Visible usable person instance (pedestrian/firefighter/civilian); tight accurate bounding box.,ANTIGRAVITY_VISUAL_QA,2026-09-26T03:00:00+07:00,"(0.55703237, 0.47574586, 0.10471223, 0.31558011)",None
281,CAND_003085,MEDIUM,train,WEB03362.jpg,person,0,0.465820,124.82,599.33,169.89,634.00,0.7692,person_train_0.77,REMOVE,Unusable extreme frame edge truncation (aspect=0.33) showing only face/scalp sliver at boundary.,ANTIGRAVITY_VISUAL_QA,2026-09-26T03:00:00+07:00,"(0.31621245, 0.97265773, 0.09671674, 0.05468454)",None
282,CAND_003093,MEDIUM,train,WEB06028.jpg,person,0,0.464844,43.03,359.60,124.51,455.19,1.1732,person_train_1.17,PASS,Visible usable person instance (pedestrian/firefighter/civilian); tight accurate bounding box.,ANTIGRAVITY_VISUAL_QA,2026-09-26T03:00:00+07:00,"(0.13212934, 0.85767368, 0.12851735, 0.20124211)",None
283,CAND_003091,MEDIUM,train,WEB02877.jpg,person,0,0.464844,423.52,571.73,444.62,601.70,1.4204,person_train_1.42,PASS,Visible usable person instance (pedestrian/firefighter/civilian); tight accurate bounding box.,ANTIGRAVITY_VISUAL_QA,2026-09-26T03:00:00+07:00,"(0.30546798, 0.78753691, 0.01484870, 0.04022819)",None
284,CAND_003095,MEDIUM,train,WEB08982.jpg,person,0,0.464844,111.66,0.98,201.66,185.34,2.0484,person_train_2.05,REMOVE,False positive person detection on dark billowing smoke plume (IoU=0.64 with GT smoke).,ANTIGRAVITY_VISUAL_QA,2026-09-26T03:00:00+07:00,"(0.77554455, 0.25877778, 0.44554455, 0.51211111)",None
285,CAND_003106,MEDIUM,train,WEB08931.jpg,person,0,0.462891,92.25,12.94,201.38,158.34,1.3324,person_train_1.33,REMOVE,False positive person detection on dark billowing smoke plume (IoU=0.50 with GT smoke).,ANTIGRAVITY_VISUAL_QA,2026-09-26T03:00:00+07:00,"(0.72680693, 0.23788889, 0.54024752, 0.40388889)",None
286,CAND_003137,MEDIUM,train,WEB07943.jpg,person,0,0.458984,310.94,349.22,350.39,461.72,2.8517,person_train_2.85,PASS,Visible usable person instance (pedestrian/firefighter/civilian); tight accurate bounding box.,ANTIGRAVITY_VISUAL_QA,2026-09-26T03:00:00+07:00,"(0.33066500, 0.54062667, 0.03945000, 0.15000000)",None
287,CAND_003140,MEDIUM,train,WEB03965.jpg,person,0,0.458008,457.79,5.96,847.34,260.03,0.6522,person_train_0.65,PASS,Visible usable person instance (pedestrian/firefighter/civilian); tight accurate bounding box.,ANTIGRAVITY_VISUAL_QA,2026-09-26T03:00:00+07:00,"(0.76953420, 0.27707292, 0.45937500, 0.52931250)",None
288,CAND_003163,MEDIUM,train,WEB07602.jpg,person,0,0.455078,188.04,309.23,243.13,356.81,0.8637,person_train_0.86,PASS,Visible usable person instance (pedestrian/firefighter/civilian); tight accurate bounding box.,ANTIGRAVITY_VISUAL_QA,2026-09-26T03:00:00+07:00,"(0.33632605, 0.93022346, 0.08594384, 0.13290503)",None
289,CAND_003187,MEDIUM,train,WEB02755.jpg,person,0,0.450439,308.10,658.56,339.66,691.78,1.0526,person_train_1.05,PASS,Visible usable person instance (pedestrian/firefighter/civilian); tight accurate bounding box.,ANTIGRAVITY_VISUAL_QA,2026-09-26T03:00:00+07:00,"(0.30468485, 0.97567919, 0.02968956, 0.04800578)",None
290,CAND_003198,MEDIUM,test,WEB10431.jpg,person,0,0.449463,196.86,170.72,220.02,199.84,1.2573,person_test_1.26,PASS,Visible usable person instance (pedestrian/firefighter/civilian); tight accurate bounding box.,ANTIGRAVITY_VISUAL_QA,2026-09-26T03:00:00+07:00,"(0.24609209, 0.43088372, 0.02734357, 0.06772093)",None
291,CAND_003208,MEDIUM,test,WEB11392.jpg,person,0,0.448486,605.72,468.00,687.38,519.80,0.6343,person_test_0.63,PASS,Visible usable person instance (pedestrian/firefighter/civilian); tight accurate bounding box.,ANTIGRAVITY_VISUAL_QA,2026-09-26T03:00:00+07:00,"(0.82891026, 0.94980769, 0.10469231, 0.09961538)",None
292,CAND_003221,MEDIUM,train,WEB05538.jpg,person,0,0.446533,629.00,387.00,683.00,573.00,3.4444,person_train_3.44,PASS,Visible usable person instance (pedestrian/firefighter/civilian); tight accurate bounding box.,ANTIGRAVITY_VISUAL_QA,2026-09-26T03:00:00+07:00,"(0.51250000, 0.66666667, 0.04218750, 0.25833333)",None
293,CAND_003216,MEDIUM,train,PublicDataset00978.jpg,person,0,0.446533,289.84,184.54,304.57,197.48,0.8785,person_train_0.88,REMOVE,False positive person detection on ground rock/rubble debris in snow scene.,ANTIGRAVITY_VISUAL_QA,2026-09-26T03:00:00+07:00,"(0.64609783, 0.55365217, 0.03202174, 0.03750725)",None
294,CAND_003233,MEDIUM,train,WEB03470.jpg,person,0,0.444580,1102.99,685.34,1156.15,735.64,0.9462,person_train_0.95,PASS,Visible usable person instance (pedestrian/firefighter/civilian); tight accurate bounding box.,ANTIGRAVITY_VISUAL_QA,2026-09-26T03:00:00+07:00,"(0.92968724, 0.96402985, 0.04375309, 0.06824966)",None
295,CAND_003234,MEDIUM,train,WEB07165.jpg,person,0,0.444580,0.12,138.52,42.25,168.98,0.7230,person_train_0.72,PASS,Visible usable person instance (pedestrian/firefighter/civilian); tight accurate bounding box.,ANTIGRAVITY_VISUAL_QA,2026-09-26T03:00:00+07:00,"(0.07061667, 0.90976331, 0.14043333, 0.18023669)",None
296,CAND_003269,MEDIUM,val,WEB09331.jpg,person,0,0.439697,526.00,290.00,698.00,514.00,1.3023,person_val_1.30,PASS,Visible usable person instance (pedestrian/firefighter/civilian); tight accurate bounding box.,ANTIGRAVITY_VISUAL_QA,2026-09-26T03:00:00+07:00,"(0.47812500, 0.55833333, 0.13437500, 0.31111111)",None
297,CAND_003290,MEDIUM,val,WEB07997.jpg,person,0,0.435791,1001.60,366.40,1024.00,464.80,4.3929,person_val_4.39,PASS,Visible usable person instance (pedestrian/firefighter/civilian); tight accurate bounding box.,ANTIGRAVITY_VISUAL_QA,2026-09-26T03:00:00+07:00,"(0.98906250, 0.54114583, 0.02187500, 0.12812500)",None
298,CAND_003292,MEDIUM,train,WEB03998.jpg,person,0,0.435059,427.98,35.11,848.00,250.76,0.5134,person_train_0.51,REMOVE,Unusable extreme frame edge truncation (aspect=0.51) showing only marginal body sliver.,ANTIGRAVITY_VISUAL_QA,2026-09-26T03:00:00+07:00,"(0.75234670, 0.29778125, 0.49530660, 0.44927083)",None
299,CAND_003303,MEDIUM,train,WEB08985.jpg,person,0,0.433105,829.69,467.19,843.75,506.25,2.7781,person_train_2.78,PASS,Visible usable person instance (pedestrian/firefighter/civilian); tight accurate bounding box.,ANTIGRAVITY_VISUAL_QA,2026-09-26T03:00:00+07:00,"(0.83672000, 0.73301205, 0.01406000, 0.05882530)",None
300,CAND_003301,MEDIUM,train,WEB03193.jpg,person,0,0.433105,249.38,476.90,298.38,607.00,2.6551,person_train_2.66,PASS,Visible usable person instance (pedestrian/firefighter/civilian); tight accurate bounding box.,ANTIGRAVITY_VISUAL_QA,2026-09-26T03:00:00+07:00,"(0.34277847, 0.89283361, 0.06132666, 0.21433278)",None
301,CAND_003309,MEDIUM,train,WEB06028.jpg,person,0,0.432129,0.25,367.03,154.29,471.04,0.6752,person_train_0.68,PASS,Visible usable person instance (pedestrian/firefighter/civilian); tight accurate bounding box.,ANTIGRAVITY_VISUAL_QA,2026-09-26T03:00:00+07:00,"(0.12187697, 0.88217895, 0.24296530, 0.21896842)",None
302,CAND_003307,MEDIUM,train,WEB01618.jpg,person,0,0.432129,562.50,155.00,583.50,197.00,2.0000,person_train_2.00,PASS,Visible usable person instance (pedestrian/firefighter/civilian); tight accurate bounding box.,ANTIGRAVITY_VISUAL_QA,2026-09-26T03:00:00+07:00,"(0.89531250, 0.48888889, 0.03281250, 0.11666667)",None
303,CAND_003319,MEDIUM,train,WEB02516.jpg,person,0,0.430176,330.19,428.25,345.56,476.25,3.1230,person_train_3.12,PASS,Visible usable person instance (pedestrian/firefighter/civilian); tight accurate bounding box.,ANTIGRAVITY_VISUAL_QA,2026-09-26T03:00:00+07:00,"(0.35195312, 0.62812500, 0.01601042, 0.06666667)",None
304,CAND_003331,MEDIUM,train,WEB04247.jpg,person,0,0.428223,1.41,589.37,44.55,1030.39,10.2230,person_train_10.22,REMOVE,Unusable extreme frame edge truncation (aspect=10.22) showing only marginal arm/back sliver.,ANTIGRAVITY_VISUAL_QA,2026-09-26T03:00:00+07:00,"(0.03955250, 0.78476744, 0.07425129, 0.42734496)",None
305,CAND_003335,MEDIUM,val,WEB03980.jpg,person,0,0.428223,745.98,24.35,846.68,436.59,4.0937,person_val_4.09,REMOVE,Unusable vertical edge strip (aspect=4.09) showing disconnected hands with red nail polish.,ANTIGRAVITY_VISUAL_QA,2026-09-26T03:00:00+07:00,"(0.93906840, 0.48014583, 0.11875000, 0.85883333)",None
306,CAND_003347,MEDIUM,val,WEB08377.jpg,person,0,0.427246,356.40,133.20,382.80,189.20,2.1212,person_val_2.12,PASS,Visible usable person instance (pedestrian/firefighter/civilian); tight accurate bounding box.,ANTIGRAVITY_VISUAL_QA,2026-09-26T03:00:00+07:00,"(0.72187500, 0.52508143, 0.05156250, 0.18241042)",None
307,CAND_003369,MEDIUM,train,WEB06528.jpg,person,0,0.424316,125.85,245.03,139.20,283.69,2.8959,person_train_2.90,PASS,Visible usable person instance (pedestrian/firefighter/civilian); tight accurate bounding box.,ANTIGRAVITY_VISUAL_QA,2026-09-26T03:00:00+07:00,"(0.22500000, 0.59809955, 0.02266553, 0.08746606)",None
308,CAND_003363,MEDIUM,test,WEB10519.jpg,person,0,0.424316,851.00,273.00,989.00,465.00,1.3913,person_test_1.39,REMOVE,False positive person detection on torch/burner flame region (IoU=0.70 with GT fire).,ANTIGRAVITY_VISUAL_QA,2026-09-26T03:00:00+07:00,"(0.71875000, 0.51250000, 0.10781250, 0.26666667)",None
309,CAND_003376,MEDIUM,train,WEB01083.jpg,person,0,0.423340,530.50,229.00,543.50,274.00,3.4615,person_train_3.46,PASS,Visible usable person instance (pedestrian/firefighter/civilian); tight accurate bounding box.,ANTIGRAVITY_VISUAL_QA,2026-09-26T03:00:00+07:00,"(0.83906250, 0.69861111, 0.02031250, 0.12500000)",None
310,CAND_003379,MEDIUM,train,WEB08641.jpg,person,0,0.423340,122.75,199.50,157.25,299.50,2.8986,person_train_2.90,PASS,Visible usable person instance (pedestrian/firefighter/civilian); tight accurate bounding box.,ANTIGRAVITY_VISUAL_QA,2026-09-26T03:00:00+07:00,"(0.21875000, 0.69305556, 0.05390625, 0.27777778)",None
311,CAND_003375,MEDIUM,test,WEB11392.jpg,person,0,0.423340,605.72,431.44,621.56,511.88,5.0783,person_test_5.08,PASS,Visible usable person instance (pedestrian/firefighter/civilian); tight accurate bounding box.,ANTIGRAVITY_VISUAL_QA,2026-09-26T03:00:00+07:00,"(0.78671795, 0.90703846, 0.02030769, 0.15469231)",None
312,CAND_003403,MEDIUM,train,WEB07209.jpg,person,0,0.420654,611.00,244.00,681.00,368.00,1.7714,person_train_1.77,PASS,Visible usable person instance (pedestrian/firefighter/civilian); tight accurate bounding box.,ANTIGRAVITY_VISUAL_QA,2026-09-26T03:00:00+07:00,"(0.50468750, 0.42500000, 0.05468750, 0.17222222)",None
313,CAND_003409,MEDIUM,test,WEB10571.jpg,person,0,0.419678,652.26,435.38,685.31,512.77,2.3416,person_test_2.34,PASS,Visible usable person instance (pedestrian/firefighter/civilian); tight accurate bounding box.,ANTIGRAVITY_VISUAL_QA,2026-09-26T03:00:00+07:00,"(0.64804748, 0.61250000, 0.03202519, 0.09998708)",None
314,CAND_003408,MEDIUM,test,WEB10096.jpg,person,0,0.419678,78.94,360.00,102.31,410.00,2.1395,person_test_2.14,PASS,Visible usable person instance (pedestrian/firefighter/civilian); tight accurate bounding box.,ANTIGRAVITY_VISUAL_QA,2026-09-26T03:00:00+07:00,"(0.07080078, 0.53472222, 0.01825781, 0.06944444)",None
315,CAND_003419,MEDIUM,train,WEB02938.jpg,person,0,0.417725,0.05,289.50,20.69,321.00,1.5262,person_train_1.53,PASS,Visible usable person instance (pedestrian/firefighter/civilian); tight accurate bounding box.,ANTIGRAVITY_VISUAL_QA,2026-09-26T03:00:00+07:00,"(0.01620313, 0.85744382, 0.03225000, 0.08848315)",None
316,CAND_003425,MEDIUM,test,WEB11630.jpg,person,0,0.416748,103.11,110.21,418.57,287.54,0.5621,person_test_0.56,REMOVE,False positive person detection on dark billowing smoke plume (IoU=0.31 with GT smoke).,ANTIGRAVITY_VISUAL_QA,2026-09-26T03:00:00+07:00,"(0.41601276, 0.57312680, 0.50312600, 0.51103746)",None
317,CAND_003451,MEDIUM,train,WEB04037.jpg,person,0,0.414062,419.53,292.97,507.03,391.41,1.1250,person_train_1.13,REMOVE,False positive person detection on flame region (IoU=0.60 with GT fire).,ANTIGRAVITY_VISUAL_QA,2026-09-26T03:00:00+07:00,"(0.46328000, 0.51925645, 0.08750000, 0.14937785)",None
318,CAND_003455,MEDIUM,test,WEB10391.jpg,person,0,0.413086,209.60,284.80,216.80,307.20,3.1111,person_test_3.11,PASS,Visible usable person instance (pedestrian/firefighter/civilian); tight accurate bounding box.,ANTIGRAVITY_VISUAL_QA,2026-09-26T03:00:00+07:00,"(0.20820312, 0.43338214, 0.00703125, 0.03279649)",None
319,CAND_003477,MEDIUM,train,WEB03918.jpg,person,0,0.410156,298.79,6.29,846.01,446.19,0.8039,person_train_0.80,REMOVE,"Massive scene-level false detection covering entire street scene, house, and smoke.",ANTIGRAVITY_VISUAL_QA,2026-09-26T03:00:00+07:00,"(0.67500000, 0.47133333, 0.64530660, 0.91645833)",None
320,CAND_003481,MEDIUM,train,WEB04437.jpg,person,0,0.409180,132.38,375.60,236.10,409.80,0.3297,person_train_0.33,REMOVE,False positive person detection on flame region (IoU=0.79 with GT fire).,ANTIGRAVITY_VISUAL_QA,2026-09-26T03:00:00+07:00,"(0.23989583, 0.82500000, 0.13505208, 0.07184874)",None
321,CAND_003486,MEDIUM,train,WEB03976.jpg,person,0,0.408203,820.55,192.66,879.61,239.06,0.7856,person_train_0.79,PASS,Visible usable person instance (pedestrian/firefighter/civilian); tight accurate bounding box.,ANTIGRAVITY_VISUAL_QA,2026-09-26T03:00:00+07:00,"(0.94453333, 0.42660079, 0.06562222, 0.09169960)",None
322,CAND_003491,MEDIUM,train,AoF04542.jpg,person,0,0.407227,1159.76,185.74,1383.53,425.59,1.0719,person_train_1.07,PASS,Visible usable person instance (pedestrian/firefighter/civilian); tight accurate bounding box.,ANTIGRAVITY_VISUAL_QA,2026-09-26T03:00:00+07:00,"(0.67929754, 0.33333152, 0.11953526, 0.26155943)",None
323,CAND_003488,MEDIUM,test,WEB10021.jpg,person,0,0.407227,776.36,412.05,798.98,429.01,0.7498,person_test_0.75,REMOVE,False positive person detection on distant horizon tree silhouette at sunset.,ANTIGRAVITY_VISUAL_QA,2026-09-26T03:00:00+07:00,"(0.97968905, 0.69855482, 0.02813433, 0.02817276)",None
324,CAND_003499,MEDIUM,train,WEB07133.jpg,person,0,0.406494,15.75,653.00,213.25,718.00,0.3291,person_train_0.33,REMOVE,Unusable extreme frame edge truncation (aspect=0.33) showing only marginal body sliver.,ANTIGRAVITY_VISUAL_QA,2026-09-26T03:00:00+07:00,"(0.08945312, 0.95208333, 0.15429688, 0.09027778)",None
325,CAND_003514,MEDIUM,train,WEB07230.jpg,person,0,0.404541,536.50,207.50,590.50,342.50,2.5000,person_train_2.50,PASS,Visible usable person instance (pedestrian/firefighter/civilian); tight accurate bounding box.,ANTIGRAVITY_VISUAL_QA,2026-09-26T03:00:00+07:00,"(0.44023438, 0.38194444, 0.04218750, 0.18750000)",None
326,CAND_003533,MEDIUM,test,WEB10515.jpg,person,0,0.400635,0.50,88.00,259.25,710.00,2.4039,person_test_2.40,REMOVE,False positive person detection on flame region (IoU=0.79 with GT fire).,ANTIGRAVITY_VISUAL_QA,2026-09-26T03:00:00+07:00,"(0.10146484, 0.55416667, 0.20214844, 0.86388889)",None
